# Shade 8 - Wavefront OBJ Exporter

o gaslamp.obj

v 2.366394e-001 2.599614e+001 2.297030e-001
v 2.406169e-001 2.599612e+001 2.336804e-001
v 2.387562e-001 2.599612e+001 2.349161e-001
v 2.366394e-001 2.599613e+001 2.353280e-001
v 2.345227e-001 2.599613e+001 2.349161e-001
v 2.326620e-001 2.599614e+001 2.336804e-001
v 2.314263e-001 2.599615e+001 2.318197e-001
v 2.310145e-001 2.599615e+001 2.297030e-001
v 2.314264e-001 2.599616e+001 2.275863e-001
v 2.326620e-001 2.599616e+001 2.257255e-001
v 2.345228e-001 2.599616e+001 2.244899e-001
v 2.366395e-001 2.599615e+001 2.240780e-001
v 2.387562e-001 2.599615e+001 2.244899e-001
v 2.406169e-001 2.599614e+001 2.257255e-001
v 2.418526e-001 2.599613e+001 2.275863e-001
v 2.422644e-001 2.599613e+001 2.297029e-001
v 2.418526e-001 2.599612e+001 2.318197e-001
v 2.493673e-001 2.599609e+001 2.424309e-001
v 2.434128e-001 2.599609e+001 2.463849e-001
v 2.366394e-001 2.599610e+001 2.477030e-001
v 2.298660e-001 2.599612e+001 2.463850e-001
v 2.239115e-001 2.599614e+001 2.424309e-001
v 2.199575e-001 2.599616e+001 2.364765e-001
v 2.186395e-001 2.599618e+001 2.297030e-001
v 2.199575e-001 2.599619e+001 2.229296e-001
v 2.239116e-001 2.599619e+001 2.169751e-001
v 2.298661e-001 2.599619e+001 2.130210e-001
v 2.366395e-001 2.599618e+001 2.117030e-001
v 2.434129e-001 2.599616e+001 2.130210e-001
v 2.493674e-001 2.599614e+001 2.169751e-001
v 2.533214e-001 2.599612e+001 2.229295e-001
v 2.546394e-001 2.599610e+001 2.297029e-001
v 2.533214e-001 2.599609e+001 2.364763e-001
v 2.581177e-001 2.599605e+001 2.511812e-001
v 2.480695e-001 2.599606e+001 2.578537e-001
v 2.366394e-001 2.599607e+001 2.600780e-001
v 2.252093e-001 2.599611e+001 2.578538e-001
v 2.151611e-001 2.599614e+001 2.511813e-001
v 2.084886e-001 2.599618e+001 2.411332e-001
v 2.062645e-001 2.599621e+001 2.297030e-001
v 2.084887e-001 2.599623e+001 2.182729e-001
v 2.151612e-001 2.599623e+001 2.082247e-001
v 2.252094e-001 2.599623e+001 2.015522e-001
v 2.366395e-001 2.599621e+001 1.993281e-001
v 2.480696e-001 2.599618e+001 2.015522e-001
v 2.581179e-001 2.599614e+001 2.082246e-001
v 2.647903e-001 2.599611e+001 2.182728e-001
v 2.670144e-001 2.599607e+001 2.297029e-001
v 2.647902e-001 2.599606e+001 2.411330e-001
v 2.620952e-001 2.599603e+001 2.551587e-001
v 2.501862e-001 2.599604e+001 2.630669e-001
v 2.366394e-001 2.599606e+001 2.657030e-001
v 2.230926e-001 2.599610e+001 2.630669e-001
v 2.111836e-001 2.599614e+001 2.551588e-001
v 2.032755e-001 2.599618e+001 2.432499e-001
v 2.006395e-001 2.599622e+001 2.297031e-001
v 2.032756e-001 2.599624e+001 2.161563e-001
v 2.111837e-001 2.599625e+001 2.042473e-001
v 2.230927e-001 2.599624e+001 1.963391e-001
v 2.366396e-001 2.599622e+001 1.937031e-001
v 2.501863e-001 2.599618e+001 1.963391e-001
v 2.620953e-001 2.599614e+001 2.042471e-001
v 2.700034e-001 2.599610e+001 2.161561e-001
v 2.726394e-001 2.599606e+001 2.297029e-001
v 2.700033e-001 2.599604e+001 2.432497e-001
v 2.642257e-001 2.604192e+001 2.572892e-001
v 2.518257e-001 2.604170e+001 2.647064e-001
v 2.383301e-001 2.604242e+001 2.673936e-001
v 2.250189e-001 2.604362e+001 2.649933e-001
v 2.131723e-001 2.604489e+001 2.571475e-001
v 2.053267e-001 2.604616e+001 2.453010e-001
v 2.029264e-001 2.604737e+001 2.319899e-001
v 2.056136e-001 2.604808e+001 2.184943e-001
v 2.130308e-001 2.604786e+001 2.060943e-001
v 2.254308e-001 2.604808e+001 1.986772e-001
v 2.389264e-001 2.604737e+001 1.959899e-001
v 2.522375e-001 2.604616e+001 1.983902e-001
v 2.640840e-001 2.604489e+001 2.062359e-001
v 2.719298e-001 2.604362e+001 2.180825e-001
v 2.743301e-001 2.604242e+001 2.313937e-001
v 2.716428e-001 2.604170e+001 2.448892e-001
v 2.774333e-001 2.615091e+001 2.704968e-001
v 2.644155e-001 2.615063e+001 2.772962e-001
v 2.510830e-001 2.615291e+001 2.801465e-001
v 2.383406e-001 2.615675e+001 2.783149e-001
v 2.270934e-001 2.616114e+001 2.710687e-001
v 2.198475e-001 2.616554e+001 2.598218e-001
v 2.180160e-001 2.616937e+001 2.470796e-001
v 2.208665e-001 2.617165e+001 2.337471e-001
v 2.276659e-001 2.617137e+001 2.207294e-001
v 2.406836e-001 2.617165e+001 2.139300e-001
v 2.540160e-001 2.616937e+001 2.110796e-001
v 2.667583e-001 2.616554e+001 2.129111e-001
v 2.780052e-001 2.616114e+001 2.201570e-001
v 2.852514e-001 2.615675e+001 2.314041e-001
v 2.870830e-001 2.615291e+001 2.441465e-001
v 2.842326e-001 2.615063e+001 2.574790e-001
v 3.119417e-001 2.627999e+001 3.050053e-001
v 2.988958e-001 2.628020e+001 3.117764e-001
v 2.864187e-001 2.628469e+001 3.154823e-001
v 2.749376e-001 2.629181e+001 3.149119e-001
v 2.648794e-001 2.629989e+001 3.088547e-001
v 2.588226e-001 2.630797e+001 2.987970e-001
v 2.582526e-001 2.631509e+001 2.873161e-001
v 2.619585e-001 2.631959e+001 2.748392e-001
v 2.687297e-001 2.631979e+001 2.617932e-001
v 2.817757e-001 2.631959e+001 2.550220e-001
v 2.942526e-001 2.631509e+001 2.513161e-001
v 3.057334e-001 2.630797e+001 2.518862e-001
v 3.157912e-001 2.629989e+001 2.579429e-001
v 3.218484e-001 2.629181e+001 2.680011e-001
v 3.224187e-001 2.628469e+001 2.794822e-001
v 3.187129e-001 2.628020e+001 2.919593e-001
v 3.779754e-001 2.638613e+001 3.710389e-001
v 3.669622e-001 2.638848e+001 3.798428e-001
v 3.558583e-001 2.639492e+001 3.849218e-001
v 3.459349e-001 2.640446e+001 3.859092e-001
v 3.384629e-001 2.641614e+001 3.824381e-001
v 3.349922e-001 2.642782e+001 3.749665e-001
v 3.359798e-001 2.643736e+001 3.650433e-001
v 3.410589e-001 2.644380e+001 3.539395e-001
v 3.498629e-001 2.644616e+001 3.429264e-001
v 3.608760e-001 2.644380e+001 3.341224e-001
v 3.719798e-001 2.643736e+001 3.290433e-001
v 3.819030e-001 2.642782e+001 3.280557e-001
v 3.893745e-001 2.641614e+001 3.315264e-001
v 3.928457e-001 2.640446e+001 3.389984e-001
v 3.918583e-001 2.639492e+001 3.489219e-001
v 3.867793e-001 2.638848e+001 3.600257e-001
v 4.675790e-001 2.646875e+001 4.606426e-001
v 4.540481e-001 2.646906e+001 4.669288e-001
v 4.419587e-001 2.647457e+001 4.710222e-001
v 4.312490e-001 2.648329e+001 4.712234e-001
v 4.218573e-001 2.649320e+001 4.658324e-001
v 4.164668e-001 2.650312e+001 4.564412e-001
v 4.166682e-001 2.651184e+001 4.457318e-001
v 4.207619e-001 2.651735e+001 4.336426e-001
v 4.270482e-001 2.651766e+001 4.201117e-001
v 4.405790e-001 2.651735e+001 4.138254e-001
v 4.526682e-001 2.651184e+001 4.097318e-001
v 4.633777e-001 2.650312e+001 4.095303e-001
v 4.727689e-001 2.649320e+001 4.149208e-001
v 4.781599e-001 2.648329e+001 4.243126e-001
v 4.779587e-001 2.647457e+001 4.350222e-001
v 4.738652e-001 2.646906e+001 4.471116e-001
v 5.332209e-001 2.651969e+001 5.262845e-001
v 5.197378e-001 2.652046e+001 5.326185e-001
v 5.080426e-001 2.652634e+001 5.371062e-001
v 4.981656e-001 2.653564e+001 5.381400e-001
v 4.901371e-001 2.654664e+001 5.341124e-001
v 4.861102e-001 2.655765e+001 5.260845e-001
v 4.871443e-001 2.656694e+001 5.162078e-001
v 4.916320e-001 2.657283e+001 5.045127e-001
v 4.979662e-001 2.657359e+001 4.910297e-001
v 5.114492e-001 2.657283e+001 4.846956e-001
v 5.231443e-001 2.656694e+001 4.802078e-001
v 5.330209e-001 2.655765e+001 4.791736e-001
v 5.410488e-001 2.654664e+001 4.832007e-001
v 5.450764e-001 2.653564e+001 4.912291e-001
v 5.440426e-001 2.652634e+001 5.011061e-001
v 5.395550e-001 2.652046e+001 5.128013e-001
v 5.924065e-001 2.654737e+001 5.854700e-001
v 5.800897e-001 2.654929e+001 5.929704e-001
v 5.701027e-001 2.655635e+001 5.991662e-001
v 5.623726e-001 2.656704e+001 6.023470e-001
v 5.568262e-001 2.657983e+001 6.008014e-001
v 5.552810e-001 2.659262e+001 5.952554e-001
v 5.584621e-001 2.660330e+001 5.875255e-001
v 5.646580e-001 2.661037e+001 5.775387e-001
v 5.721585e-001 2.661228e+001 5.652221e-001
v 5.844751e-001 2.661037e+001 5.577215e-001
v 5.944620e-001 2.660330e+001 5.515255e-001
v 6.021918e-001 2.659262e+001 5.483446e-001
v 6.077380e-001 2.657983e+001 5.498897e-001
v 6.092834e-001 2.656704e+001 5.554361e-001
v 6.061027e-001 2.655635e+001 5.631663e-001
v 5.999069e-001 2.654929e+001 5.731532e-001
v 6.626408e-001 2.656022e+001 6.557044e-001
v 6.525958e-001 2.656305e+001 6.654764e-001
v 6.441320e-001 2.657075e+001 6.731955e-001
v 6.381244e-001 2.658216e+001 6.780987e-001
v 6.354478e-001 2.659614e+001 6.794230e-001
v 6.367723e-001 2.661012e+001 6.767465e-001
v 6.416756e-001 2.662154e+001 6.707392e-001
v 6.493948e-001 2.662923e+001 6.622755e-001
v 6.591669e-001 2.663206e+001 6.522305e-001
v 6.692119e-001 2.662923e+001 6.424583e-001
v 6.776755e-001 2.662154e+001 6.347392e-001
v 6.836830e-001 2.661012e+001 6.298358e-001
v 6.863594e-001 2.659614e+001 6.285113e-001
v 6.850352e-001 2.658216e+001 6.311880e-001
v 6.801320e-001 2.657075e+001 6.371955e-001
v 6.724129e-001 2.656305e+001 6.456593e-001
v 8.457923e-001 2.658541e+001 8.388557e-001
v 8.352714e-001 2.658922e+001 8.481520e-001
v 8.259571e-001 2.659614e+001 8.550205e-001
v 8.187391e-001 2.660600e+001 8.587134e-001
v 8.145075e-001 2.661864e+001 8.584827e-001
v 8.142771e-001 2.663128e+001 8.542514e-001
v 8.179700e-001 2.664114e+001 8.470336e-001
v 8.248384e-001 2.664805e+001 8.377191e-001
v 8.341348e-001 2.665187e+001 8.271983e-001
v 8.446556e-001 2.664805e+001 8.179020e-001
v 8.539700e-001 2.664114e+001 8.110335e-001
v 8.611878e-001 2.663128e+001 8.073406e-001
v 8.654192e-001 2.661864e+001 8.075710e-001
v 8.656498e-001 2.660600e+001 8.118026e-001
v 8.619571e-001 2.659614e+001 8.190206e-001
v 8.550885e-001 2.658922e+001 8.283349e-001
v 1.032138e+000 2.665525e+001 1.025201e+000
v 1.020396e+000 2.666006e+001 1.033277e+000
v 1.009018e+000 2.666511e+001 1.038081e+000
v 9.989444e-001 2.667140e+001 1.038919e+000
v 9.911180e-001 2.667990e+001 1.035093e+000
v 9.872928e-001 2.668840e+001 1.027267e+000
v 9.881303e-001 2.669468e+001 1.017194e+000
v 9.929348e-001 2.669974e+001 1.005815e+000
v 1.001010e+000 2.670454e+001 9.940737e-001
v 1.012752e+000 2.669974e+001 9.859982e-001
v 1.024130e+000 2.669468e+001 9.811938e-001
v 1.034203e+000 2.668840e+001 9.803563e-001
v 1.042030e+000 2.667990e+001 9.841816e-001
v 1.045855e+000 2.667140e+001 9.920079e-001
v 1.045018e+000 2.666511e+001 1.002081e+000
v 1.040213e+000 2.666006e+001 1.013460e+000
v 1.155965e+000 2.680959e+001 1.149028e+000
v 1.143314e+000 2.681392e+001 1.156195e+000
v 1.130238e+000 2.681539e+001 1.159302e+000
v 1.117675e+000 2.681638e+001 1.157650e+000
v 1.106566e+000 2.681928e+001 1.150541e+000
v 1.099458e+000 2.682218e+001 1.139432e+000
v 1.097806e+000 2.682317e+001 1.126869e+000
v 1.100912e+000 2.682464e+001 1.113793e+000
v 1.108079e+000 2.682897e+001 1.101142e+000
v 1.120729e+000 2.682464e+001 1.093976e+000
v 1.133806e+000 2.682317e+001 1.090869e+000
v 1.146368e+000 2.682218e+001 1.092521e+000
v 1.157478e+000 2.681928e+001 1.099630e+000
v 1.164586e+000 2.681638e+001 1.110739e+000
v 1.166238e+000 2.681539e+001 1.123302e+000
v 1.163131e+000 2.681392e+001 1.136378e+000
v 1.151562e+000 2.708826e+001 1.144626e+000
v 1.139770e+000 2.708731e+001 1.152651e+000
v 1.126542e+000 2.708471e+001 1.155606e+000
v 1.113468e+000 2.708086e+001 1.153442e+000
v 1.102138e+000 2.707614e+001 1.146114e+000
v 1.094809e+000 2.707142e+001 1.134783e+000
v 1.092646e+000 2.706757e+001 1.121709e+000
v 1.095600e+000 2.706497e+001 1.108481e+000
v 1.103625e+000 2.706402e+001 1.096689e+000
v 1.115417e+000 2.706497e+001 1.088664e+000
v 1.128646e+000 2.706757e+001 1.085709e+000
v 1.141720e+000 2.707142e+001 1.087873e+000
v 1.153050e+000 2.707614e+001 1.095202e+000
v 1.160379e+000 2.708086e+001 1.106532e+000
v 1.162542e+000 2.708471e+001 1.119606e+000
v 1.159588e+000 2.708731e+001 1.132834e+000
v 1.015675e+000 2.728738e+001 1.008739e+000
v 1.005563e+000 2.728154e+001 1.018444e+000
v 9.942811e-001 2.727593e+001 1.023345e+000
v 9.837901e-001 2.726880e+001 1.023764e+000
v 9.760523e-001 2.725839e+001 1.020028e+000
v 9.723155e-001 2.724798e+001 1.012290e+000
v 9.727352e-001 2.724085e+001 1.001799e+000
v 9.776356e-001 2.723524e+001 9.905163e-001
v 9.873411e-001 2.722940e+001 9.804046e-001
v 9.974527e-001 2.723524e+001 9.706991e-001
v 1.008735e+000 2.724085e+001 9.657987e-001
v 1.019226e+000 2.724798e+001 9.653789e-001
v 1.026964e+000 2.725839e+001 9.691159e-001
v 1.030701e+000 2.726880e+001 9.768535e-001
v 1.030281e+000 2.727593e+001 9.873446e-001
v 1.025380e+000 2.728154e+001 9.986268e-001
v 8.327032e-001 2.727122e+001 8.257666e-001
v 8.234428e-001 2.726577e+001 8.363235e-001
v 8.150719e-001 2.725890e+001 8.441355e-001
v 8.088946e-001 2.724993e+001 8.488688e-001
v 8.062140e-001 2.723814e+001 8.501893e-001
v 8.075347e-001 2.722635e+001 8.475090e-001
v 8.122680e-001 2.721738e+001 8.413315e-001
v 8.200800e-001 2.721051e+001 8.329607e-001
v 8.306369e-001 2.720506e+001 8.237004e-001
v 8.398972e-001 2.721051e+001 8.131436e-001
v 8.482680e-001 2.721738e+001 8.053315e-001
v 8.544455e-001 2.722635e+001 8.005983e-001
v 8.571258e-001 2.723814e+001 7.992776e-001
v 8.558052e-001 2.724993e+001 8.019580e-001
v 8.510720e-001 2.725890e+001 8.081355e-001
v 8.432599e-001 2.726577e+001 8.165064e-001
v 6.720350e-001 2.716772e+001 6.650986e-001
v 6.632534e-001 2.716410e+001 6.761341e-001
v 6.573564e-001 2.715770e+001 6.864199e-001
v 6.550545e-001 2.714860e+001 6.950288e-001
v 6.570586e-001 2.713689e+001 7.010339e-001
v 6.630641e-001 2.712518e+001 7.030385e-001
v 6.716731e-001 2.711608e+001 7.007366e-001
v 6.819588e-001 2.710967e+001 6.948395e-001
v 6.929942e-001 2.710606e+001 6.860577e-001
v 7.017759e-001 2.710967e+001 6.750223e-001
v 7.076731e-001 2.711608e+001 6.647367e-001
v 7.099749e-001 2.712518e+001 6.561277e-001
v 7.079704e-001 2.713689e+001 6.501222e-001
v 7.019653e-001 2.714860e+001 6.481180e-001
v 6.933563e-001 2.715770e+001 6.504199e-001
v 6.830706e-001 2.716410e+001 6.563170e-001
v 6.030595e-001 2.710479e+001 5.961230e-001
v 5.943626e-001 2.710254e+001 6.072432e-001
v 5.895754e-001 2.709640e+001 6.186388e-001
v 5.890207e-001 2.708729e+001 6.289949e-001
v 5.930214e-001 2.707614e+001 6.369966e-001
v 6.010233e-001 2.706499e+001 6.409977e-001
v 6.113796e-001 2.705588e+001 6.404430e-001
v 6.227751e-001 2.704975e+001 6.356558e-001
v 6.338953e-001 2.704749e+001 6.269588e-001
v 6.425922e-001 2.704975e+001 6.158386e-001
v 6.473795e-001 2.705588e+001 6.044430e-001
v 6.479341e-001 2.706499e+001 5.940869e-001
v 6.439330e-001 2.707614e+001 5.860848e-001
v 6.359314e-001 2.708729e+001 5.820842e-001
v 6.255754e-001 2.709640e+001 5.826388e-001
v 6.141797e-001 2.710254e+001 5.874261e-001
v 6.054685e-001 2.710031e+001 5.985320e-001
v 5.981305e-001 2.709841e+001 6.079147e-001
v 5.940912e-001 2.709323e+001 6.175298e-001
v 5.936232e-001 2.708555e+001 6.262677e-001
v 5.969988e-001 2.707614e+001 6.330191e-001
v 6.037505e-001 2.706673e+001 6.363950e-001
v 6.124886e-001 2.705905e+001 6.359271e-001
v 6.221037e-001 2.705387e+001 6.318878e-001
v 6.314862e-001 2.705197e+001 6.245497e-001
v 6.388242e-001 2.705387e+001 6.151671e-001
v 6.428636e-001 2.705905e+001 6.055521e-001
v 6.433315e-001 2.706673e+001 5.968140e-001
v 6.399555e-001 2.707614e+001 5.900623e-001
v 6.332043e-001 2.708555e+001 5.866867e-001
v 6.244662e-001 2.709323e+001 5.871547e-001
v 6.148512e-001 2.709841e+001 5.911940e-001
v 6.107683e-001 2.709046e+001 6.038319e-001
v 6.064198e-001 2.708934e+001 6.093920e-001
v 6.040263e-001 2.708627e+001 6.150898e-001
v 6.037489e-001 2.708172e+001 6.202679e-001
v 6.057493e-001 2.707614e+001 6.242687e-001
v 6.097503e-001 2.707057e+001 6.262692e-001
v 6.149284e-001 2.706601e+001 6.259919e-001
v 6.206262e-001 2.706294e+001 6.235983e-001
v 6.261863e-001 2.706182e+001 6.192498e-001
v 6.305347e-001 2.706294e+001 6.136897e-001
v 6.329284e-001 2.706601e+001 6.079919e-001
v 6.332057e-001 2.707057e+001 6.028138e-001
v 6.312051e-001 2.707614e+001 5.988128e-001
v 6.272044e-001 2.708172e+001 5.968125e-001
v 6.220263e-001 2.708627e+001 5.970898e-001
v 6.163285e-001 2.708934e+001 5.994834e-001
v 6.160682e-001 2.708062e+001 6.091318e-001
v 6.147093e-001 2.708027e+001 6.108693e-001
v 6.139615e-001 2.707931e+001 6.126500e-001
v 6.138747e-001 2.707788e+001 6.142680e-001
v 6.144998e-001 2.707614e+001 6.155183e-001
v 6.157500e-001 2.707440e+001 6.161434e-001
v 6.173682e-001 2.707298e+001 6.160567e-001
v 6.191487e-001 2.707202e+001 6.153088e-001
v 6.208864e-001 2.707166e+001 6.139498e-001
v 6.222453e-001 2.707202e+001 6.122122e-001
v 6.229932e-001 2.707298e+001 6.104317e-001
v 6.230798e-001 2.707440e+001 6.088136e-001
v 6.224548e-001 2.707614e+001 6.075633e-001
v 6.212045e-001 2.707788e+001 6.069382e-001
v 6.195865e-001 2.707931e+001 6.070250e-001
v 6.178058e-001 2.708027e+001 6.077728e-001
v 6.184772e-001 2.707614e+001 6.115408e-001
v 2.297029e-001 2.599614e+001 -2.366395e-001
v 2.336804e-001 2.599612e+001 -2.406169e-001
v 2.349161e-001 2.599612e+001 -2.387562e-001
v 2.353279e-001 2.599613e+001 -2.366394e-001
v 2.349161e-001 2.599613e+001 -2.345228e-001
v 2.336804e-001 2.599614e+001 -2.326620e-001
v 2.318197e-001 2.599615e+001 -2.314263e-001
v 2.297030e-001 2.599615e+001 -2.310145e-001
v 2.275863e-001 2.599616e+001 -2.314264e-001
v 2.257255e-001 2.599616e+001 -2.326620e-001
v 2.244899e-001 2.599616e+001 -2.345228e-001
v 2.240780e-001 2.599615e+001 -2.366395e-001
v 2.244898e-001 2.599615e+001 -2.387562e-001
v 2.257255e-001 2.599614e+001 -2.406169e-001
v 2.275863e-001 2.599613e+001 -2.418526e-001
v 2.297029e-001 2.599613e+001 -2.422644e-001
v 2.318197e-001 2.599612e+001 -2.418526e-001
v 2.424309e-001 2.599609e+001 -2.493673e-001
v 2.463849e-001 2.599609e+001 -2.434128e-001
v 2.477029e-001 2.599610e+001 -2.366394e-001
v 2.463849e-001 2.599612e+001 -2.298660e-001
v 2.424309e-001 2.599614e+001 -2.239115e-001
v 2.364764e-001 2.599616e+001 -2.199575e-001
v 2.297030e-001 2.599618e+001 -2.186395e-001
v 2.229296e-001 2.599619e+001 -2.199575e-001
v 2.169751e-001 2.599619e+001 -2.239116e-001
v 2.130210e-001 2.599619e+001 -2.298661e-001
v 2.117030e-001 2.599618e+001 -2.366395e-001
v 2.130210e-001 2.599616e+001 -2.434129e-001
v 2.169750e-001 2.599614e+001 -2.493674e-001
v 2.229295e-001 2.599612e+001 -2.533214e-001
v 2.297029e-001 2.599610e+001 -2.546394e-001
v 2.364763e-001 2.599609e+001 -2.533214e-001
v 2.511812e-001 2.599605e+001 -2.581177e-001
v 2.578537e-001 2.599606e+001 -2.480695e-001
v 2.600780e-001 2.599607e+001 -2.366394e-001
v 2.578538e-001 2.599611e+001 -2.252093e-001
v 2.511813e-001 2.599614e+001 -2.151611e-001
v 2.411331e-001 2.599618e+001 -2.084886e-001
v 2.297030e-001 2.599621e+001 -2.062645e-001
v 2.182729e-001 2.599623e+001 -2.084887e-001
v 2.082247e-001 2.599623e+001 -2.151612e-001
v 2.015522e-001 2.599623e+001 -2.252094e-001
v 1.993280e-001 2.599621e+001 -2.366395e-001
v 2.015521e-001 2.599618e+001 -2.480696e-001
v 2.082246e-001 2.599614e+001 -2.581179e-001
v 2.182728e-001 2.599611e+001 -2.647903e-001
v 2.297029e-001 2.599607e+001 -2.670144e-001
v 2.411330e-001 2.599606e+001 -2.647902e-001
v 2.551587e-001 2.599603e+001 -2.620952e-001
v 2.630669e-001 2.599604e+001 -2.501862e-001
v 2.657030e-001 2.599606e+001 -2.366394e-001
v 2.630669e-001 2.599610e+001 -2.230926e-001
v 2.551588e-001 2.599614e+001 -2.111836e-001
v 2.432498e-001 2.599618e+001 -2.032755e-001
v 2.297031e-001 2.599622e+001 -2.006396e-001
v 2.161563e-001 2.599624e+001 -2.032756e-001
v 2.042472e-001 2.599625e+001 -2.111837e-001
v 1.963391e-001 2.599624e+001 -2.230928e-001
v 1.937031e-001 2.599622e+001 -2.366396e-001
v 1.963391e-001 2.599618e+001 -2.501863e-001
v 2.042471e-001 2.599614e+001 -2.620953e-001
v 2.161561e-001 2.599610e+001 -2.700034e-001
v 2.297029e-001 2.599606e+001 -2.726394e-001
v 2.432497e-001 2.599604e+001 -2.700033e-001
v 2.572892e-001 2.604192e+001 -2.642257e-001
v 2.647064e-001 2.604170e+001 -2.518257e-001
v 2.673936e-001 2.604242e+001 -2.383301e-001
v 2.649933e-001 2.604362e+001 -2.250190e-001
v 2.571475e-001 2.604489e+001 -2.131723e-001
v 2.453010e-001 2.604616e+001 -2.053267e-001
v 2.319899e-001 2.604737e+001 -2.029264e-001
v 2.184943e-001 2.604808e+001 -2.056137e-001
v 2.060943e-001 2.604786e+001 -2.130308e-001
v 1.986772e-001 2.604808e+001 -2.254308e-001
v 1.959899e-001 2.604737e+001 -2.389264e-001
v 1.983902e-001 2.604616e+001 -2.522375e-001
v 2.062358e-001 2.604489e+001 -2.640840e-001
v 2.180825e-001 2.604362e+001 -2.719298e-001
v 2.313936e-001 2.604242e+001 -2.743301e-001
v 2.448892e-001 2.604170e+001 -2.716428e-001
v 2.704968e-001 2.615091e+001 -2.774333e-001
v 2.772962e-001 2.615063e+001 -2.644155e-001
v 2.801465e-001 2.615291e+001 -2.510830e-001
v 2.783149e-001 2.615675e+001 -2.383406e-001
v 2.710687e-001 2.616114e+001 -2.270934e-001
v 2.598218e-001 2.616554e+001 -2.198475e-001
v 2.470796e-001 2.616937e+001 -2.180161e-001
v 2.337471e-001 2.617165e+001 -2.208665e-001
v 2.207294e-001 2.617137e+001 -2.276659e-001
v 2.139300e-001 2.617165e+001 -2.406836e-001
v 2.110796e-001 2.616937e+001 -2.540160e-001
v 2.129111e-001 2.616554e+001 -2.667583e-001
v 2.201569e-001 2.616114e+001 -2.780052e-001
v 2.314041e-001 2.615675e+001 -2.852514e-001
v 2.441465e-001 2.615291e+001 -2.870830e-001
v 2.574790e-001 2.615063e+001 -2.842326e-001
v 3.050053e-001 2.627999e+001 -3.119417e-001
v 3.117764e-001 2.628020e+001 -2.988958e-001
v 3.154823e-001 2.628469e+001 -2.864187e-001
v 3.149119e-001 2.629181e+001 -2.749376e-001
v 3.088547e-001 2.629989e+001 -2.648794e-001
v 2.987970e-001 2.630797e+001 -2.588226e-001
v 2.873161e-001 2.631509e+001 -2.582526e-001
v 2.748392e-001 2.631959e+001 -2.619585e-001
v 2.617932e-001 2.631979e+001 -2.687297e-001
v 2.550220e-001 2.631959e+001 -2.817757e-001
v 2.513161e-001 2.631509e+001 -2.942526e-001
v 2.518862e-001 2.630797e+001 -3.057334e-001
v 2.579429e-001 2.629989e+001 -3.157912e-001
v 2.680011e-001 2.629181e+001 -3.218484e-001
v 2.794822e-001 2.628469e+001 -3.224187e-001
v 2.919593e-001 2.628020e+001 -3.187129e-001
v 3.710388e-001 2.638613e+001 -3.779754e-001
v 3.798428e-001 2.638848e+001 -3.669622e-001
v 3.849218e-001 2.639492e+001 -3.558584e-001
v 3.859092e-001 2.640446e+001 -3.459349e-001
v 3.824381e-001 2.641614e+001 -3.384629e-001
v 3.749665e-001 2.642782e+001 -3.349922e-001
v 3.650433e-001 2.643736e+001 -3.359798e-001
v 3.539395e-001 2.644380e+001 -3.410589e-001
v 3.429264e-001 2.644616e+001 -3.498629e-001
v 3.341224e-001 2.644380e+001 -3.608760e-001
v 3.290433e-001 2.643736e+001 -3.719798e-001
v 3.280557e-001 2.642782e+001 -3.819030e-001
v 3.315263e-001 2.641614e+001 -3.893745e-001
v 3.389984e-001 2.640446e+001 -3.928457e-001
v 3.489218e-001 2.639492e+001 -3.918583e-001
v 3.600257e-001 2.638848e+001 -3.867793e-001
v 4.606425e-001 2.646875e+001 -4.675790e-001
v 4.669287e-001 2.646906e+001 -4.540481e-001
v 4.710222e-001 2.647457e+001 -4.419588e-001
v 4.712233e-001 2.648329e+001 -4.312490e-001
v 4.658324e-001 2.649320e+001 -4.218573e-001
v 4.564412e-001 2.650312e+001 -4.164668e-001
v 4.457317e-001 2.651184e+001 -4.166682e-001
v 4.336425e-001 2.651735e+001 -4.207619e-001
v 4.201117e-001 2.651766e+001 -4.270482e-001
v 4.138254e-001 2.651735e+001 -4.405790e-001
v 4.097317e-001 2.651184e+001 -4.526682e-001
v 4.095303e-001 2.650312e+001 -4.633777e-001
v 4.149207e-001 2.649320e+001 -4.727690e-001
v 4.243125e-001 2.648329e+001 -4.781599e-001
v 4.350222e-001 2.647457e+001 -4.779588e-001
v 4.471116e-001 2.646906e+001 -4.738653e-001
v 5.262845e-001 2.651969e+001 -5.332209e-001
v 5.326185e-001 2.652046e+001 -5.197378e-001
v 5.371062e-001 2.652634e+001 -5.080426e-001
v 5.381400e-001 2.653564e+001 -4.981656e-001
v 5.341124e-001 2.654664e+001 -4.901372e-001
v 5.260845e-001 2.655765e+001 -4.861102e-001
v 5.162078e-001 2.656694e+001 -4.871443e-001
v 5.045127e-001 2.657283e+001 -4.916320e-001
v 4.910296e-001 2.657359e+001 -4.979662e-001
v 4.846955e-001 2.657283e+001 -5.114492e-001
v 4.802077e-001 2.656694e+001 -5.231443e-001
v 4.791736e-001 2.655765e+001 -5.330209e-001
v 4.832006e-001 2.654664e+001 -5.410488e-001
v 4.912291e-001 2.653564e+001 -5.450764e-001
v 5.011061e-001 2.652634e+001 -5.440426e-001
v 5.128013e-001 2.652046e+001 -5.395550e-001
v 5.854700e-001 2.654737e+001 -5.924065e-001
v 5.929704e-001 2.654929e+001 -5.800897e-001
v 5.991662e-001 2.655635e+001 -5.701027e-001
v 6.023470e-001 2.656704e+001 -5.623726e-001
v 6.008014e-001 2.657983e+001 -5.568262e-001
v 5.952554e-001 2.659262e+001 -5.552810e-001
v 5.875255e-001 2.660330e+001 -5.584621e-001
v 5.775387e-001 2.661037e+001 -5.646580e-001
v 5.652221e-001 2.661228e+001 -5.721585e-001
v 5.577215e-001 2.661037e+001 -5.844751e-001
v 5.515255e-001 2.660330e+001 -5.944620e-001
v 5.483446e-001 2.659262e+001 -6.021918e-001
v 5.498897e-001 2.657983e+001 -6.077380e-001
v 5.554361e-001 2.656704e+001 -6.092834e-001
v 5.631663e-001 2.655635e+001 -6.061027e-001
v 5.731532e-001 2.654929e+001 -5.999069e-001
v 6.557044e-001 2.656022e+001 -6.626408e-001
v 6.654764e-001 2.656305e+001 -6.525958e-001
v 6.731955e-001 2.657075e+001 -6.441320e-001
v 6.780987e-001 2.658216e+001 -6.381244e-001
v 6.794230e-001 2.659614e+001 -6.354478e-001
v 6.767465e-001 2.661012e+001 -6.367723e-001
v 6.707392e-001 2.662154e+001 -6.416756e-001
v 6.622755e-001 2.662923e+001 -6.493948e-001
v 6.522305e-001 2.663206e+001 -6.591669e-001
v 6.424583e-001 2.662923e+001 -6.692119e-001
v 6.347392e-001 2.662154e+001 -6.776755e-001
v 6.298358e-001 2.661012e+001 -6.836830e-001
v 6.285113e-001 2.659614e+001 -6.863594e-001
v 6.311880e-001 2.658216e+001 -6.850352e-001
v 6.371955e-001 2.657075e+001 -6.801320e-001
v 6.456593e-001 2.656305e+001 -6.724129e-001
v 8.388557e-001 2.658541e+001 -8.457924e-001
v 8.481520e-001 2.658922e+001 -8.352715e-001
v 8.550205e-001 2.659614e+001 -8.259571e-001
v 8.587133e-001 2.660600e+001 -8.187391e-001
v 8.584827e-001 2.661864e+001 -8.145075e-001
v 8.542513e-001 2.663128e+001 -8.142772e-001
v 8.470335e-001 2.664114e+001 -8.179701e-001
v 8.377191e-001 2.664805e+001 -8.248385e-001
v 8.271983e-001 2.665187e+001 -8.341349e-001
v 8.179020e-001 2.664805e+001 -8.446556e-001
v 8.110335e-001 2.664114e+001 -8.539701e-001
v 8.073406e-001 2.663128e+001 -8.611879e-001
v 8.075709e-001 2.661864e+001 -8.654193e-001
v 8.118025e-001 2.660600e+001 -8.656499e-001
v 8.190205e-001 2.659614e+001 -8.619571e-001
v 8.283348e-001 2.658922e+001 -8.550886e-001
v 1.025201e+000 2.665525e+001 -1.032138e+000
v 1.033277e+000 2.666006e+001 -1.020396e+000
v 1.038081e+000 2.666511e+001 -1.009018e+000
v 1.038919e+000 2.667140e+001 -9.989445e-001
v 1.035093e+000 2.667990e+001 -9.911180e-001
v 1.027267e+000 2.668840e+001 -9.872928e-001
v 1.017194e+000 2.669468e+001 -9.881303e-001
v 1.005815e+000 2.669974e+001 -9.929348e-001
v 9.940737e-001 2.670454e+001 -1.001010e+000
v 9.859982e-001 2.669974e+001 -1.012752e+000
v 9.811938e-001 2.669468e+001 -1.024130e+000
v 9.803562e-001 2.668840e+001 -1.034203e+000
v 9.841815e-001 2.667990e+001 -1.042030e+000
v 9.920079e-001 2.667140e+001 -1.045855e+000
v 1.002081e+000 2.666511e+001 -1.045018e+000
v 1.013460e+000 2.666006e+001 -1.040213e+000
v 1.149028e+000 2.680959e+001 -1.155965e+000
v 1.156195e+000 2.681392e+001 -1.143314e+000
v 1.159302e+000 2.681539e+001 -1.130238e+000
v 1.157650e+000 2.681638e+001 -1.117675e+000
v 1.150541e+000 2.681928e+001 -1.106566e+000
v 1.139432e+000 2.682218e+001 -1.099458e+000
v 1.126869e+000 2.682317e+001 -1.097806e+000
v 1.113793e+000 2.682464e+001 -1.100912e+000
v 1.101142e+000 2.682897e+001 -1.108079e+000
v 1.093976e+000 2.682464e+001 -1.120729e+000
v 1.090869e+000 2.682317e+001 -1.133806e+000
v 1.092521e+000 2.682218e+001 -1.146368e+000
v 1.099630e+000 2.681928e+001 -1.157478e+000
v 1.110739e+000 2.681638e+001 -1.164586e+000
v 1.123302e+000 2.681539e+001 -1.166238e+000
v 1.136378e+000 2.681392e+001 -1.163131e+000
v 1.144626e+000 2.708826e+001 -1.151562e+000
v 1.152651e+000 2.708731e+001 -1.139770e+000
v 1.155606e+000 2.708471e+001 -1.126542e+000
v 1.153442e+000 2.708086e+001 -1.113468e+000
v 1.146114e+000 2.707614e+001 -1.102138e+000
v 1.134783e+000 2.707142e+001 -1.094809e+000
v 1.121709e+000 2.706757e+001 -1.092646e+000
v 1.108481e+000 2.706497e+001 -1.095600e+000
v 1.096689e+000 2.706402e+001 -1.103625e+000
v 1.088664e+000 2.706497e+001 -1.115417e+000
v 1.085709e+000 2.706757e+001 -1.128646e+000
v 1.087873e+000 2.707142e+001 -1.141720e+000
v 1.095202e+000 2.707614e+001 -1.153050e+000
v 1.106532e+000 2.708086e+001 -1.160379e+000
v 1.119606e+000 2.708471e+001 -1.162542e+000
v 1.132834e+000 2.708731e+001 -1.159588e+000
v 1.008738e+000 2.728738e+001 -1.015675e+000
v 1.018444e+000 2.728154e+001 -1.005563e+000
v 1.023345e+000 2.727593e+001 -9.942811e-001
v 1.023764e+000 2.726880e+001 -9.837902e-001
v 1.020028e+000 2.725839e+001 -9.760523e-001
v 1.012290e+000 2.724798e+001 -9.723155e-001
v 1.001799e+000 2.724085e+001 -9.727352e-001
v 9.905162e-001 2.723524e+001 -9.776356e-001
v 9.804046e-001 2.722940e+001 -9.873412e-001
v 9.706991e-001 2.723524e+001 -9.974527e-001
v 9.657986e-001 2.724085e+001 -1.008735e+000
v 9.653789e-001 2.724798e+001 -1.019226e+000
v 9.691158e-001 2.725839e+001 -1.026964e+000
v 9.768535e-001 2.726880e+001 -1.030701e+000
v 9.873445e-001 2.727593e+001 -1.030281e+000
v 9.986267e-001 2.728154e+001 -1.025380e+000
v 8.257666e-001 2.727122e+001 -8.327032e-001
v 8.363234e-001 2.726577e+001 -8.234429e-001
v 8.441355e-001 2.725890e+001 -8.150720e-001
v 8.488687e-001 2.724993e+001 -8.088946e-001
v 8.501892e-001 2.723814e+001 -8.062141e-001
v 8.475089e-001 2.722635e+001 -8.075348e-001
v 8.413315e-001 2.721738e+001 -8.122680e-001
v 8.329606e-001 2.721051e+001 -8.200800e-001
v 8.237003e-001 2.720506e+001 -8.306369e-001
v 8.131435e-001 2.721051e+001 -8.398972e-001
v 8.053315e-001 2.721738e+001 -8.482680e-001
v 8.005982e-001 2.722635e+001 -8.544455e-001
v 7.992775e-001 2.723814e+001 -8.571258e-001
v 8.019580e-001 2.724993e+001 -8.558053e-001
v 8.081354e-001 2.725890e+001 -8.510720e-001
v 8.165063e-001 2.726577e+001 -8.432600e-001
v 6.650986e-001 2.716772e+001 -6.720350e-001
v 6.761341e-001 2.716410e+001 -6.632534e-001
v 6.864199e-001 2.715770e+001 -6.573564e-001
v 6.950288e-001 2.714860e+001 -6.550545e-001
v 7.010339e-001 2.713689e+001 -6.570587e-001
v 7.030385e-001 2.712518e+001 -6.630642e-001
v 7.007366e-001 2.711608e+001 -6.716732e-001
v 6.948395e-001 2.710967e+001 -6.819588e-001
v 6.860577e-001 2.710606e+001 -6.929942e-001
v 6.750222e-001 2.710967e+001 -7.017759e-001
v 6.647366e-001 2.711608e+001 -7.076731e-001
v 6.561276e-001 2.712518e+001 -7.099749e-001
v 6.501222e-001 2.713689e+001 -7.079704e-001
v 6.481180e-001 2.714860e+001 -7.019653e-001
v 6.504199e-001 2.715770e+001 -6.933563e-001
v 6.563170e-001 2.716410e+001 -6.830706e-001
v 5.961230e-001 2.710479e+001 -6.030595e-001
v 6.072432e-001 2.710254e+001 -5.943626e-001
v 6.186388e-001 2.709640e+001 -5.895754e-001
v 6.289949e-001 2.708729e+001 -5.890207e-001
v 6.369966e-001 2.707614e+001 -5.930214e-001
v 6.409977e-001 2.706499e+001 -6.010233e-001
v 6.404430e-001 2.705588e+001 -6.113796e-001
v 6.356558e-001 2.704975e+001 -6.227751e-001
v 6.269588e-001 2.704749e+001 -6.338953e-001
v 6.158386e-001 2.704975e+001 -6.425922e-001
v 6.044430e-001 2.705588e+001 -6.473795e-001
v 5.940869e-001 2.706499e+001 -6.479341e-001
v 5.860848e-001 2.707614e+001 -6.439330e-001
v 5.820842e-001 2.708729e+001 -6.359314e-001
v 5.826388e-001 2.709640e+001 -6.255754e-001
v 5.874261e-001 2.710254e+001 -6.141797e-001
v 5.985320e-001 2.710031e+001 -6.054685e-001
v 6.079147e-001 2.709841e+001 -5.981305e-001
v 6.175298e-001 2.709323e+001 -5.940912e-001
v 6.262677e-001 2.708555e+001 -5.936232e-001
v 6.330191e-001 2.707614e+001 -5.969988e-001
v 6.363950e-001 2.706673e+001 -6.037505e-001
v 6.359271e-001 2.705905e+001 -6.124886e-001
v 6.318878e-001 2.705387e+001 -6.221037e-001
v 6.245497e-001 2.705197e+001 -6.314862e-001
v 6.151671e-001 2.705387e+001 -6.388242e-001
v 6.055521e-001 2.705905e+001 -6.428636e-001
v 5.968140e-001 2.706673e+001 -6.433315e-001
v 5.900623e-001 2.707614e+001 -6.399555e-001
v 5.866867e-001 2.708555e+001 -6.332043e-001
v 5.871547e-001 2.709323e+001 -6.244662e-001
v 5.911940e-001 2.709841e+001 -6.148512e-001
v 6.038319e-001 2.709046e+001 -6.107683e-001
v 6.093920e-001 2.708934e+001 -6.064198e-001
v 6.150898e-001 2.708627e+001 -6.040263e-001
v 6.202679e-001 2.708172e+001 -6.037489e-001
v 6.242687e-001 2.707614e+001 -6.057493e-001
v 6.262692e-001 2.707057e+001 -6.097503e-001
v 6.259919e-001 2.706601e+001 -6.149284e-001
v 6.235983e-001 2.706294e+001 -6.206262e-001
v 6.192498e-001 2.706182e+001 -6.261863e-001
v 6.136897e-001 2.706294e+001 -6.305347e-001
v 6.079919e-001 2.706601e+001 -6.329284e-001
v 6.028138e-001 2.707057e+001 -6.332057e-001
v 5.988128e-001 2.707614e+001 -6.312051e-001
v 5.968125e-001 2.708172e+001 -6.272044e-001
v 5.970898e-001 2.708627e+001 -6.220263e-001
v 5.994834e-001 2.708934e+001 -6.163285e-001
v 6.091318e-001 2.708062e+001 -6.160682e-001
v 6.108693e-001 2.708027e+001 -6.147093e-001
v 6.126500e-001 2.707931e+001 -6.139615e-001
v 6.142680e-001 2.707788e+001 -6.138747e-001
v 6.155183e-001 2.707614e+001 -6.144998e-001
v 6.161434e-001 2.707440e+001 -6.157500e-001
v 6.160567e-001 2.707298e+001 -6.173682e-001
v 6.153088e-001 2.707202e+001 -6.191487e-001
v 6.139498e-001 2.707166e+001 -6.208864e-001
v 6.122122e-001 2.707202e+001 -6.222453e-001
v 6.104317e-001 2.707298e+001 -6.229932e-001
v 6.088136e-001 2.707440e+001 -6.230798e-001
v 6.075633e-001 2.707614e+001 -6.224548e-001
v 6.069382e-001 2.707788e+001 -6.212045e-001
v 6.070250e-001 2.707931e+001 -6.195865e-001
v 6.077728e-001 2.708027e+001 -6.178058e-001
v 6.115408e-001 2.707614e+001 -6.184772e-001
v -2.366395e-001 2.599614e+001 -2.297029e-001
v -2.406169e-001 2.599612e+001 -2.336804e-001
v -2.387562e-001 2.599612e+001 -2.349161e-001
v -2.366394e-001 2.599613e+001 -2.353279e-001
v -2.345228e-001 2.599613e+001 -2.349161e-001
v -2.326620e-001 2.599614e+001 -2.336804e-001
v -2.314263e-001 2.599615e+001 -2.318197e-001
v -2.310145e-001 2.599615e+001 -2.297030e-001
v -2.314264e-001 2.599616e+001 -2.275863e-001
v -2.326620e-001 2.599616e+001 -2.257255e-001
v -2.345228e-001 2.599616e+001 -2.244899e-001
v -2.366395e-001 2.599615e+001 -2.240780e-001
v -2.387562e-001 2.599615e+001 -2.244898e-001
v -2.406169e-001 2.599614e+001 -2.257255e-001
v -2.418526e-001 2.599613e+001 -2.275862e-001
v -2.422644e-001 2.599613e+001 -2.297029e-001
v -2.418526e-001 2.599612e+001 -2.318197e-001
v -2.493674e-001 2.599609e+001 -2.424308e-001
v -2.434129e-001 2.599609e+001 -2.463849e-001
v -2.366394e-001 2.599610e+001 -2.477029e-001
v -2.298660e-001 2.599612e+001 -2.463849e-001
v -2.239116e-001 2.599614e+001 -2.424309e-001
v -2.199575e-001 2.599616e+001 -2.364764e-001
v -2.186395e-001 2.599618e+001 -2.297030e-001
v -2.199575e-001 2.599619e+001 -2.229296e-001
v -2.239116e-001 2.599619e+001 -2.169751e-001
v -2.298661e-001 2.599619e+001 -2.130210e-001
v -2.366395e-001 2.599618e+001 -2.117030e-001
v -2.434129e-001 2.599616e+001 -2.130210e-001
v -2.493674e-001 2.599614e+001 -2.169750e-001
v -2.533214e-001 2.599612e+001 -2.229295e-001
v -2.546394e-001 2.599610e+001 -2.297029e-001
v -2.533214e-001 2.599609e+001 -2.364763e-001
v -2.581177e-001 2.599605e+001 -2.511812e-001
v -2.480695e-001 2.599606e+001 -2.578537e-001
v -2.366394e-001 2.599607e+001 -2.600780e-001
v -2.252093e-001 2.599611e+001 -2.578538e-001
v -2.151611e-001 2.599614e+001 -2.511813e-001
v -2.084887e-001 2.599618e+001 -2.411331e-001
v -2.062646e-001 2.599621e+001 -2.297030e-001
v -2.084887e-001 2.599623e+001 -2.182729e-001
v -2.151612e-001 2.599623e+001 -2.082247e-001
v -2.252094e-001 2.599623e+001 -2.015522e-001
v -2.366395e-001 2.599621e+001 -1.993280e-001
v -2.480697e-001 2.599618e+001 -2.015521e-001
v -2.581179e-001 2.599614e+001 -2.082246e-001
v -2.647903e-001 2.599611e+001 -2.182728e-001
v -2.670144e-001 2.599607e+001 -2.297029e-001
v -2.647902e-001 2.599606e+001 -2.411330e-001
v -2.620952e-001 2.599603e+001 -2.551587e-001
v -2.501862e-001 2.599604e+001 -2.630669e-001
v -2.366394e-001 2.599606e+001 -2.657030e-001
v -2.230926e-001 2.599610e+001 -2.630669e-001
v -2.111836e-001 2.599614e+001 -2.551588e-001
v -2.032756e-001 2.599618e+001 -2.432498e-001
v -2.006396e-001 2.599622e+001 -2.297031e-001
v -2.032757e-001 2.599624e+001 -2.161562e-001
v -2.111837e-001 2.599625e+001 -2.042472e-001
v -2.230928e-001 2.599624e+001 -1.963391e-001
v -2.366396e-001 2.599622e+001 -1.937031e-001
v -2.501864e-001 2.599618e+001 -1.963390e-001
v -2.620953e-001 2.599614e+001 -2.042471e-001
v -2.700034e-001 2.599610e+001 -2.161561e-001
v -2.726394e-001 2.599606e+001 -2.297029e-001
v -2.700033e-001 2.599604e+001 -2.432497e-001
v -2.642257e-001 2.604192e+001 -2.572892e-001
v -2.518257e-001 2.604170e+001 -2.647064e-001
v -2.383302e-001 2.604242e+001 -2.673936e-001
v -2.250190e-001 2.604362e+001 -2.649933e-001
v -2.131723e-001 2.604489e+001 -2.571475e-001
v -2.053267e-001 2.604616e+001 -2.453010e-001
v -2.029264e-001 2.604737e+001 -2.319899e-001
v -2.056137e-001 2.604808e+001 -2.184943e-001
v -2.130308e-001 2.604786e+001 -2.060943e-001
v -2.254308e-001 2.604808e+001 -1.986772e-001
v -2.389264e-001 2.604737e+001 -1.959899e-001
v -2.522375e-001 2.604616e+001 -1.983902e-001
v -2.640840e-001 2.604489e+001 -2.062358e-001
v -2.719298e-001 2.604362e+001 -2.180825e-001
v -2.743301e-001 2.604242e+001 -2.313936e-001
v -2.716428e-001 2.604170e+001 -2.448892e-001
v -2.774333e-001 2.615091e+001 -2.704968e-001
v -2.644155e-001 2.615063e+001 -2.772962e-001
v -2.510830e-001 2.615291e+001 -2.801465e-001
v -2.383406e-001 2.615675e+001 -2.783149e-001
v -2.270935e-001 2.616114e+001 -2.710687e-001
v -2.198476e-001 2.616554e+001 -2.598218e-001
v -2.180161e-001 2.616937e+001 -2.470795e-001
v -2.208665e-001 2.617165e+001 -2.337471e-001
v -2.276659e-001 2.617137e+001 -2.207294e-001
v -2.406836e-001 2.617165e+001 -2.139299e-001
v -2.540161e-001 2.616937e+001 -2.110795e-001
v -2.667583e-001 2.616554e+001 -2.129110e-001
v -2.780052e-001 2.616114e+001 -2.201569e-001
v -2.852514e-001 2.615675e+001 -2.314041e-001
v -2.870830e-001 2.615291e+001 -2.441465e-001
v -2.842326e-001 2.615063e+001 -2.574790e-001
v -3.119417e-001 2.627999e+001 -3.050053e-001
v -2.988958e-001 2.628020e+001 -3.117764e-001
v -2.864187e-001 2.628469e+001 -3.154823e-001
v -2.749376e-001 2.629181e+001 -3.149119e-001
v -2.648794e-001 2.629989e+001 -3.088547e-001
v -2.588226e-001 2.630797e+001 -2.987970e-001
v -2.582526e-001 2.631509e+001 -2.873161e-001
v -2.619585e-001 2.631959e+001 -2.748392e-001
v -2.687297e-001 2.631979e+001 -2.617932e-001
v -2.817757e-001 2.631959e+001 -2.550220e-001
v -2.942526e-001 2.631509e+001 -2.513161e-001
v -3.057334e-001 2.630797e+001 -2.518862e-001
v -3.157912e-001 2.629989e+001 -2.579429e-001
v -3.218484e-001 2.629181e+001 -2.680011e-001
v -3.224187e-001 2.628469e+001 -2.794822e-001
v -3.187129e-001 2.628020e+001 -2.919593e-001
v -3.779754e-001 2.638613e+001 -3.710388e-001
v -3.669622e-001 2.638848e+001 -3.798428e-001
v -3.558584e-001 2.639492e+001 -3.849218e-001
v -3.459350e-001 2.640446e+001 -3.859092e-001
v -3.384629e-001 2.641614e+001 -3.824381e-001
v -3.349922e-001 2.642782e+001 -3.749665e-001
v -3.359798e-001 2.643736e+001 -3.650433e-001
v -3.410589e-001 2.644380e+001 -3.539395e-001
v -3.498629e-001 2.644616e+001 -3.429264e-001
v -3.608760e-001 2.644380e+001 -3.341223e-001
v -3.719798e-001 2.643736e+001 -3.290432e-001
v -3.819030e-001 2.642782e+001 -3.280556e-001
v -3.893745e-001 2.641614e+001 -3.315263e-001
v -3.928457e-001 2.640446e+001 -3.389984e-001
v -3.918583e-001 2.639492e+001 -3.489218e-001
v -3.867794e-001 2.638848e+001 -3.600256e-001
v -4.675791e-001 2.646875e+001 -4.606425e-001
v -4.540482e-001 2.646906e+001 -4.669287e-001
v -4.419588e-001 2.647457e+001 -4.710222e-001
v -4.312491e-001 2.648329e+001 -4.712233e-001
v -4.218573e-001 2.649320e+001 -4.658324e-001
v -4.164669e-001 2.650312e+001 -4.564411e-001
v -4.166683e-001 2.651184e+001 -4.457317e-001
v -4.207619e-001 2.651735e+001 -4.336425e-001
v -4.270482e-001 2.651766e+001 -4.201116e-001
v -4.405791e-001 2.651735e+001 -4.138254e-001
v -4.526683e-001 2.651184e+001 -4.097317e-001
v -4.633777e-001 2.650312e+001 -4.095303e-001
v -4.727690e-001 2.649320e+001 -4.149207e-001
v -4.781599e-001 2.648329e+001 -4.243125e-001
v -4.779588e-001 2.647457e+001 -4.350222e-001
v -4.738653e-001 2.646906e+001 -4.471116e-001
v -5.332209e-001 2.651969e+001 -5.262845e-001
v -5.197378e-001 2.652046e+001 -5.326185e-001
v -5.080426e-001 2.652634e+001 -5.371062e-001
v -4.981656e-001 2.653564e+001 -5.381400e-001
v -4.901372e-001 2.654664e+001 -5.341124e-001
v -4.861102e-001 2.655765e+001 -5.260845e-001
v -4.871444e-001 2.656694e+001 -5.162078e-001
v -4.916321e-001 2.657283e+001 -5.045127e-001
v -4.979662e-001 2.657359e+001 -4.910296e-001
v -5.114492e-001 2.657283e+001 -4.846955e-001
v -5.231443e-001 2.656694e+001 -4.802077e-001
v -5.330209e-001 2.655765e+001 -4.791736e-001
v -5.410488e-001 2.654664e+001 -4.832006e-001
v -5.450764e-001 2.653564e+001 -4.912291e-001
v -5.440426e-001 2.652634e+001 -5.011061e-001
v -5.395550e-001 2.652046e+001 -5.128013e-001
v -5.924065e-001 2.654737e+001 -5.854700e-001
v -5.800897e-001 2.654929e+001 -5.929704e-001
v -5.701027e-001 2.655635e+001 -5.991662e-001
v -5.623726e-001 2.656704e+001 -6.023470e-001
v -5.568262e-001 2.657983e+001 -6.008014e-001
v -5.552810e-001 2.659262e+001 -5.952554e-001
v -5.584621e-001 2.660330e+001 -5.875255e-001
v -5.646580e-001 2.661037e+001 -5.775387e-001
v -5.721585e-001 2.661228e+001 -5.652221e-001
v -5.844751e-001 2.661037e+001 -5.577215e-001
v -5.944620e-001 2.660330e+001 -5.515255e-001
v -6.021918e-001 2.659262e+001 -5.483446e-001
v -6.077380e-001 2.657983e+001 -5.498897e-001
v -6.092834e-001 2.656704e+001 -5.554361e-001
v -6.061027e-001 2.655635e+001 -5.631663e-001
v -5.999069e-001 2.654929e+001 -5.731532e-001
v -6.626408e-001 2.656022e+001 -6.557044e-001
v -6.525958e-001 2.656305e+001 -6.654764e-001
v -6.441320e-001 2.657075e+001 -6.731955e-001
v -6.381244e-001 2.658216e+001 -6.780987e-001
v -6.354478e-001 2.659614e+001 -6.794230e-001
v -6.367723e-001 2.661012e+001 -6.767465e-001
v -6.416756e-001 2.662154e+001 -6.707392e-001
v -6.493948e-001 2.662923e+001 -6.622755e-001
v -6.591669e-001 2.663206e+001 -6.522305e-001
v -6.692119e-001 2.662923e+001 -6.424583e-001
v -6.776755e-001 2.662154e+001 -6.347392e-001
v -6.836830e-001 2.661012e+001 -6.298358e-001
v -6.863594e-001 2.659614e+001 -6.285113e-001
v -6.850352e-001 2.658216e+001 -6.311880e-001
v -6.801320e-001 2.657075e+001 -6.371955e-001
v -6.724129e-001 2.656305e+001 -6.456593e-001
v -8.457924e-001 2.658541e+001 -8.388556e-001
v -8.352715e-001 2.658922e+001 -8.481519e-001
v -8.259572e-001 2.659614e+001 -8.550204e-001
v -8.187392e-001 2.660600e+001 -8.587132e-001
v -8.145076e-001 2.661864e+001 -8.584826e-001
v -8.142772e-001 2.663128e+001 -8.542513e-001
v -8.179702e-001 2.664114e+001 -8.470334e-001
v -8.248385e-001 2.664805e+001 -8.377190e-001
v -8.341349e-001 2.665187e+001 -8.271982e-001
v -8.446557e-001 2.664805e+001 -8.179019e-001
v -8.539701e-001 2.664114e+001 -8.110334e-001
v -8.611879e-001 2.663128e+001 -8.073405e-001
v -8.654193e-001 2.661864e+001 -8.075709e-001
v -8.656499e-001 2.660600e+001 -8.118024e-001
v -8.619572e-001 2.659614e+001 -8.190205e-001
v -8.550887e-001 2.658922e+001 -8.283347e-001
v -1.032138e+000 2.665525e+001 -1.025201e+000
v -1.020396e+000 2.666006e+001 -1.033277e+000
v -1.009018e+000 2.666511e+001 -1.038081e+000
v -9.989445e-001 2.667140e+001 -1.038919e+000
v -9.911181e-001 2.667990e+001 -1.035093e+000
v -9.872929e-001 2.668840e+001 -1.027267e+000
v -9.881304e-001 2.669468e+001 -1.017194e+000
v -9.929349e-001 2.669974e+001 -1.005815e+000
v -1.001010e+000 2.670454e+001 -9.940736e-001
v -1.012752e+000 2.669974e+001 -9.859981e-001
v -1.024130e+000 2.669468e+001 -9.811937e-001
v -1.034203e+000 2.668840e+001 -9.803561e-001
v -1.042030e+000 2.667990e+001 -9.841815e-001
v -1.045855e+000 2.667140e+001 -9.920078e-001
v -1.045018e+000 2.666511e+001 -1.002081e+000
v -1.040213e+000 2.666006e+001 -1.013459e+000
v -1.155965e+000 2.680959e+001 -1.149028e+000
v -1.143314e+000 2.681392e+001 -1.156195e+000
v -1.130238e+000 2.681539e+001 -1.159302e+000
v -1.117675e+000 2.681638e+001 -1.157650e+000
v -1.106566e+000 2.681928e+001 -1.150541e+000
v -1.099458e+000 2.682218e+001 -1.139432e+000
v -1.097806e+000 2.682317e+001 -1.126869e+000
v -1.100912e+000 2.682464e+001 -1.113793e+000
v -1.108079e+000 2.682897e+001 -1.101142e+000
v -1.120729e+000 2.682464e+001 -1.093976e+000
v -1.133806e+000 2.682317e+001 -1.090869e+000
v -1.146368e+000 2.682218e+001 -1.092521e+000
v -1.157478e+000 2.681928e+001 -1.099630e+000
v -1.164586e+000 2.681638e+001 -1.110739e+000
v -1.166238e+000 2.681539e+001 -1.123302e+000
v -1.163131e+000 2.681392e+001 -1.136378e+000
v -1.151562e+000 2.708826e+001 -1.144626e+000
v -1.139770e+000 2.708731e+001 -1.152651e+000
v -1.126542e+000 2.708471e+001 -1.155606e+000
v -1.113468e+000 2.708086e+001 -1.153442e+000
v -1.102138e+000 2.707614e+001 -1.146114e+000
v -1.094809e+000 2.707142e+001 -1.134783e+000
v -1.092646e+000 2.706757e+001 -1.121709e+000
v -1.095600e+000 2.706497e+001 -1.108481e+000
v -1.103625e+000 2.706402e+001 -1.096689e+000
v -1.115417e+000 2.706497e+001 -1.088664e+000
v -1.128646e+000 2.706757e+001 -1.085709e+000
v -1.141720e+000 2.707142e+001 -1.087873e+000
v -1.153050e+000 2.707614e+001 -1.095202e+000
v -1.160379e+000 2.708086e+001 -1.106532e+000
v -1.162542e+000 2.708471e+001 -1.119606e+000
v -1.159588e+000 2.708731e+001 -1.132834e+000
v -1.015675e+000 2.728738e+001 -1.008738e+000
v -1.005563e+000 2.728154e+001 -1.018444e+000
v -9.942812e-001 2.727593e+001 -1.023345e+000
v -9.837902e-001 2.726880e+001 -1.023764e+000
v -9.760524e-001 2.725839e+001 -1.020027e+000
v -9.723156e-001 2.724798e+001 -1.012290e+000
v -9.727353e-001 2.724085e+001 -1.001799e+000
v -9.776357e-001 2.723524e+001 -9.905162e-001
v -9.873412e-001 2.722940e+001 -9.804044e-001
v -9.974528e-001 2.723524e+001 -9.706990e-001
v -1.008735e+000 2.724085e+001 -9.657986e-001
v -1.019226e+000 2.724798e+001 -9.653788e-001
v -1.026964e+000 2.725839e+001 -9.691157e-001
v -1.030701e+000 2.726880e+001 -9.768534e-001
v -1.030281e+000 2.727593e+001 -9.873444e-001
v -1.025380e+000 2.728154e+001 -9.986266e-001
v -8.327033e-001 2.727122e+001 -8.257665e-001
v -8.234429e-001 2.726577e+001 -8.363234e-001
v -8.150721e-001 2.725890e+001 -8.441354e-001
v -8.088947e-001 2.724993e+001 -8.488687e-001
v -8.062142e-001 2.723814e+001 -8.501891e-001
v -8.075348e-001 2.722635e+001 -8.475088e-001
v -8.122681e-001 2.721738e+001 -8.413314e-001
v -8.200801e-001 2.721051e+001 -8.329605e-001
v -8.306370e-001 2.720506e+001 -8.237002e-001
v -8.398973e-001 2.721051e+001 -8.131434e-001
v -8.482681e-001 2.721738e+001 -8.053314e-001
v -8.544456e-001 2.722635e+001 -8.005981e-001
v -8.571259e-001 2.723814e+001 -7.992775e-001
v -8.558053e-001 2.724993e+001 -8.019579e-001
v -8.510721e-001 2.725890e+001 -8.081354e-001
v -8.432600e-001 2.726577e+001 -8.165063e-001
v -6.720350e-001 2.716772e+001 -6.650986e-001
v -6.632534e-001 2.716410e+001 -6.761341e-001
v -6.573564e-001 2.715770e+001 -6.864199e-001
v -6.550545e-001 2.714860e+001 -6.950288e-001
v -6.570588e-001 2.713689e+001 -7.010339e-001
v -6.630642e-001 2.712518e+001 -7.030385e-001
v -6.716732e-001 2.711608e+001 -7.007366e-001
v -6.819588e-001 2.710967e+001 -6.948395e-001
v -6.929942e-001 2.710606e+001 -6.860577e-001
v -7.017759e-001 2.710967e+001 -6.750222e-001
v -7.076731e-001 2.711608e+001 -6.647366e-001
v -7.099749e-001 2.712518e+001 -6.561276e-001
v -7.079704e-001 2.713689e+001 -6.501221e-001
v -7.019653e-001 2.714860e+001 -6.481179e-001
v -6.933563e-001 2.715770e+001 -6.504199e-001
v -6.830706e-001 2.716410e+001 -6.563170e-001
v -6.030595e-001 2.710479e+001 -5.961230e-001
v -5.943626e-001 2.710254e+001 -6.072432e-001
v -5.895754e-001 2.709640e+001 -6.186388e-001
v -5.890207e-001 2.708729e+001 -6.289949e-001
v -5.930214e-001 2.707614e+001 -6.369966e-001
v -6.010233e-001 2.706499e+001 -6.409977e-001
v -6.113796e-001 2.705588e+001 -6.404430e-001
v -6.227751e-001 2.704975e+001 -6.356558e-001
v -6.338953e-001 2.704749e+001 -6.269588e-001
v -6.425922e-001 2.704975e+001 -6.158386e-001
v -6.473795e-001 2.705588e+001 -6.044430e-001
v -6.479341e-001 2.706499e+001 -5.940869e-001
v -6.439330e-001 2.707614e+001 -5.860848e-001
v -6.359314e-001 2.708729e+001 -5.820842e-001
v -6.255754e-001 2.709640e+001 -5.826388e-001
v -6.141797e-001 2.710254e+001 -5.874261e-001
v -6.054685e-001 2.710031e+001 -5.985320e-001
v -5.981305e-001 2.709841e+001 -6.079147e-001
v -5.940912e-001 2.709323e+001 -6.175298e-001
v -5.936232e-001 2.708555e+001 -6.262677e-001
v -5.969988e-001 2.707614e+001 -6.330191e-001
v -6.037505e-001 2.706673e+001 -6.363950e-001
v -6.124886e-001 2.705905e+001 -6.359271e-001
v -6.221037e-001 2.705387e+001 -6.318878e-001
v -6.314862e-001 2.705197e+001 -6.245497e-001
v -6.388242e-001 2.705387e+001 -6.151671e-001
v -6.428636e-001 2.705905e+001 -6.055521e-001
v -6.433315e-001 2.706673e+001 -5.968140e-001
v -6.399555e-001 2.707614e+001 -5.900623e-001
v -6.332043e-001 2.708555e+001 -5.866867e-001
v -6.244662e-001 2.709323e+001 -5.871547e-001
v -6.148512e-001 2.709841e+001 -5.911940e-001
v -6.107683e-001 2.709046e+001 -6.038319e-001
v -6.064198e-001 2.708934e+001 -6.093920e-001
v -6.040263e-001 2.708627e+001 -6.150898e-001
v -6.037489e-001 2.708172e+001 -6.202679e-001
v -6.057493e-001 2.707614e+001 -6.242687e-001
v -6.097503e-001 2.707057e+001 -6.262692e-001
v -6.149284e-001 2.706601e+001 -6.259919e-001
v -6.206262e-001 2.706294e+001 -6.235983e-001
v -6.261863e-001 2.706182e+001 -6.192498e-001
v -6.305347e-001 2.706294e+001 -6.136897e-001
v -6.329284e-001 2.706601e+001 -6.079919e-001
v -6.332057e-001 2.707057e+001 -6.028138e-001
v -6.312051e-001 2.707614e+001 -5.988128e-001
v -6.272044e-001 2.708172e+001 -5.968125e-001
v -6.220263e-001 2.708627e+001 -5.970898e-001
v -6.163285e-001 2.708934e+001 -5.994834e-001
v -6.160682e-001 2.708062e+001 -6.091318e-001
v -6.147093e-001 2.708027e+001 -6.108693e-001
v -6.139615e-001 2.707931e+001 -6.126500e-001
v -6.138747e-001 2.707788e+001 -6.142680e-001
v -6.144998e-001 2.707614e+001 -6.155183e-001
v -6.157500e-001 2.707440e+001 -6.161434e-001
v -6.173682e-001 2.707298e+001 -6.160567e-001
v -6.191487e-001 2.707202e+001 -6.153088e-001
v -6.208864e-001 2.707166e+001 -6.139498e-001
v -6.222453e-001 2.707202e+001 -6.122122e-001
v -6.229932e-001 2.707298e+001 -6.104317e-001
v -6.230798e-001 2.707440e+001 -6.088136e-001
v -6.224548e-001 2.707614e+001 -6.075633e-001
v -6.212045e-001 2.707788e+001 -6.069382e-001
v -6.195865e-001 2.707931e+001 -6.070250e-001
v -6.178058e-001 2.708027e+001 -6.077728e-001
v -6.184772e-001 2.707614e+001 -6.115408e-001
v -2.297029e-001 2.599614e+001 2.366395e-001
v -2.336804e-001 2.599612e+001 2.406169e-001
v -2.349160e-001 2.599612e+001 2.387562e-001
v -2.353279e-001 2.599613e+001 2.366395e-001
v -2.349160e-001 2.599613e+001 2.345228e-001
v -2.336804e-001 2.599614e+001 2.326620e-001
v -2.318197e-001 2.599615e+001 2.314264e-001
v -2.297030e-001 2.599615e+001 2.310145e-001
v -2.275863e-001 2.599616e+001 2.314264e-001
v -2.257255e-001 2.599616e+001 2.326620e-001
v -2.244899e-001 2.599616e+001 2.345228e-001
v -2.240780e-001 2.599615e+001 2.366395e-001
v -2.244898e-001 2.599615e+001 2.387562e-001
v -2.257255e-001 2.599614e+001 2.406169e-001
v -2.275862e-001 2.599613e+001 2.418526e-001
v -2.297029e-001 2.599613e+001 2.422645e-001
v -2.318196e-001 2.599612e+001 2.418526e-001
v -2.424308e-001 2.599609e+001 2.493674e-001
v -2.463849e-001 2.599609e+001 2.434129e-001
v -2.477029e-001 2.599610e+001 2.366395e-001
v -2.463849e-001 2.599612e+001 2.298661e-001
v -2.424309e-001 2.599614e+001 2.239116e-001
v -2.364764e-001 2.599616e+001 2.199575e-001
v -2.297030e-001 2.599618e+001 2.186395e-001
v -2.229296e-001 2.599619e+001 2.199576e-001
v -2.169751e-001 2.599619e+001 2.239116e-001
v -2.130210e-001 2.599619e+001 2.298661e-001
v -2.117030e-001 2.599618e+001 2.366395e-001
v -2.130210e-001 2.599616e+001 2.434130e-001
v -2.169750e-001 2.599614e+001 2.493674e-001
v -2.229295e-001 2.599612e+001 2.533215e-001
v -2.297029e-001 2.599610e+001 2.546395e-001
v -2.364763e-001 2.599609e+001 2.533214e-001
v -2.511812e-001 2.599605e+001 2.581177e-001
v -2.578537e-001 2.599606e+001 2.480695e-001
v -2.600780e-001 2.599607e+001 2.366395e-001
v -2.578538e-001 2.599611e+001 2.252093e-001
v -2.511813e-001 2.599614e+001 2.151611e-001
v -2.411331e-001 2.599618e+001 2.084887e-001
v -2.297030e-001 2.599621e+001 2.062646e-001
v -2.182729e-001 2.599623e+001 2.084887e-001
v -2.082247e-001 2.599623e+001 2.151612e-001
v -2.015522e-001 2.599623e+001 2.252094e-001
v -1.993280e-001 2.599621e+001 2.366396e-001
v -2.015521e-001 2.599618e+001 2.480697e-001
v -2.082245e-001 2.599614e+001 2.581179e-001
v -2.182727e-001 2.599611e+001 2.647903e-001
v -2.297029e-001 2.599607e+001 2.670144e-001
v -2.411330e-001 2.599606e+001 2.647902e-001
v -2.551587e-001 2.599603e+001 2.620952e-001
v -2.630669e-001 2.599604e+001 2.501862e-001
v -2.657030e-001 2.599606e+001 2.366395e-001
v -2.630669e-001 2.599610e+001 2.230926e-001
v -2.551588e-001 2.599614e+001 2.111836e-001
v -2.432498e-001 2.599618e+001 2.032756e-001
v -2.297030e-001 2.599622e+001 2.006396e-001
v -2.161562e-001 2.599624e+001 2.032757e-001
v -2.042472e-001 2.599625e+001 2.111838e-001
v -1.963391e-001 2.599624e+001 2.230928e-001
v -1.937030e-001 2.599622e+001 2.366396e-001
v -1.963390e-001 2.599618e+001 2.501864e-001
v -2.042470e-001 2.599614e+001 2.620953e-001
v -2.161561e-001 2.599610e+001 2.700034e-001
v -2.297029e-001 2.599606e+001 2.726394e-001
v -2.432497e-001 2.599604e+001 2.700033e-001
v -2.572892e-001 2.604192e+001 2.642257e-001
v -2.647064e-001 2.604170e+001 2.518257e-001
v -2.673936e-001 2.604242e+001 2.383302e-001
v -2.649933e-001 2.604362e+001 2.250190e-001
v -2.571475e-001 2.604489e+001 2.131724e-001
v -2.453010e-001 2.604616e+001 2.053267e-001
v -2.319899e-001 2.604737e+001 2.029264e-001
v -2.184943e-001 2.604808e+001 2.056137e-001
v -2.060943e-001 2.604786e+001 2.130309e-001
v -1.986771e-001 2.604808e+001 2.254308e-001
v -1.959899e-001 2.604737e+001 2.389265e-001
v -1.983902e-001 2.604616e+001 2.522375e-001
v -2.062358e-001 2.604489e+001 2.640840e-001
v -2.180824e-001 2.604362e+001 2.719298e-001
v -2.313936e-001 2.604242e+001 2.743301e-001
v -2.448892e-001 2.604170e+001 2.716428e-001
v -2.704968e-001 2.615091e+001 2.774333e-001
v -2.772962e-001 2.615063e+001 2.644155e-001
v -2.801465e-001 2.615291e+001 2.510830e-001
v -2.783149e-001 2.615675e+001 2.383407e-001
v -2.710687e-001 2.616114e+001 2.270935e-001
v -2.598218e-001 2.616554e+001 2.198476e-001
v -2.470795e-001 2.616937e+001 2.180161e-001
v -2.337471e-001 2.617165e+001 2.208665e-001
v -2.207294e-001 2.617137e+001 2.276659e-001
v -2.139299e-001 2.617165e+001 2.406836e-001
v -2.110795e-001 2.616937e+001 2.540161e-001
v -2.129110e-001 2.616554e+001 2.667583e-001
v -2.201569e-001 2.616114e+001 2.780052e-001
v -2.314041e-001 2.615675e+001 2.852514e-001
v -2.441465e-001 2.615291e+001 2.870830e-001
v -2.574790e-001 2.615063e+001 2.842326e-001
v -3.050053e-001 2.627999e+001 3.119417e-001
v -3.117764e-001 2.628020e+001 2.988958e-001
v -3.154823e-001 2.628469e+001 2.864187e-001
v -3.149119e-001 2.629181e+001 2.749376e-001
v -3.088547e-001 2.629989e+001 2.648794e-001
v -2.987970e-001 2.630797e+001 2.588226e-001
v -2.873161e-001 2.631509e+001 2.582526e-001
v -2.748392e-001 2.631959e+001 2.619585e-001
v -2.617932e-001 2.631979e+001 2.687297e-001
v -2.550220e-001 2.631959e+001 2.817757e-001
v -2.513161e-001 2.631509e+001 2.942526e-001
v -2.518861e-001 2.630797e+001 3.057334e-001
v -2.579429e-001 2.629989e+001 3.157912e-001
v -2.680011e-001 2.629181e+001 3.218484e-001
v -2.794822e-001 2.628469e+001 3.224187e-001
v -2.919593e-001 2.628020e+001 3.187129e-001
v -3.710388e-001 2.638613e+001 3.779755e-001
v -3.798428e-001 2.638848e+001 3.669623e-001
v -3.849218e-001 2.639492e+001 3.558584e-001
v -3.859092e-001 2.640446e+001 3.459350e-001
v -3.824381e-001 2.641614e+001 3.384630e-001
v -3.749665e-001 2.642782e+001 3.349923e-001
v -3.650433e-001 2.643736e+001 3.359799e-001
v -3.539395e-001 2.644380e+001 3.410589e-001
v -3.429263e-001 2.644616e+001 3.498629e-001
v -3.341223e-001 2.644380e+001 3.608760e-001
v -3.290432e-001 2.643736e+001 3.719798e-001
v -3.280556e-001 2.642782e+001 3.819030e-001
v -3.315263e-001 2.641614e+001 3.893745e-001
v -3.389983e-001 2.640446e+001 3.928457e-001
v -3.489218e-001 2.639492e+001 3.918583e-001
v -3.600256e-001 2.638848e+001 3.867794e-001
v -4.606425e-001 2.646875e+001 4.675791e-001
v -4.669287e-001 2.646906e+001 4.540482e-001
v -4.710222e-001 2.647457e+001 4.419588e-001
v -4.712233e-001 2.648329e+001 4.312491e-001
v -4.658324e-001 2.649320e+001 4.218574e-001
v -4.564411e-001 2.650312e+001 4.164669e-001
v -4.457317e-001 2.651184e+001 4.166683e-001
v -4.336425e-001 2.651735e+001 4.207619e-001
v -4.201116e-001 2.651766e+001 4.270483e-001
v -4.138253e-001 2.651735e+001 4.405791e-001
v -4.097317e-001 2.651184e+001 4.526683e-001
v -4.095303e-001 2.650312e+001 4.633778e-001
v -4.149207e-001 2.649320e+001 4.727690e-001
v -4.243125e-001 2.648329e+001 4.781600e-001
v -4.350221e-001 2.647457e+001 4.779588e-001
v -4.471115e-001 2.646906e+001 4.738653e-001
v -5.262845e-001 2.651969e+001 5.332209e-001
v -5.326185e-001 2.652046e+001 5.197378e-001
v -5.371062e-001 2.652634e+001 5.080427e-001
v -5.381400e-001 2.653564e+001 4.981657e-001
v -5.341124e-001 2.654664e+001 4.901372e-001
v -5.260845e-001 2.655765e+001 4.861102e-001
v -5.162078e-001 2.656694e+001 4.871444e-001
v -5.045126e-001 2.657283e+001 4.916321e-001
v -4.910296e-001 2.657359e+001 4.979663e-001
v -4.846955e-001 2.657283e+001 5.114492e-001
v -4.802077e-001 2.656694e+001 5.231443e-001
v -4.791735e-001 2.655765e+001 5.330209e-001
v -4.832006e-001 2.654664e+001 5.410488e-001
v -4.912291e-001 2.653564e+001 5.450764e-001
v -5.011061e-001 2.652634e+001 5.440426e-001
v -5.128013e-001 2.652046e+001 5.395550e-001
v -5.854700e-001 2.654737e+001 5.924065e-001
v -5.929704e-001 2.654929e+001 5.800897e-001
v -5.991662e-001 2.655635e+001 5.701027e-001
v -6.023470e-001 2.656704e+001 5.623726e-001
v -6.008014e-001 2.657983e+001 5.568262e-001
v -5.952554e-001 2.659262e+001 5.552810e-001
v -5.875255e-001 2.660330e+001 5.584621e-001
v -5.775387e-001 2.661037e+001 5.646580e-001
v -5.652221e-001 2.661228e+001 5.721585e-001
v -5.577215e-001 2.661037e+001 5.844751e-001
v -5.515255e-001 2.660330e+001 5.944620e-001
v -5.483446e-001 2.659262e+001 6.021918e-001
v -5.498897e-001 2.657983e+001 6.077380e-001
v -5.554361e-001 2.656704e+001 6.092834e-001
v -5.631663e-001 2.655635e+001 6.061027e-001
v -5.731532e-001 2.654929e+001 5.999069e-001
v -6.557044e-001 2.656022e+001 6.626408e-001
v -6.654764e-001 2.656305e+001 6.525958e-001
v -6.731955e-001 2.657075e+001 6.441320e-001
v -6.780987e-001 2.658216e+001 6.381244e-001
v -6.794230e-001 2.659614e+001 6.354478e-001
v -6.767465e-001 2.661012e+001 6.367723e-001
v -6.707392e-001 2.662154e+001 6.416756e-001
v -6.622755e-001 2.662923e+001 6.493948e-001
v -6.522305e-001 2.663206e+001 6.591669e-001
v -6.424583e-001 2.662923e+001 6.692119e-001
v -6.347392e-001 2.662154e+001 6.776755e-001
v -6.298358e-001 2.661012e+001 6.836830e-001
v -6.285113e-001 2.659614e+001 6.863594e-001
v -6.311880e-001 2.658216e+001 6.850352e-001
v -6.371955e-001 2.657075e+001 6.801320e-001
v -6.456593e-001 2.656305e+001 6.724129e-001
v -8.388556e-001 2.658541e+001 8.457925e-001
v -8.481519e-001 2.658922e+001 8.352716e-001
v -8.550203e-001 2.659614e+001 8.259572e-001
v -8.587132e-001 2.660600e+001 8.187392e-001
v -8.584825e-001 2.661864e+001 8.145077e-001
v -8.542512e-001 2.663128e+001 8.142774e-001
v -8.470334e-001 2.664114e+001 8.179702e-001
v -8.377190e-001 2.664805e+001 8.248386e-001
v -8.271981e-001 2.665187e+001 8.341350e-001
v -8.179018e-001 2.664805e+001 8.446558e-001
v -8.110334e-001 2.664114e+001 8.539702e-001
v -8.073404e-001 2.663128e+001 8.611880e-001
v -8.075708e-001 2.661864e+001 8.654194e-001
v -8.118024e-001 2.660600e+001 8.656500e-001
v -8.190204e-001 2.659614e+001 8.619573e-001
v -8.283347e-001 2.658922e+001 8.550887e-001
v -1.025201e+000 2.665525e+001 1.032138e+000
v -1.033277e+000 2.666006e+001 1.020396e+000
v -1.038081e+000 2.666511e+001 1.009018e+000
v -1.038919e+000 2.667140e+001 9.989446e-001
v -1.035093e+000 2.667990e+001 9.911181e-001
v -1.027267e+000 2.668840e+001 9.872929e-001
v -1.017194e+000 2.669468e+001 9.881305e-001
v -1.005815e+000 2.669974e+001 9.929349e-001
v -9.940736e-001 2.670454e+001 1.001010e+000
v -9.859980e-001 2.669974e+001 1.012752e+000
v -9.811937e-001 2.669468e+001 1.024130e+000
v -9.803560e-001 2.668840e+001 1.034203e+000
v -9.841814e-001 2.667990e+001 1.042030e+000
v -9.920077e-001 2.667140e+001 1.045855e+000
v -1.002081e+000 2.666511e+001 1.045018e+000
v -1.013459e+000 2.666006e+001 1.040213e+000
v -1.149028e+000 2.680959e+001 1.155965e+000
v -1.156195e+000 2.681392e+001 1.143314e+000
v -1.159302e+000 2.681539e+001 1.130238e+000
v -1.157650e+000 2.681638e+001 1.117675e+000
v -1.150541e+000 2.681928e+001 1.106566e+000
v -1.139432e+000 2.682218e+001 1.099458e+000
v -1.126869e+000 2.682317e+001 1.097806e+000
v -1.113793e+000 2.682464e+001 1.100912e+000
v -1.101142e+000 2.682897e+001 1.108079e+000
v -1.093976e+000 2.682464e+001 1.120729e+000
v -1.090869e+000 2.682317e+001 1.133806e+000
v -1.092521e+000 2.682218e+001 1.146368e+000
v -1.099630e+000 2.681928e+001 1.157478e+000
v -1.110739e+000 2.681638e+001 1.164586e+000
v -1.123302e+000 2.681539e+001 1.166238e+000
v -1.136378e+000 2.681392e+001 1.163131e+000
v -1.144626e+000 2.708826e+001 1.151562e+000
v -1.152651e+000 2.708731e+001 1.139770e+000
v -1.155606e+000 2.708471e+001 1.126542e+000
v -1.153442e+000 2.708086e+001 1.113468e+000
v -1.146114e+000 2.707614e+001 1.102138e+000
v -1.134783e+000 2.707142e+001 1.094809e+000
v -1.121709e+000 2.706757e+001 1.092646e+000
v -1.108481e+000 2.706497e+001 1.095600e+000
v -1.096689e+000 2.706402e+001 1.103625e+000
v -1.088664e+000 2.706497e+001 1.115417e+000
v -1.085709e+000 2.706757e+001 1.128646e+000
v -1.087873e+000 2.707142e+001 1.141720e+000
v -1.095202e+000 2.707614e+001 1.153050e+000
v -1.106532e+000 2.708086e+001 1.160379e+000
v -1.119606e+000 2.708471e+001 1.162542e+000
v -1.132834e+000 2.708731e+001 1.159588e+000
v -1.008738e+000 2.728738e+001 1.015675e+000
v -1.018444e+000 2.728154e+001 1.005563e+000
v -1.023344e+000 2.727593e+001 9.942812e-001
v -1.023764e+000 2.726880e+001 9.837903e-001
v -1.020027e+000 2.725839e+001 9.760525e-001
v -1.012290e+000 2.724798e+001 9.723157e-001
v -1.001799e+000 2.724085e+001 9.727353e-001
v -9.905161e-001 2.723524e+001 9.776357e-001
v -9.804044e-001 2.722940e+001 9.873413e-001
v -9.706990e-001 2.723524e+001 9.974529e-001
v -9.657985e-001 2.724085e+001 1.008735e+000
v -9.653788e-001 2.724798e+001 1.019226e+000
v -9.691157e-001 2.725839e+001 1.026964e+000
v -9.768534e-001 2.726880e+001 1.030701e+000
v -9.873444e-001 2.727593e+001 1.030281e+000
v -9.986266e-001 2.728154e+001 1.025380e+000
v -8.257664e-001 2.727122e+001 8.327034e-001
v -8.363233e-001 2.726577e+001 8.234430e-001
v -8.441353e-001 2.725890e+001 8.150721e-001
v -8.488686e-001 2.724993e+001 8.088948e-001
v -8.501891e-001 2.723814e+001 8.062142e-001
v -8.475088e-001 2.722635e+001 8.075349e-001
v -8.413314e-001 2.721738e+001 8.122681e-001
v -8.329605e-001 2.721051e+001 8.200802e-001
v -8.237002e-001 2.720506e+001 8.306370e-001
v -8.131434e-001 2.721051e+001 8.398973e-001
v -8.053313e-001 2.721738e+001 8.482682e-001
v -8.005981e-001 2.722635e+001 8.544456e-001
v -7.992774e-001 2.723814e+001 8.571259e-001
v -8.019578e-001 2.724993e+001 8.558054e-001
v -8.081353e-001 2.725890e+001 8.510721e-001
v -8.165062e-001 2.726577e+001 8.432601e-001
v -6.650986e-001 2.716772e+001 6.720350e-001
v -6.761341e-001 2.716410e+001 6.632534e-001
v -6.864199e-001 2.715770e+001 6.573564e-001
v -6.950288e-001 2.714860e+001 6.550545e-001
v -7.010339e-001 2.713689e+001 6.570588e-001
v -7.030385e-001 2.712518e+001 6.630643e-001
v -7.007366e-001 2.711608e+001 6.716733e-001
v -6.948395e-001 2.710967e+001 6.819588e-001
v -6.860577e-001 2.710606e+001 6.929942e-001
v -6.750221e-001 2.710967e+001 7.017759e-001
v -6.647365e-001 2.711608e+001 7.076731e-001
v -6.561275e-001 2.712518e+001 7.099749e-001
v -6.501220e-001 2.713689e+001 7.079704e-001
v -6.481178e-001 2.714860e+001 7.019653e-001
v -6.504199e-001 2.715770e+001 6.933563e-001
v -6.563170e-001 2.716410e+001 6.830706e-001
v -5.961230e-001 2.710479e+001 6.030595e-001
v -6.072432e-001 2.710254e+001 5.943626e-001
v -6.186388e-001 2.709640e+001 5.895754e-001
v -6.289949e-001 2.708729e+001 5.890207e-001
v -6.369966e-001 2.707614e+001 5.930214e-001
v -6.409977e-001 2.706499e+001 6.010233e-001
v -6.404430e-001 2.705588e+001 6.113796e-001
v -6.356558e-001 2.704975e+001 6.227751e-001
v -6.269588e-001 2.704749e+001 6.338953e-001
v -6.158386e-001 2.704975e+001 6.425922e-001
v -6.044430e-001 2.705588e+001 6.473795e-001
v -5.940869e-001 2.706499e+001 6.479341e-001
v -5.860848e-001 2.707614e+001 6.439330e-001
v -5.820842e-001 2.708729e+001 6.359314e-001
v -5.826388e-001 2.709640e+001 6.255754e-001
v -5.874261e-001 2.710254e+001 6.141797e-001
v -5.985320e-001 2.710031e+001 6.054685e-001
v -6.079147e-001 2.709841e+001 5.981305e-001
v -6.175298e-001 2.709323e+001 5.940912e-001
v -6.262677e-001 2.708555e+001 5.936232e-001
v -6.330191e-001 2.707614e+001 5.969988e-001
v -6.363950e-001 2.706673e+001 6.037505e-001
v -6.359271e-001 2.705905e+001 6.124886e-001
v -6.318878e-001 2.705387e+001 6.221037e-001
v -6.245497e-001 2.705197e+001 6.314862e-001
v -6.151671e-001 2.705387e+001 6.388242e-001
v -6.055521e-001 2.705905e+001 6.428636e-001
v -5.968140e-001 2.706673e+001 6.433315e-001
v -5.900623e-001 2.707614e+001 6.399555e-001
v -5.866867e-001 2.708555e+001 6.332043e-001
v -5.871547e-001 2.709323e+001 6.244662e-001
v -5.911940e-001 2.709841e+001 6.148512e-001
v -6.038319e-001 2.709046e+001 6.107683e-001
v -6.093920e-001 2.708934e+001 6.064198e-001
v -6.150898e-001 2.708627e+001 6.040263e-001
v -6.202679e-001 2.708172e+001 6.037489e-001
v -6.242687e-001 2.707614e+001 6.057493e-001
v -6.262692e-001 2.707057e+001 6.097503e-001
v -6.259919e-001 2.706601e+001 6.149284e-001
v -6.235983e-001 2.706294e+001 6.206262e-001
v -6.192498e-001 2.706182e+001 6.261863e-001
v -6.136897e-001 2.706294e+001 6.305347e-001
v -6.079919e-001 2.706601e+001 6.329284e-001
v -6.028138e-001 2.707057e+001 6.332057e-001
v -5.988128e-001 2.707614e+001 6.312051e-001
v -5.968125e-001 2.708172e+001 6.272044e-001
v -5.970898e-001 2.708627e+001 6.220263e-001
v -5.994834e-001 2.708934e+001 6.163285e-001
v -6.091318e-001 2.708062e+001 6.160682e-001
v -6.108693e-001 2.708027e+001 6.147093e-001
v -6.126500e-001 2.707931e+001 6.139615e-001
v -6.142680e-001 2.707788e+001 6.138747e-001
v -6.155183e-001 2.707614e+001 6.144998e-001
v -6.161434e-001 2.707440e+001 6.157500e-001
v -6.160567e-001 2.707298e+001 6.173682e-001
v -6.153088e-001 2.707202e+001 6.191487e-001
v -6.139498e-001 2.707166e+001 6.208864e-001
v -6.122122e-001 2.707202e+001 6.222453e-001
v -6.104317e-001 2.707298e+001 6.229932e-001
v -6.088136e-001 2.707440e+001 6.230798e-001
v -6.075633e-001 2.707614e+001 6.224548e-001
v -6.069382e-001 2.707788e+001 6.212045e-001
v -6.070250e-001 2.707931e+001 6.195865e-001
v -6.077728e-001 2.708027e+001 6.178058e-001
v -6.115408e-001 2.707614e+001 6.184772e-001
v 3.500000e-001 3.100000e+001 3.715468e-008
v 3.829688e-001 3.102656e+001 3.599360e-008
v 4.525001e-001 3.110000e+001 3.278354e-008
v 5.145314e-001 3.121094e+001 2.793431e-008
v 5.250000e-001 3.135000e+001 2.185570e-008
v 4.554518e-001 3.150212e+001 1.520653e-008
v 3.483182e-001 3.160966e+001 1.050567e-008
v 2.482756e-001 3.168737e+001 7.108693e-009
v 2.000000e-001 3.175000e+001 4.371139e-009
v 2.105256e-001 3.181154e+001 1.681266e-009
v 2.418183e-001 3.188118e+001 -1.362993e-009
v 2.709518e-001 3.196649e+001 -5.091737e-009
v 2.750000e-001 3.207500e+001 -9.835063e-009
v 2.385155e-001 3.219328e+001 -1.500530e-008
v 1.818749e-001 3.227500e+001 -1.857734e-008
v 1.280469e-001 3.233797e+001 -2.132979e-008
v 1.000000e-001 3.240000e+001 -2.404126e-008
v 8.015625e-002 3.244969e+001 -2.621317e-008
v 4.625000e-002 3.247125e+001 -2.715570e-008
v 1.421875e-002 3.247594e+001 -2.736060e-008
v 2.731959e-008 3.247500e+001 -2.731962e-008
v 3.233578e-001 3.100000e+001 -1.339392e-001
v 3.538170e-001 3.102656e+001 -1.465558e-001
v 4.180556e-001 3.110000e+001 -1.731643e-001
v 4.753650e-001 3.121094e+001 -1.969026e-001
v 4.850368e-001 3.135000e+001 -2.009088e-001
v 4.207826e-001 3.150212e+001 -1.742939e-001
v 3.218041e-001 3.160966e+001 -1.332956e-001
v 2.293767e-001 3.168737e+001 -9.501096e-002
v 1.847759e-001 3.175000e+001 -7.653669e-002
v 1.945003e-001 3.181154e+001 -8.056467e-002
v 2.234109e-001 3.188118e+001 -9.253985e-002
v 2.503268e-001 3.196649e+001 -1.036888e-001
v 2.540669e-001 3.207500e+001 -1.052380e-001
v 2.203596e-001 3.219328e+001 -9.127596e-002
v 1.680305e-001 3.227500e+001 -6.960053e-002
v 1.182999e-001 3.233797e+001 -4.900143e-002
v 9.238795e-002 3.240000e+001 -3.826837e-002
v 7.405472e-002 3.244969e+001 -3.067450e-002
v 4.272943e-002 3.247125e+001 -1.769914e-002
v 1.313641e-002 3.247594e+001 -5.441308e-003
v 2.474874e-001 3.100000e+001 -2.474874e-001
v 2.707998e-001 3.102656e+001 -2.707998e-001
v 3.199659e-001 3.110000e+001 -3.199659e-001
v 3.638286e-001 3.121094e+001 -3.638286e-001
v 3.712311e-001 3.135000e+001 -3.712310e-001
v 3.220530e-001 3.150212e+001 -3.220530e-001
v 2.462982e-001 3.160966e+001 -2.462982e-001
v 1.755574e-001 3.168737e+001 -1.755574e-001
v 1.414214e-001 3.175000e+001 -1.414214e-001
v 1.488641e-001 3.181154e+001 -1.488641e-001
v 1.709913e-001 3.188118e+001 -1.709913e-001
v 1.915919e-001 3.196649e+001 -1.915919e-001
v 1.944544e-001 3.207500e+001 -1.944544e-001
v 1.686559e-001 3.219328e+001 -1.686559e-001
v 1.286050e-001 3.227500e+001 -1.286050e-001
v 9.054280e-002 3.233797e+001 -9.054282e-002
v 7.071068e-002 3.240000e+001 -7.071070e-002
v 5.667903e-002 3.244969e+001 -5.667906e-002
v 3.270369e-002 3.247125e+001 -3.270372e-002
v 1.005417e-002 3.247594e+001 -1.005420e-002
v 1.339392e-001 3.100000e+001 -3.233578e-001
v 1.465558e-001 3.102656e+001 -3.538170e-001
v 1.731643e-001 3.110000e+001 -4.180556e-001
v 1.969026e-001 3.121094e+001 -4.753650e-001
v 2.009088e-001 3.135000e+001 -4.850367e-001
v 1.742939e-001 3.150212e+001 -4.207826e-001
v 1.332956e-001 3.160966e+001 -3.218041e-001
v 9.501096e-002 3.168737e+001 -2.293767e-001
v 7.653669e-002 3.175000e+001 -1.847759e-001
v 8.056466e-002 3.181154e+001 -1.945003e-001
v 9.253985e-002 3.188118e+001 -2.234109e-001
v 1.036888e-001 3.196649e+001 -2.503268e-001
v 1.052380e-001 3.207500e+001 -2.540669e-001
v 9.127594e-002 3.219328e+001 -2.203596e-001
v 6.960051e-002 3.227500e+001 -1.680305e-001
v 4.900141e-002 3.233797e+001 -1.182999e-001
v 3.826834e-002 3.240000e+001 -9.238797e-002
v 3.067447e-002 3.244969e+001 -7.405475e-002
v 1.769911e-002 3.247125e+001 -4.272946e-002
v 5.441280e-003 3.247594e+001 -1.313644e-002
v -1.529899e-008 3.100000e+001 -3.500000e-001
v -1.674010e-008 3.102656e+001 -3.829688e-001
v -1.977941e-008 3.110000e+001 -4.525001e-001
v -2.249088e-008 3.121094e+001 -5.145314e-001
v -2.294848e-008 3.135000e+001 -5.250000e-001
v -1.990843e-008 3.150212e+001 -4.554518e-001
v -1.522547e-008 3.160966e+001 -3.483182e-001
v -1.085247e-008 3.168737e+001 -2.482756e-001
v -8.742278e-009 3.175000e+001 -2.000000e-001
v -9.202367e-009 3.181154e+001 -2.105256e-001
v -1.057021e-008 3.188118e+001 -2.418183e-001
v -1.184368e-008 3.196649e+001 -2.709518e-001
v -1.202063e-008 3.207500e+001 -2.750000e-001
v -1.042584e-008 3.219328e+001 -2.385155e-001
v -7.950003e-009 3.227500e+001 -1.818749e-001
v -5.597106e-009 3.233797e+001 -1.280469e-001
v -4.371139e-009 3.240000e+001 -1.000000e-001
v -3.503741e-009 3.244969e+001 -8.015627e-002
v -2.021652e-009 3.247125e+001 -4.625003e-002
v -6.215213e-010 3.247594e+001 -1.421878e-002
v -1.339392e-001 3.100000e+001 -3.233578e-001
v -1.465558e-001 3.102656e+001 -3.538170e-001
v -1.731643e-001 3.110000e+001 -4.180556e-001
v -1.969027e-001 3.121094e+001 -4.753650e-001
v -2.009089e-001 3.135000e+001 -4.850367e-001
v -1.742939e-001 3.150212e+001 -4.207826e-001
v -1.332957e-001 3.160966e+001 -3.218041e-001
v -9.501098e-002 3.168737e+001 -2.293767e-001
v -7.653671e-002 3.175000e+001 -1.847759e-001
v -8.056469e-002 3.181154e+001 -1.945003e-001
v -9.253987e-002 3.188118e+001 -2.234109e-001
v -1.036888e-001 3.196649e+001 -2.503268e-001
v -1.052380e-001 3.207500e+001 -2.540669e-001
v -9.127595e-002 3.219328e+001 -2.203596e-001
v -6.960052e-002 3.227500e+001 -1.680305e-001
v -4.900142e-002 3.233797e+001 -1.182999e-001
v -3.826835e-002 3.240000e+001 -9.238797e-002
v -3.067448e-002 3.244969e+001 -7.405475e-002
v -1.769911e-002 3.247125e+001 -4.272946e-002
v -5.441281e-003 3.247594e+001 -1.313644e-002
v -2.474874e-001 3.100000e+001 -2.474874e-001
v -2.707998e-001 3.102656e+001 -2.707998e-001
v -3.199659e-001 3.110000e+001 -3.199659e-001
v -3.638286e-001 3.121094e+001 -3.638286e-001
v -3.712311e-001 3.135000e+001 -3.712310e-001
v -3.220530e-001 3.150212e+001 -3.220530e-001
v -2.462982e-001 3.160966e+001 -2.462982e-001
v -1.755574e-001 3.168737e+001 -1.755574e-001
v -1.414214e-001 3.175000e+001 -1.414214e-001
v -1.488641e-001 3.181154e+001 -1.488641e-001
v -1.709913e-001 3.188118e+001 -1.709913e-001
v -1.915919e-001 3.196649e+001 -1.915919e-001
v -1.944544e-001 3.207500e+001 -1.944544e-001
v -1.686559e-001 3.219328e+001 -1.686559e-001
v -1.286050e-001 3.227500e+001 -1.286050e-001
v -9.054280e-002 3.233797e+001 -9.054282e-002
v -7.071068e-002 3.240000e+001 -7.071070e-002
v -5.667903e-002 3.244969e+001 -5.667906e-002
v -3.270369e-002 3.247125e+001 -3.270372e-002
v -1.005417e-002 3.247594e+001 -1.005420e-002
v -3.233579e-001 3.100000e+001 -1.339391e-001
v -3.538171e-001 3.102656e+001 -1.465557e-001
v -4.180556e-001 3.110000e+001 -1.731642e-001
v -4.753651e-001 3.121094e+001 -1.969025e-001
v -4.850368e-001 3.135000e+001 -2.009087e-001
v -4.207827e-001 3.150212e+001 -1.742938e-001
v -3.218041e-001 3.160966e+001 -1.332956e-001
v -2.293768e-001 3.168737e+001 -9.501092e-002
v -1.847759e-001 3.175000e+001 -7.653665e-002
v -1.945003e-001 3.181154e+001 -8.056463e-002
v -2.234110e-001 3.188118e+001 -9.253982e-002
v -2.503268e-001 3.196649e+001 -1.036887e-001
v -2.540669e-001 3.207500e+001 -1.052379e-001
v -2.203596e-001 3.219328e+001 -9.127592e-002
v -1.680305e-001 3.227500e+001 -6.960049e-002
v -1.182999e-001 3.233797e+001 -4.900141e-002
v -9.238797e-002 3.240000e+001 -3.826835e-002
v -7.405473e-002 3.244969e+001 -3.067448e-002
v -4.272943e-002 3.247125e+001 -1.769913e-002
v -1.313641e-002 3.247594e+001 -5.441305e-003
v -3.500000e-001 3.100000e+001 6.775266e-008
v -3.829688e-001 3.102656e+001 6.947379e-008
v -4.525001e-001 3.110000e+001 7.234236e-008
v -5.145314e-001 3.121094e+001 7.291607e-008
v -5.250000e-001 3.135000e+001 6.775266e-008
v -4.554518e-001 3.150212e+001 5.502339e-008
v -3.483182e-001 3.160966e+001 4.095662e-008
v -2.482756e-001 3.168737e+001 2.881364e-008
v -2.000000e-001 3.175000e+001 2.185570e-008
v -2.105256e-001 3.181154e+001 2.008600e-008
v -2.418183e-001 3.188118e+001 1.977743e-008
v -2.709518e-001 3.196649e+001 1.859562e-008
v -2.750000e-001 3.207500e+001 1.420620e-008
v -2.385155e-001 3.219328e+001 5.846387e-009
v -1.818749e-001 3.227500e+001 -2.677334e-009
v -1.280469e-001 3.233797e+001 -1.013558e-008
v -1.000000e-001 3.240000e+001 -1.529899e-008
v -8.015625e-002 3.244969e+001 -1.920569e-008
v -4.625000e-002 3.247125e+001 -2.311240e-008
v -1.421875e-002 3.247594e+001 -2.611755e-008
v -3.233578e-001 3.100000e+001 1.339392e-001
v -3.538170e-001 3.102656e+001 1.465558e-001
v -4.180556e-001 3.110000e+001 1.731643e-001
v -4.753650e-001 3.121094e+001 1.969027e-001
v -4.850368e-001 3.135000e+001 2.009088e-001
v -4.207826e-001 3.150212e+001 1.742939e-001
v -3.218041e-001 3.160966e+001 1.332956e-001
v -2.293767e-001 3.168737e+001 9.501097e-002
v -1.847759e-001 3.175000e+001 7.653669e-002
v -1.945003e-001 3.181154e+001 8.056466e-002
v -2.234109e-001 3.188118e+001 9.253985e-002
v -2.503268e-001 3.196649e+001 1.036888e-001
v -2.540669e-001 3.207500e+001 1.052379e-001
v -2.203596e-001 3.219328e+001 9.127592e-002
v -1.680305e-001 3.227500e+001 6.960049e-002
v -1.182999e-001 3.233797e+001 4.900138e-002
v -9.238795e-002 3.240000e+001 3.826832e-002
v -7.405472e-002 3.244969e+001 3.067444e-002
v -4.272943e-002 3.247125e+001 1.769908e-002
v -1.313641e-002 3.247594e+001 5.441253e-003
v -2.474873e-001 3.100000e+001 2.474875e-001
v -2.707998e-001 3.102656e+001 2.707999e-001
v -3.199658e-001 3.110000e+001 3.199660e-001
v -3.638286e-001 3.121094e+001 3.638287e-001
v -3.712310e-001 3.135000e+001 3.712312e-001
v -3.220530e-001 3.150212e+001 3.220531e-001
v -2.462981e-001 3.160966e+001 2.462982e-001
v -1.755573e-001 3.168737e+001 1.755574e-001
v -1.414213e-001 3.175000e+001 1.414214e-001
v -1.488641e-001 3.181154e+001 1.488641e-001
v -1.709913e-001 3.188118e+001 1.709914e-001
v -1.915918e-001 3.196649e+001 1.915919e-001
v -1.944543e-001 3.207500e+001 1.944544e-001
v -1.686559e-001 3.219328e+001 1.686559e-001
v -1.286049e-001 3.227500e+001 1.286050e-001
v -9.054279e-002 3.233797e+001 9.054279e-002
v -7.071067e-002 3.240000e+001 7.071067e-002
v -5.667902e-002 3.244969e+001 5.667901e-002
v -3.270368e-002 3.247125e+001 3.270367e-002
v -1.005417e-002 3.247594e+001 1.005415e-002
v -1.339391e-001 3.100000e+001 3.233579e-001
v -1.465557e-001 3.102656e+001 3.538171e-001
v -1.731642e-001 3.110000e+001 4.180557e-001
v -1.969025e-001 3.121094e+001 4.753651e-001
v -2.009087e-001 3.135000e+001 4.850369e-001
v -1.742937e-001 3.150212e+001 4.207827e-001
v -1.332955e-001 3.160966e+001 3.218042e-001
v -9.501089e-002 3.168737e+001 2.293768e-001
v -7.653663e-002 3.175000e+001 1.847759e-001
v -8.056460e-002 3.181154e+001 1.945003e-001
v -9.253978e-002 3.188118e+001 2.234110e-001
v -1.036887e-001 3.196649e+001 2.503268e-001
v -1.052379e-001 3.207500e+001 2.540669e-001
v -9.127586e-002 3.219328e+001 2.203596e-001
v -6.960046e-002 3.227500e+001 1.680305e-001
v -4.900137e-002 3.233797e+001 1.182999e-001
v -3.826832e-002 3.240000e+001 9.238795e-002
v -3.067445e-002 3.244969e+001 7.405471e-002
v -1.769910e-002 3.247125e+001 4.272941e-002
v -5.441276e-003 3.247594e+001 1.313639e-002
v 4.173708e-009 3.100000e+001 3.500001e-001
v 4.566857e-009 3.102656e+001 3.829688e-001
v 5.396010e-009 3.110000e+001 4.525001e-001
v 6.135725e-009 3.121094e+001 5.145314e-001
v 6.260563e-009 3.135000e+001 5.250000e-001
v 5.431208e-009 3.150212e+001 4.554518e-001
v 4.153653e-009 3.160966e+001 3.483182e-001
v 2.960657e-009 3.168737e+001 2.482756e-001
v 2.384976e-009 3.175000e+001 2.000000e-001
v 2.510493e-009 3.181154e+001 2.105256e-001
v 2.883654e-009 3.188118e+001 2.418183e-001
v 3.231068e-009 3.196649e+001 2.709518e-001
v 3.279342e-009 3.207500e+001 2.750000e-001
v 2.844269e-009 3.219328e+001 2.385155e-001
v 2.168836e-009 3.227500e+001 1.818749e-001
v 1.526943e-009 3.233797e+001 1.280468e-001
v 1.192488e-009 3.240000e+001 9.999998e-002
v 9.558537e-010 3.244969e+001 8.015623e-002
v 5.515258e-010 3.247125e+001 4.624997e-002
v 1.695569e-010 3.247594e+001 1.421872e-002
v 1.339393e-001 3.100000e+001 3.233579e-001
v 1.465559e-001 3.102656e+001 3.538170e-001
v 1.731644e-001 3.110000e+001 4.180556e-001
v 1.969027e-001 3.121094e+001 4.753650e-001
v 2.009089e-001 3.135000e+001 4.850368e-001
v 1.742939e-001 3.150212e+001 4.207826e-001
v 1.332957e-001 3.160966e+001 3.218041e-001
v 9.501100e-002 3.168737e+001 2.293767e-001
v 7.653672e-002 3.175000e+001 1.847759e-001
v 8.056470e-002 3.181154e+001 1.945003e-001
v 9.253989e-002 3.188118e+001 2.234109e-001
v 1.036888e-001 3.196649e+001 2.503268e-001
v 1.052380e-001 3.207500e+001 2.540669e-001
v 9.127598e-002 3.219328e+001 2.203596e-001
v 6.960054e-002 3.227500e+001 1.680305e-001
v 4.900143e-002 3.233797e+001 1.182998e-001
v 3.826836e-002 3.240000e+001 9.238793e-002
v 3.067448e-002 3.244969e+001 7.405469e-002
v 1.769912e-002 3.247125e+001 4.272940e-002
v 5.441282e-003 3.247594e+001 1.313638e-002
v 2.474875e-001 3.100000e+001 2.474873e-001
v 2.707999e-001 3.102656e+001 2.707998e-001
v 3.199660e-001 3.110000e+001 3.199658e-001
v 3.638287e-001 3.121094e+001 3.638285e-001
v 3.712312e-001 3.135000e+001 3.712310e-001
v 3.220532e-001 3.150212e+001 3.220529e-001
v 2.462983e-001 3.160966e+001 2.462981e-001
v 1.755574e-001 3.168737e+001 1.755573e-001
v 1.414214e-001 3.175000e+001 1.414213e-001
v 1.488642e-001 3.181154e+001 1.488640e-001
v 1.709914e-001 3.188118e+001 1.709913e-001
v 1.915919e-001 3.196649e+001 1.915918e-001
v 1.944544e-001 3.207500e+001 1.944543e-001
v 1.686560e-001 3.219328e+001 1.686559e-001
v 1.286050e-001 3.227500e+001 1.286049e-001
v 9.054283e-002 3.233797e+001 9.054274e-002
v 7.071070e-002 3.240000e+001 7.071064e-002
v 5.667905e-002 3.244969e+001 5.667898e-002
v 3.270370e-002 3.247125e+001 3.270365e-002
v 1.005418e-002 3.247594e+001 1.005414e-002
v 3.233579e-001 3.100000e+001 1.339392e-001
v 3.538170e-001 3.102656e+001 1.465558e-001
v 4.180556e-001 3.110000e+001 1.731643e-001
v 4.753650e-001 3.121094e+001 1.969027e-001
v 4.850368e-001 3.135000e+001 2.009088e-001
v 4.207826e-001 3.150212e+001 1.742939e-001
v 3.218041e-001 3.160966e+001 1.332956e-001
v 2.293768e-001 3.168737e+001 9.501097e-002
v 1.847759e-001 3.175000e+001 7.653669e-002
v 1.945003e-001 3.181154e+001 8.056466e-002
v 2.234110e-001 3.188118e+001 9.253985e-002
v 2.503268e-001 3.196649e+001 1.036888e-001
v 2.540669e-001 3.207500e+001 1.052379e-001
v 2.203596e-001 3.219328e+001 9.127592e-002
v 1.680305e-001 3.227500e+001 6.960049e-002
v 1.182999e-001 3.233797e+001 4.900138e-002
v 9.238796e-002 3.240000e+001 3.826832e-002
v 7.405472e-002 3.244969e+001 3.067444e-002
v 4.272943e-002 3.247125e+001 1.769908e-002
v 1.313641e-002 3.247594e+001 5.441253e-003
v -7.000000e-001 2.700000e+001 -7.000000e-001
v -7.000000e-001 2.700000e+001 -6.000000e-001
v -6.000000e-001 2.700000e+001 -6.000000e-001
v -6.000000e-001 2.700000e+001 -7.000000e-001
v 6.000000e-001 2.700000e+001 -6.000000e-001
v 6.000000e-001 2.700000e+001 -7.000000e-001
v 7.000000e-001 2.700000e+001 -6.000000e-001
v 7.000000e-001 2.700000e+001 -7.000000e-001
v -7.000000e-001 2.700000e+001 -2.500000e-001
v -6.000000e-001 2.700000e+001 -2.500000e-001
v 6.000000e-001 2.700000e+001 -2.500000e-001
v 7.000000e-001 2.700000e+001 -2.500000e-001
v -7.000000e-001 2.700000e+001 2.500000e-001
v -6.000000e-001 2.700000e+001 2.500000e-001
v 6.000000e-001 2.700000e+001 2.500000e-001
v 7.000000e-001 2.700000e+001 2.500000e-001
v -7.000000e-001 2.700000e+001 6.000000e-001
v -6.000000e-001 2.700000e+001 6.000000e-001
v 6.000000e-001 2.700000e+001 6.000000e-001
v 7.000000e-001 2.700000e+001 6.000000e-001
v -7.000000e-001 2.700000e+001 7.000000e-001
v -6.000000e-001 2.700000e+001 7.000000e-001
v 6.000000e-001 2.700000e+001 7.000000e-001
v 7.000000e-001 2.700000e+001 7.000000e-001
v -7.000000e-001 2.715000e+001 -7.000000e-001
v -7.000000e-001 2.715000e+001 -6.000000e-001
v -6.000000e-001 2.715000e+001 -7.000000e-001
v -7.000000e-001 2.715000e+001 -2.500000e-001
v -6.000000e-001 2.715000e+001 -6.000000e-001
v 6.000000e-001 2.715000e+001 -6.000000e-001
v -6.000000e-001 2.715000e+001 -2.500000e-001
v 6.000000e-001 2.715000e+001 -7.000000e-001
v 6.000000e-001 2.715000e+001 -2.500000e-001
v 7.000000e-001 2.715000e+001 -7.000000e-001
v 7.000000e-001 2.715000e+001 -6.000000e-001
v 7.000000e-001 2.715000e+001 -2.500000e-001
v -7.000000e-001 2.715000e+001 2.500000e-001
v 7.000000e-001 2.715000e+001 2.500000e-001
v -7.000000e-001 2.715000e+001 6.000000e-001
v -6.000000e-001 2.715000e+001 2.500000e-001
v -6.000000e-001 2.715000e+001 6.000000e-001
v 6.000000e-001 2.715000e+001 2.500000e-001
v 6.000000e-001 2.715000e+001 6.000000e-001
v 7.000000e-001 2.715000e+001 6.000000e-001
v -7.000000e-001 2.715000e+001 7.000000e-001
v 7.000000e-001 2.715000e+001 7.000000e-001
v -6.000000e-001 2.715000e+001 7.000000e-001
v 6.000000e-001 2.715000e+001 7.000000e-001
v -1.350000e+000 3.000000e+001 -1.350000e+000
v -1.350000e+000 3.000000e+001 -1.250000e+000
v -1.250000e+000 3.000000e+001 -1.350000e+000
v 1.250000e+000 3.000000e+001 -1.350000e+000
v 1.350000e+000 3.000000e+001 -1.350000e+000
v 1.350000e+000 3.000000e+001 -1.250000e+000
v -1.350000e+000 3.000000e+001 1.250000e+000
v -1.350000e+000 3.000000e+001 1.350000e+000
v 1.350000e+000 3.000000e+001 1.250000e+000
v 1.350000e+000 3.000000e+001 1.350000e+000
v -1.250000e+000 3.000000e+001 1.350000e+000
v 1.250000e+000 3.000000e+001 1.350000e+000
v 1.250000e+000 3.000000e+001 -1.250000e+000
v -1.250000e+000 3.000000e+001 -1.250000e+000
v -1.250000e+000 3.000000e+001 1.250000e+000
v 1.250000e+000 3.000000e+001 1.250000e+000
v -1.400000e+000 3.000000e+001 -1.400000e+000
v -1.400000e+000 3.000000e+001 -1.250000e+000
v -1.250000e+000 3.000000e+001 -1.400000e+000
v 1.250000e+000 3.000000e+001 -1.400000e+000
v 1.400000e+000 3.000000e+001 -1.400000e+000
v 1.400000e+000 3.000000e+001 -1.250000e+000
v -1.400000e+000 3.000000e+001 1.250000e+000
v -1.400000e+000 3.000000e+001 1.400000e+000
v -1.250000e+000 3.000000e+001 1.400000e+000
v 1.400000e+000 3.000000e+001 1.250000e+000
v 1.400000e+000 3.000000e+001 1.400000e+000
v 1.250000e+000 3.000000e+001 1.400000e+000
v -1.400000e+000 3.005000e+001 -1.400000e+000
v -1.400000e+000 3.005000e+001 -1.250000e+000
v -1.250000e+000 3.005000e+001 -1.400000e+000
v -1.400000e+000 3.005000e+001 1.250000e+000
v 1.250000e+000 3.005000e+001 -1.400000e+000
v 1.400000e+000 3.005000e+001 -1.400000e+000
v 1.400000e+000 3.005000e+001 -1.250000e+000
v 1.400000e+000 3.005000e+001 1.250000e+000
v -1.400000e+000 3.005000e+001 1.400000e+000
v -1.250000e+000 3.005000e+001 1.400000e+000
v 1.250000e+000 3.005000e+001 1.400000e+000
v 1.400000e+000 3.005000e+001 1.400000e+000
v 0.000000e+000 3.135000e+001 0.000000e+000
v 3.000000e-001 2.950000e+001 -5.245367e-008
v 3.000000e-001 2.750000e+001 -5.245367e-008
v 2.771639e-001 2.950000e+001 1.148050e-001
v 2.771639e-001 2.750000e+001 1.148050e-001
v 2.121320e-001 2.950000e+001 2.121321e-001
v 2.121320e-001 2.750000e+001 2.121321e-001
v 1.148050e-001 2.950000e+001 2.771639e-001
v 1.148050e-001 2.750000e+001 2.771639e-001
v -1.394737e-007 2.950000e+001 3.000000e-001
v -1.394737e-007 2.750000e+001 3.000000e-001
v -1.148052e-001 2.950000e+001 2.771638e-001
v -1.148052e-001 2.750000e+001 2.771638e-001
v -2.121322e-001 2.950000e+001 2.121319e-001
v -2.121322e-001 2.750000e+001 2.121319e-001
v -2.771639e-001 2.950000e+001 1.148049e-001
v -2.771639e-001 2.750000e+001 1.148049e-001
v -3.000000e-001 2.950000e+001 -1.168243e-007
v -3.000000e-001 2.750000e+001 -1.168243e-007
v -2.771638e-001 2.950000e+001 -1.148051e-001
v -2.771638e-001 2.750000e+001 -1.148051e-001
v -2.121320e-001 2.950000e+001 -2.121321e-001
v -2.121320e-001 2.750000e+001 -2.121321e-001
v -1.148050e-001 2.950000e+001 -2.771639e-001
v -1.148050e-001 2.750000e+001 -2.771639e-001
v 9.417494e-008 2.950000e+001 -3.000000e-001
v 9.417494e-008 2.750000e+001 -3.000000e-001
v 1.148051e-001 2.950000e+001 -2.771638e-001
v 1.148051e-001 2.750000e+001 -2.771638e-001
v 2.121321e-001 2.950000e+001 -2.121320e-001
v 2.121321e-001 2.750000e+001 -2.121320e-001
v 2.771639e-001 2.950000e+001 -1.148049e-001
v 2.771639e-001 2.750000e+001 -1.148049e-001
v 1.967012e-008 2.750000e+001 1.967013e-008
v 3.000000e-001 2.750000e+001 1.967013e-008
v 3.500000e-001 2.760000e+001 1.529899e-008
v 4.000000e-001 2.760000e+001 1.529899e-008
v 3.500000e-001 2.745000e+001 2.185570e-008
v 2.500000e-001 2.740000e+001 2.404126e-008
v 2.500000e-001 2.715000e+001 3.496911e-008
v 3.496910e-008 2.715000e+001 3.496911e-008
v 2.771639e-001 2.750000e+001 -1.148050e-001
v 3.233578e-001 2.760000e+001 -1.339392e-001
v 3.695518e-001 2.760000e+001 -1.530734e-001
v 3.233578e-001 2.745000e+001 -1.339392e-001
v 2.309699e-001 2.740000e+001 -9.567084e-002
v 2.309699e-001 2.715000e+001 -9.567083e-002
v 2.121321e-001 2.750000e+001 -2.121320e-001
v 2.474874e-001 2.760000e+001 -2.474874e-001
v 2.828427e-001 2.760000e+001 -2.828427e-001
v 2.474874e-001 2.745000e+001 -2.474874e-001
v 1.767767e-001 2.740000e+001 -1.767767e-001
v 1.767767e-001 2.715000e+001 -1.767767e-001
v 1.148050e-001 2.750000e+001 -2.771638e-001
v 1.339392e-001 2.760000e+001 -3.233578e-001
v 1.530734e-001 2.760000e+001 -3.695518e-001
v 1.339392e-001 2.745000e+001 -3.233578e-001
v 9.567086e-002 2.740000e+001 -2.309699e-001
v 9.567086e-002 2.715000e+001 -2.309699e-001
v -1.311342e-008 2.750000e+001 -3.000000e-001
v -1.529899e-008 2.760000e+001 -3.500000e-001
v -1.748456e-008 2.760000e+001 -4.000000e-001
v -1.529899e-008 2.745000e+001 -3.500000e-001
v -1.092785e-008 2.740000e+001 -2.500000e-001
v -1.092785e-008 2.715000e+001 -2.500000e-001
v -1.148051e-001 2.750000e+001 -2.771638e-001
v -1.339392e-001 2.760000e+001 -3.233578e-001
v -1.530734e-001 2.760000e+001 -3.695518e-001
v -1.339392e-001 2.745000e+001 -3.233578e-001
v -9.567088e-002 2.740000e+001 -2.309699e-001
v -9.567088e-002 2.715000e+001 -2.309699e-001
v -2.121321e-001 2.750000e+001 -2.121320e-001
v -2.474874e-001 2.760000e+001 -2.474874e-001
v -2.828427e-001 2.760000e+001 -2.828427e-001
v -2.474874e-001 2.745000e+001 -2.474874e-001
v -1.767767e-001 2.740000e+001 -1.767767e-001
v -1.767767e-001 2.715000e+001 -1.767767e-001
v -2.771639e-001 2.750000e+001 -1.148050e-001
v -3.233579e-001 2.760000e+001 -1.339391e-001
v -3.695519e-001 2.760000e+001 -1.530733e-001
v -3.233579e-001 2.745000e+001 -1.339391e-001
v -2.309699e-001 2.740000e+001 -9.567080e-002
v -2.309699e-001 2.715000e+001 -9.567079e-002
v -3.000000e-001 2.750000e+001 4.589696e-008
v -3.500000e-001 2.760000e+001 4.589696e-008
v -4.000000e-001 2.760000e+001 5.026810e-008
v -3.500000e-001 2.745000e+001 5.245367e-008
v -2.500000e-001 2.740000e+001 4.589696e-008
v -2.500000e-001 2.715000e+001 5.682481e-008
v -2.771639e-001 2.750000e+001 1.148051e-001
v -3.233578e-001 2.760000e+001 1.339392e-001
v -3.695518e-001 2.760000e+001 1.530734e-001
v -3.233578e-001 2.745000e+001 1.339392e-001
v -2.309699e-001 2.740000e+001 9.567089e-002
v -2.309699e-001 2.715000e+001 9.567090e-002
v -2.121320e-001 2.750000e+001 2.121321e-001
v -2.474873e-001 2.760000e+001 2.474874e-001
v -2.828427e-001 2.760000e+001 2.828428e-001
v -2.474873e-001 2.745000e+001 2.474874e-001
v -1.767767e-001 2.740000e+001 1.767768e-001
v -1.767767e-001 2.715000e+001 1.767768e-001
v -1.148049e-001 2.750000e+001 2.771640e-001
v -1.339391e-001 2.760000e+001 3.233579e-001
v -1.530733e-001 2.760000e+001 3.695519e-001
v -1.339391e-001 2.745000e+001 3.233579e-001
v -9.567079e-002 2.740000e+001 2.309700e-001
v -9.567079e-002 2.715000e+001 2.309700e-001
v 3.577464e-009 2.750000e+001 3.000000e-001
v 4.173708e-009 2.760000e+001 3.500001e-001
v 4.769952e-009 2.760000e+001 4.000000e-001
v 4.173708e-009 2.745000e+001 3.500001e-001
v 2.981220e-009 2.740000e+001 2.500000e-001
v 2.981220e-009 2.715000e+001 2.500000e-001
v 1.148051e-001 2.750000e+001 2.771639e-001
v 1.339393e-001 2.760000e+001 3.233579e-001
v 1.530734e-001 2.760000e+001 3.695518e-001
v 1.339393e-001 2.745000e+001 3.233579e-001
v 9.567090e-002 2.740000e+001 2.309699e-001
v 9.567090e-002 2.715000e+001 2.309699e-001
v 2.121321e-001 2.750000e+001 2.121320e-001
v 2.474875e-001 2.760000e+001 2.474873e-001
v 2.828428e-001 2.760000e+001 2.828427e-001
v 2.474875e-001 2.745000e+001 2.474873e-001
v 1.767768e-001 2.740000e+001 1.767767e-001
v 1.767768e-001 2.715000e+001 1.767767e-001
v 2.771639e-001 2.750000e+001 1.148051e-001
v 3.233579e-001 2.760000e+001 1.339392e-001
v 3.695518e-001 2.760000e+001 1.530734e-001
v 3.233579e-001 2.745000e+001 1.339392e-001
v 2.309699e-001 2.740000e+001 9.567089e-002
v 2.309699e-001 2.715000e+001 9.567090e-002
v 4.371134e-009 2.820000e+001 4.371139e-009
v 5.000000e-002 2.820000e+001 4.371139e-009
v 1.000000e-001 2.800000e+001 1.311342e-008
v 1.000000e-001 2.750000e+001 2.622683e-008
v 3.535534e-002 2.820000e+001 -3.535534e-002
v 7.071068e-002 2.800000e+001 -7.071067e-002
v 7.071068e-002 2.750000e+001 -7.071066e-002
v -2.185570e-009 2.820000e+001 -5.000000e-002
v -4.371139e-009 2.800000e+001 -9.999999e-002
v -4.371139e-009 2.750000e+001 -9.999998e-002
v -3.535534e-002 2.820000e+001 -3.535534e-002
v -7.071068e-002 2.800000e+001 -7.071067e-002
v -7.071068e-002 2.750000e+001 -7.071066e-002
v -5.000000e-002 2.820000e+001 8.742278e-009
v -1.000000e-001 2.800000e+001 2.185570e-008
v -1.000000e-001 2.750000e+001 3.496911e-008
v -3.535533e-002 2.820000e+001 3.535535e-002
v -7.071067e-002 2.800000e+001 7.071070e-002
v -7.071067e-002 2.750000e+001 7.071071e-002
v 5.962441e-010 2.820000e+001 5.000000e-002
v 1.192488e-009 2.800000e+001 1.000000e-001
v 1.192488e-009 2.750000e+001 1.000000e-001
v 3.535535e-002 2.820000e+001 3.535533e-002
v 7.071070e-002 2.800000e+001 7.071067e-002
v 7.071070e-002 2.750000e+001 7.071068e-002
v 5.000000e-002 2.830000e+001 5.500001e-002
v 5.000000e-002 2.830354e+001 5.353554e-002
v 5.000000e-002 2.830500e+001 5.000000e-002
v 5.000000e-002 2.830354e+001 4.646447e-002
v 5.000000e-002 2.830000e+001 4.500001e-002
v 5.000000e-002 2.829647e+001 4.646447e-002
v 5.000000e-002 2.829500e+001 5.000000e-002
v 5.000000e-002 2.829647e+001 5.353554e-002
v 1.124998e-001 2.830000e+001 5.499995e-002
v 1.135782e-001 2.830353e+001 5.353548e-002
v 1.140449e-001 2.830500e+001 4.999995e-002
v 1.135782e-001 2.830353e+001 4.646441e-002
v 1.124998e-001 2.830000e+001 4.499995e-002
v 1.114213e-001 2.829647e+001 4.646441e-002
v 1.109546e-001 2.829500e+001 4.999995e-002
v 1.114213e-001 2.829647e+001 5.353548e-002
v 1.749995e-001 2.830000e+001 5.499989e-002
v 1.771846e-001 2.830354e+001 5.353542e-002
v 1.780899e-001 2.830500e+001 4.999989e-002
v 1.771846e-001 2.830354e+001 4.646435e-002
v 1.749995e-001 2.830000e+001 4.499989e-002
v 1.728142e-001 2.829647e+001 4.646435e-002
v 1.719092e-001 2.829500e+001 4.999989e-002
v 1.728142e-001 2.829647e+001 5.353542e-002
v 1.875010e-001 2.827500e+001 5.499992e-002
v 1.903615e-001 2.827717e+001 5.353546e-002
v 1.915464e-001 2.827809e+001 4.999992e-002
v 1.903615e-001 2.827717e+001 4.646438e-002
v 1.875010e-001 2.827500e+001 4.499992e-002
v 1.846406e-001 2.827284e+001 4.646438e-002
v 1.834558e-001 2.827191e+001 4.999992e-002
v 1.846406e-001 2.827284e+001 5.353546e-002
v 2.000024e-001 2.825001e+001 5.499995e-002
v 2.035383e-001 2.825084e+001 5.353549e-002
v 2.050029e-001 2.825118e+001 4.999995e-002
v 2.035383e-001 2.825084e+001 4.646441e-002
v 2.000024e-001 2.825001e+001 4.499995e-002
v 1.964670e-001 2.824917e+001 4.646441e-002
v 1.950025e-001 2.824883e+001 4.999995e-002
v 1.964670e-001 2.824917e+001 5.353549e-002
v 2.000029e-001 2.787501e+001 5.499998e-002
v 2.035384e-001 2.787542e+001 5.353551e-002
v 2.050033e-001 2.787560e+001 4.999998e-002
v 2.035384e-001 2.787542e+001 4.646444e-002
v 2.000029e-001 2.787501e+001 4.499998e-002
v 1.964678e-001 2.787459e+001 4.646444e-002
v 1.950029e-001 2.787441e+001 4.999998e-002
v 1.964678e-001 2.787459e+001 5.353551e-002
v 2.000034e-001 2.750001e+001 5.500001e-002
v 2.035392e-001 2.750001e+001 5.353554e-002
v 2.050037e-001 2.750001e+001 5.000000e-002
v 2.035392e-001 2.750001e+001 4.646447e-002
v 2.000034e-001 2.750001e+001 4.500001e-002
v 1.964679e-001 2.750001e+001 4.646447e-002
v 1.950034e-001 2.750001e+001 5.000000e-002
v 1.964679e-001 2.750001e+001 5.353554e-002
v -7.000000e-001 2.715000e+001 -6.000000e-001
v -6.000000e-001 2.715000e+001 -7.000000e-001
v -7.000000e-001 2.715000e+001 -2.500000e-001
v -6.000000e-001 2.715000e+001 -6.000000e-001
v 6.000000e-001 2.715000e+001 -6.000000e-001
v -6.000000e-001 2.715000e+001 -2.500000e-001
v 6.000000e-001 2.715000e+001 -7.000000e-001
v 6.000000e-001 2.715000e+001 -2.500000e-001
v 7.000000e-001 2.715000e+001 -6.000000e-001
v 7.000000e-001 2.715000e+001 -2.500000e-001
v -7.000000e-001 2.715000e+001 2.500000e-001
v 7.000000e-001 2.715000e+001 2.500000e-001
v -7.000000e-001 2.715000e+001 6.000000e-001
v -6.000000e-001 2.715000e+001 2.500000e-001
v -6.000000e-001 2.715000e+001 6.000000e-001
v 6.000000e-001 2.715000e+001 2.500000e-001
v 6.000000e-001 2.715000e+001 6.000000e-001
v 7.000000e-001 2.715000e+001 6.000000e-001
v -6.000000e-001 2.715000e+001 7.000000e-001
v 6.000000e-001 2.715000e+001 7.000000e-001
v -1.350000e+000 3.000000e+001 -1.250000e+000
v -1.250000e+000 3.000000e+001 -1.350000e+000
v 1.250000e+000 3.000000e+001 -1.350000e+000
v 1.350000e+000 3.000000e+001 -1.250000e+000
v -1.350000e+000 3.000000e+001 1.250000e+000
v 1.350000e+000 3.000000e+001 1.250000e+000
v -1.250000e+000 3.000000e+001 1.350000e+000
v 1.250000e+000 3.000000e+001 1.350000e+000
v 0.000000e+000 2.700000e+001 0.000000e+000
v 2.000000e-001 2.700000e+001 0.000000e+000
v 2.000000e-001 2.640000e+001 2.622683e-008
v 3.000000e-001 2.630000e+001 3.059797e-008
v 3.000000e-001 2.610000e+001 3.934025e-008
v 3.062553e-001 2.609583e+001 3.952252e-008
v 3.234556e-001 2.608436e+001 4.002375e-008
v 3.492527e-001 2.606717e+001 4.077551e-008
v 3.812982e-001 2.604580e+001 4.170933e-008
v 4.172440e-001 2.602184e+001 4.275682e-008
v 4.547417e-001 2.599684e+001 4.384955e-008
v 4.914432e-001 2.597237e+001 4.491907e-008
v 5.250001e-001 2.595000e+001 4.589696e-008
v 5.519044e-001 2.592383e+001 4.704097e-008
v 5.761719e-001 2.588594e+001 4.869722e-008
v 5.975099e-001 2.584102e+001 5.066082e-008
v 6.156251e-001 2.579375e+001 5.272686e-008
v 6.302247e-001 2.574883e+001 5.469046e-008
v 6.410157e-001 2.571094e+001 5.634671e-008
v 6.477052e-001 2.568477e+001 5.749072e-008
v 6.500001e-001 2.567500e+001 5.791759e-008
v 6.521485e-001 2.567449e+001 5.794009e-008
v 6.578126e-001 2.567257e+001 5.802395e-008
v 6.658204e-001 2.566868e+001 5.819384e-008
v 6.750001e-001 2.566226e+001 5.847440e-008
v 6.841798e-001 2.565275e+001 5.889026e-008
v 6.921876e-001 2.563958e+001 5.946604e-008
v 6.978517e-001 2.562218e+001 6.022640e-008
v 7.000001e-001 2.560000e+001 6.119594e-008
v 6.978517e-001 2.557668e+001 6.221531e-008
v 6.921876e-001 2.555875e+001 6.299904e-008
v 6.841798e-001 2.554551e+001 6.357787e-008
v 6.750001e-001 2.553625e+001 6.398255e-008
v 6.658204e-001 2.553028e+001 6.424379e-008
v 6.578126e-001 2.552688e+001 6.439235e-008
v 6.521485e-001 2.552535e+001 6.445893e-008
v 6.500001e-001 2.552500e+001 6.447430e-008
v 6.492540e-001 2.551720e+001 6.481511e-008
v 6.462814e-001 2.549581e+001 6.575013e-008
v 6.399806e-001 2.546383e+001 6.714821e-008
v 6.292501e-001 2.542425e+001 6.887822e-008
v 6.129884e-001 2.538008e+001 7.080904e-008
v 5.900939e-001 2.533431e+001 7.280951e-008
v 5.594649e-001 2.528996e+001 7.474853e-008
v 5.200002e-001 2.525000e+001 7.649493e-008
v 4.933094e-001 2.522928e+001 7.740068e-008
v 4.635554e-001 2.520838e+001 7.831425e-008
v 4.327790e-001 2.518821e+001 7.919598e-008
v 4.030215e-001 2.516967e+001 8.000627e-008
v 3.763237e-001 2.515368e+001 8.070546e-008
v 3.547268e-001 2.514113e+001 8.125395e-008
v 3.402719e-001 2.513293e+001 8.161211e-008
v 3.350001e-001 2.513000e+001 8.174030e-008
v 3.325782e-001 2.512301e+001 8.204594e-008
v 3.268751e-001 2.510406e+001 8.287407e-008
v 3.202344e-001 2.507621e+001 8.409149e-008
v 3.150001e-001 2.504250e+001 8.556505e-008
v 3.135157e-001 2.500598e+001 8.716154e-008
v 3.181251e-001 2.496969e+001 8.874778e-008
v 3.311720e-001 2.493668e+001 9.019060e-008
v 3.550001e-001 2.491000e+001 9.135680e-008
v 3.609650e-001 2.490507e+001 9.157246e-008
v 3.667189e-001 2.489903e+001 9.183627e-008
v 3.720509e-001 2.489154e+001 9.216359e-008
v 3.767501e-001 2.488225e+001 9.256979e-008
v 3.806056e-001 2.487080e+001 9.307026e-008
v 3.834064e-001 2.485685e+001 9.368033e-008
v 3.849415e-001 2.484003e+001 9.441541e-008
v 3.850001e-001 2.482000e+001 9.529083e-008
v 3.818166e-001 2.479857e+001 9.622734e-008
v 3.747355e-001 2.478014e+001 9.703322e-008
v 3.650891e-001 2.476465e+001 9.771026e-008
v 3.542094e-001 2.475207e+001 9.826024e-008
v 3.434285e-001 2.474235e+001 9.868493e-008
v 3.340786e-001 2.473546e+001 9.898607e-008
v 3.274917e-001 2.473136e+001 9.916545e-008
v 3.250001e-001 2.473000e+001 9.922486e-008
v 3.262071e-001 2.472690e+001 9.936060e-008
v 3.294064e-001 2.471828e+001 9.973710e-008
v 3.339649e-001 2.470522e+001 1.003082e-007
v 3.392501e-001 2.468875e+001 1.010280e-007
v 3.446290e-001 2.466994e+001 1.018501e-007
v 3.494689e-001 2.464985e+001 1.027286e-007
v 3.531368e-001 2.462951e+001 1.036173e-007
v 3.550001e-001 2.461000e+001 1.044702e-007
v 3.557889e-001 2.455630e+001 1.068174e-007
v 3.532147e-001 2.451332e+001 1.086961e-007
v 3.470605e-001 2.447837e+001 1.102239e-007
v 3.371096e-001 2.444876e+001 1.115181e-007
v 3.231450e-001 2.442181e+001 1.126963e-007
v 3.049498e-001 2.439482e+001 1.138759e-007
v 2.823071e-001 2.436512e+001 1.151745e-007
v 2.550001e-001 2.433000e+001 1.167094e-007
v 2.336955e-001 2.429891e+001 1.180684e-007
v 2.188127e-001 2.426991e+001 1.193362e-007
v 2.096486e-001 2.424264e+001 1.205282e-007
v 2.055002e-001 2.421675e+001 1.216597e-007
v 2.056642e-001 2.419190e+001 1.227462e-007
v 2.094377e-001 2.416772e+001 1.238030e-007
v 2.161173e-001 2.414387e+001 1.248454e-007
v 2.250001e-001 2.412000e+001 1.258888e-007
v 2.265318e-001 2.411213e+001 1.262328e-007
v 2.281819e-001 2.409727e+001 1.268826e-007
v 2.298509e-001 2.407788e+001 1.277299e-007
v 2.314395e-001 2.405646e+001 1.286664e-007
v 2.328481e-001 2.403548e+001 1.295834e-007
v 2.339774e-001 2.401742e+001 1.303727e-007
v 2.347279e-001 2.400477e+001 1.309257e-007
v 2.350001e-001 2.400000e+001 1.311342e-007
v 2.050001e-001 2.400000e+001 1.311342e-007
v 2.350003e-001 1.949000e+001 3.282725e-007
v 2.362293e-001 1.949047e+001 3.282521e-007
v 2.401067e-001 1.949054e+001 3.282492e-007
v 2.469185e-001 1.948819e+001 3.283517e-007
v 2.569506e-001 1.948142e+001 3.286474e-007
v 2.704890e-001 1.946823e+001 3.292241e-007
v 2.878194e-001 1.944660e+001 3.301695e-007
v 3.092279e-001 1.941453e+001 3.315716e-007
v 3.350003e-001 1.937000e+001 3.335179e-007
v 3.384456e-001 1.935552e+001 3.341509e-007
v 3.400629e-001 1.933103e+001 3.352213e-007
v 3.402738e-001 1.930022e+001 3.365683e-007
v 3.395003e-001 1.926675e+001 3.380311e-007
v 3.381644e-001 1.923432e+001 3.394488e-007
v 3.366879e-001 1.920659e+001 3.406606e-007
v 3.354926e-001 1.918726e+001 3.415057e-007
v 3.350004e-001 1.918000e+001 3.418231e-007
v 2.950003e-001 1.918000e+001 3.418231e-007
v 2.954383e-001 1.916733e+001 3.423772e-007
v 2.974841e-001 1.913261e+001 3.438947e-007
v 3.022355e-001 1.908083e+001 3.461580e-007
v 3.107903e-001 1.901696e+001 3.489500e-007
v 3.242464e-001 1.894596e+001 3.520532e-007
v 3.437016e-001 1.887283e+001 3.552502e-007
v 3.702536e-001 1.880251e+001 3.583236e-007
v 4.050004e-001 1.874000e+001 3.610561e-007
v 4.798013e-001 1.860737e+001 3.668535e-007
v 5.065318e-001 1.850397e+001 3.713733e-007
v 4.969342e-001 1.842377e+001 3.748789e-007
v 4.627505e-001 1.836075e+001 3.776336e-007
v 4.157232e-001 1.830889e+001 3.799006e-007
v 3.675942e-001 1.826216e+001 3.819433e-007
v 3.301058e-001 1.821454e+001 3.840249e-007
v 3.150004e-001 1.816000e+001 3.864087e-007
v 3.200590e-001 1.810539e+001 3.887957e-007
v 3.339066e-001 1.806063e+001 3.907525e-007
v 3.545512e-001 1.802430e+001 3.923405e-007
v 3.800004e-001 1.799500e+001 3.936211e-007
v 4.082621e-001 1.797133e+001 3.946558e-007
v 4.373442e-001 1.795188e+001 3.955061e-007
v 4.652543e-001 1.793524e+001 3.962335e-007
v 4.900004e-001 1.792000e+001 3.968994e-007
v 5.106645e-001 1.789820e+001 3.978522e-007
v 5.278130e-001 1.786563e+001 3.992762e-007
v 5.416802e-001 1.782648e+001 4.009871e-007
v 5.525004e-001 1.778500e+001 4.028005e-007
v 5.605083e-001 1.774539e+001 4.045318e-007
v 5.659379e-001 1.771188e+001 4.059968e-007
v 5.690239e-001 1.768867e+001 4.070111e-007
v 5.700005e-001 1.768000e+001 4.073902e-007
v 5.653442e-001 1.768065e+001 4.073618e-007
v 5.522504e-001 1.768106e+001 4.073437e-007
v 5.320317e-001 1.767895e+001 4.074363e-007
v 5.060004e-001 1.767200e+001 4.077399e-007
v 4.754692e-001 1.765793e+001 4.083549e-007
v 4.417504e-001 1.763444e+001 4.093818e-007
v 4.061567e-001 1.759923e+001 4.109209e-007
v 3.700004e-001 1.755000e+001 4.130726e-007
v 3.487708e-001 1.751231e+001 4.147203e-007
v 3.332191e-001 1.747692e+001 4.162671e-007
v 3.224678e-001 1.744468e+001 4.176763e-007
v 3.156393e-001 1.741643e+001 4.189113e-007
v 3.118559e-001 1.739300e+001 4.199355e-007
v 3.102400e-001 1.737522e+001 4.207124e-007
v 3.099141e-001 1.736395e+001 4.212054e-007
v 3.100004e-001 1.736000e+001 4.213778e-007
v 3.160981e-001 1.735903e+001 4.214201e-007
v 3.321567e-001 1.735525e+001 4.215854e-007
v 3.548246e-001 1.734735e+001 4.219310e-007
v 3.807504e-001 1.733400e+001 4.225143e-007
v 4.065824e-001 1.731391e+001 4.233926e-007
v 4.289692e-001 1.728575e+001 4.246234e-007
v 4.445590e-001 1.724822e+001 4.262639e-007
v 4.500004e-001 1.720000e+001 4.283716e-007
v 4.488799e-001 1.715306e+001 4.304233e-007
v 4.465938e-001 1.711683e+001 4.320072e-007
v 4.425456e-001 1.708908e+001 4.332202e-007
v 4.361390e-001 1.706760e+001 4.341591e-007
v 4.267775e-001 1.705017e+001 4.349211e-007
v 4.138649e-001 1.703457e+001 4.356029e-007
v 3.968047e-001 1.701859e+001 4.363015e-007
v 3.750004e-001 1.700000e+001 4.371139e-007
v 3.498603e-001 1.696964e+001 4.384410e-007
v 3.310763e-001 1.692978e+001 4.401833e-007
v 3.177227e-001 1.688460e+001 4.421581e-007
v 3.088734e-001 1.683828e+001 4.441830e-007
v 3.036025e-001 1.679498e+001 4.460756e-007
v 3.009841e-001 1.675889e+001 4.476534e-007
v 3.000920e-001 1.673417e+001 4.487338e-007
v 3.000004e-001 1.672500e+001 4.491345e-007
v 2.750005e-001 1.672500e+001 4.491345e-007
v 3.000006e-001 1.257500e+001 6.305368e-007
v 4.000006e-001 1.257500e+001 6.305368e-007
v 4.009186e-001 1.253018e+001 6.324961e-007
v 4.035944e-001 1.240859e+001 6.378107e-007
v 4.079108e-001 1.222959e+001 6.456352e-007
v 4.137506e-001 1.201250e+001 6.551244e-007
v 4.209967e-001 1.177666e+001 6.654333e-007
v 4.295319e-001 1.154141e+001 6.757166e-007
v 4.392389e-001 1.132607e+001 6.851291e-007
v 4.500007e-001 1.115000e+001 6.928256e-007
v 4.851843e-001 1.077964e+001 7.090146e-007
v 5.270563e-001 1.048856e+001 7.217380e-007
v 5.734962e-001 1.026145e+001 7.316651e-007
v 6.223836e-001 1.008302e+001 7.394646e-007
v 6.715981e-001 9.937965e+000 7.458053e-007
v 7.190195e-001 9.810977e+000 7.513561e-007
v 7.625271e-001 9.686756e+000 7.567859e-007
v 8.000008e-001 9.550000e+000 7.627638e-007
v 8.097940e-001 9.468824e+000 7.663120e-007
v 8.050796e-001 9.388821e+000 7.698092e-007
v 7.899266e-001 9.312965e+000 7.731249e-007
v 7.684041e-001 9.244231e+000 7.761294e-007
v 7.445813e-001 9.185591e+000 7.786927e-007
v 7.225271e-001 9.140024e+000 7.806844e-007
v 7.063105e-001 9.110502e+000 7.819748e-007
v 7.000008e-001 9.100000e+000 7.824339e-007
v 6.958992e-001 9.097969e+000 7.825227e-007
v 6.859383e-001 9.091250e+000 7.828164e-007
v 6.736336e-001 9.078907e+000 7.833560e-007
v 6.625008e-001 9.060000e+000 7.841823e-007
v 6.560555e-001 9.033594e+000 7.853366e-007
v 6.578133e-001 8.998751e+000 7.868596e-007
v 6.712899e-001 8.954532e+000 7.887925e-007
v 7.000008e-001 8.900001e+000 7.911761e-007
v 7.330086e-001 8.841172e+000 7.937476e-007
v 7.578133e-001 8.785625e+000 7.961756e-007
v 7.755868e-001 8.734766e+000 7.983988e-007
v 7.875009e-001 8.690001e+000 8.003556e-007
v 7.947274e-001 8.652735e+000 8.019845e-007
v 7.984383e-001 8.624375e+000 8.032242e-007
v 7.998055e-001 8.606329e+000 8.040130e-007
v 8.000008e-001 8.600000e+000 8.042896e-007
v 1.961571e-001 2.700000e+001 -3.901807e-002
v 1.961571e-001 2.640000e+001 -3.901805e-002
v 2.942356e-001 2.630000e+001 -5.852707e-002
v 2.942356e-001 2.610000e+001 -5.852707e-002
v 3.003707e-001 2.609583e+001 -5.974741e-002
v 3.172405e-001 2.608436e+001 -6.310302e-002
v 3.425418e-001 2.606717e+001 -6.813578e-002
v 3.739717e-001 2.604580e+001 -7.438755e-002
v 4.092267e-001 2.602184e+001 -8.140022e-002
v 4.460039e-001 2.599684e+001 -8.871567e-002
v 4.820002e-001 2.597237e+001 -9.587576e-002
v 5.149123e-001 2.595000e+001 -1.024224e-001
v 5.412997e-001 2.592383e+001 -1.076712e-001
v 5.651010e-001 2.588594e+001 -1.124055e-001
v 5.860288e-001 2.584102e+001 -1.165683e-001
v 6.037960e-001 2.579375e+001 -1.201024e-001
v 6.181151e-001 2.574883e+001 -1.229507e-001
v 6.286988e-001 2.571094e+001 -1.250559e-001
v 6.352597e-001 2.568477e+001 -1.263610e-001
v 6.375105e-001 2.567500e+001 -1.268087e-001
v 6.396176e-001 2.567449e+001 -1.272278e-001
v 6.451729e-001 2.567257e+001 -1.283328e-001
v 6.530268e-001 2.566868e+001 -1.298951e-001
v 6.620301e-001 2.566226e+001 -1.316859e-001
v 6.710334e-001 2.565275e+001 -1.334768e-001
v 6.788874e-001 2.563958e+001 -1.350390e-001
v 6.844426e-001 2.562218e+001 -1.361440e-001
v 6.865498e-001 2.560000e+001 -1.365632e-001
v 6.844426e-001 2.557668e+001 -1.361440e-001
v 6.788874e-001 2.555875e+001 -1.350390e-001
v 6.710334e-001 2.554551e+001 -1.334768e-001
v 6.620301e-001 2.553625e+001 -1.316859e-001
v 6.530268e-001 2.553028e+001 -1.298951e-001
v 6.451729e-001 2.552688e+001 -1.283328e-001
v 6.396176e-001 2.552535e+001 -1.272278e-001
v 6.375105e-001 2.552500e+001 -1.268087e-001
v 6.367787e-001 2.551720e+001 -1.266631e-001
v 6.338632e-001 2.549581e+001 -1.260832e-001
v 6.276835e-001 2.546383e+001 -1.248539e-001
v 6.171592e-001 2.542425e+001 -1.227605e-001
v 6.012099e-001 2.538008e+001 -1.195880e-001
v 5.787553e-001 2.533431e+001 -1.151215e-001
v 5.487149e-001 2.528996e+001 -1.091461e-001
v 5.100085e-001 2.525000e+001 -1.014469e-001
v 4.838306e-001 2.522928e+001 -9.623982e-002
v 4.546483e-001 2.520838e+001 -9.043510e-002
v 4.244633e-001 2.518821e+001 -8.443092e-002
v 3.952775e-001 2.516967e+001 -7.862551e-002
v 3.690927e-001 2.515368e+001 -7.341702e-002
v 3.479109e-001 2.514113e+001 -6.920368e-002
v 3.337337e-001 2.513293e+001 -6.638367e-002
v 3.285631e-001 2.513000e+001 -6.535519e-002
v 3.261878e-001 2.512301e+001 -6.488271e-002
v 3.205943e-001 2.510406e+001 -6.377008e-002
v 3.140812e-001 2.507621e+001 -6.247456e-002
v 3.089474e-001 2.504250e+001 -6.145338e-002
v 3.074916e-001 2.500598e+001 -6.116379e-002
v 3.120124e-001 2.496969e+001 -6.206304e-002
v 3.248086e-001 2.493668e+001 -6.460835e-002
v 3.481789e-001 2.491000e+001 -6.925699e-002
v 3.540291e-001 2.490507e+001 -7.042068e-002
v 3.596724e-001 2.489903e+001 -7.154321e-002
v 3.649020e-001 2.489154e+001 -7.258344e-002
v 3.695109e-001 2.488225e+001 -7.350021e-002
v 3.732924e-001 2.487080e+001 -7.425237e-002
v 3.760393e-001 2.485685e+001 -7.479878e-002
v 3.775450e-001 2.484003e+001 -7.509827e-002
v 3.776024e-001 2.482000e+001 -7.510971e-002
v 3.744801e-001 2.479857e+001 -7.448862e-002
v 3.675351e-001 2.478014e+001 -7.310718e-002
v 3.580739e-001 2.476465e+001 -7.122525e-002
v 3.474033e-001 2.475207e+001 -6.910272e-002
v 3.368296e-001 2.474235e+001 -6.699949e-002
v 3.276593e-001 2.473546e+001 -6.517540e-002
v 3.211991e-001 2.473136e+001 -6.389038e-002
v 3.187553e-001 2.473000e+001 -6.340428e-002
v 3.199392e-001 2.472690e+001 -6.363976e-002
v 3.230769e-001 2.471828e+001 -6.426390e-002
v 3.275479e-001 2.470522e+001 -6.515323e-002
v 3.327315e-001 2.468875e+001 -6.618431e-002
v 3.380071e-001 2.466994e+001 -6.723368e-002
v 3.427539e-001 2.464985e+001 -6.817789e-002
v 3.463514e-001 2.462951e+001 -6.889348e-002
v 3.481789e-001 2.461000e+001 -6.925698e-002
v 3.489525e-001 2.455630e+001 -6.941087e-002
v 3.464278e-001 2.451332e+001 -6.890866e-002
v 3.403919e-001 2.447837e+001 -6.770805e-002
v 3.306321e-001 2.444876e+001 -6.576671e-002
v 3.169359e-001 2.442181e+001 -6.304235e-002
v 2.990903e-001 2.439482e+001 -5.949264e-002
v 2.768826e-001 2.436512e+001 -5.507527e-002
v 2.501004e-001 2.433000e+001 -4.974794e-002
v 2.292051e-001 2.429891e+001 -4.559161e-002
v 2.146083e-001 2.426991e+001 -4.268812e-002
v 2.056203e-001 2.424264e+001 -4.090030e-002
v 2.015515e-001 2.421675e+001 -4.009097e-002
v 2.017124e-001 2.419190e+001 -4.012297e-002
v 2.054134e-001 2.416772e+001 -4.085914e-002
v 2.119647e-001 2.414387e+001 -4.216227e-002
v 2.206768e-001 2.412000e+001 -4.389522e-002
v 2.221791e-001 2.411213e+001 -4.419404e-002
v 2.237975e-001 2.409727e+001 -4.451596e-002
v 2.254344e-001 2.407788e+001 -4.484157e-002
v 2.269925e-001 2.405646e+001 -4.515148e-002
v 2.283740e-001 2.403548e+001 -4.542629e-002
v 2.294816e-001 2.401742e+001 -4.564660e-002
v 2.302177e-001 2.400477e+001 -4.579301e-002
v 2.304847e-001 2.400000e+001 -4.584612e-002
v 2.010611e-001 2.400000e+001 -3.999341e-002
v 2.304849e-001 1.949000e+001 -4.584596e-002
v 2.316902e-001 1.949047e+001 -4.608572e-002
v 2.354931e-001 1.949054e+001 -4.684217e-002
v 2.421741e-001 1.948819e+001 -4.817109e-002
v 2.520134e-001 1.948142e+001 -5.012826e-002
v 2.652916e-001 1.946823e+001 -5.276945e-002
v 2.822891e-001 1.944660e+001 -5.615045e-002
v 3.032861e-001 1.941453e+001 -6.032704e-002
v 3.285634e-001 1.937000e+001 -6.535498e-002
v 3.319425e-001 1.935552e+001 -6.602713e-002
v 3.335286e-001 1.933103e+001 -6.634264e-002
v 3.337355e-001 1.930022e+001 -6.638379e-002
v 3.329769e-001 1.926675e+001 -6.623290e-002
v 3.316667e-001 1.923432e+001 -6.597227e-002
v 3.302185e-001 1.920659e+001 -6.568420e-002
v 3.290461e-001 1.918726e+001 -6.545100e-002
v 3.285634e-001 1.918000e+001 -6.535498e-002
v 2.893320e-001 1.918000e+001 -5.755137e-002
v 2.897615e-001 1.916733e+001 -5.763681e-002
v 2.917680e-001 1.913261e+001 -5.803593e-002
v 2.964281e-001 1.908083e+001 -5.896288e-002
v 3.048186e-001 1.901696e+001 -6.063184e-002
v 3.180161e-001 1.894596e+001 -6.325699e-002
v 3.370975e-001 1.887283e+001 -6.705249e-002
v 3.631393e-001 1.880251e+001 -7.223254e-002
v 3.972184e-001 1.874000e+001 -7.901130e-002
v 4.705820e-001 1.860737e+001 -9.360422e-002
v 4.967989e-001 1.850397e+001 -9.881908e-002
v 4.873857e-001 1.842377e+001 -9.694667e-002
v 4.538589e-001 1.836075e+001 -9.027778e-002
v 4.077352e-001 1.830889e+001 -8.110318e-002
v 3.605310e-001 1.826216e+001 -7.171369e-002
v 3.237630e-001 1.821454e+001 -6.440008e-002
v 3.089477e-001 1.816000e+001 -6.145314e-002
v 3.139091e-001 1.810539e+001 -6.244002e-002
v 3.274907e-001 1.806063e+001 -6.514157e-002
v 3.477385e-001 1.802430e+001 -6.916911e-002
v 3.726988e-001 1.799500e+001 -7.413400e-002
v 4.004174e-001 1.797133e+001 -7.964759e-002
v 4.289407e-001 1.795188e+001 -8.532122e-002
v 4.563146e-001 1.793524e+001 -9.076621e-002
v 4.805852e-001 1.792000e+001 -9.559394e-002
v 5.008522e-001 1.789820e+001 -9.962530e-002
v 5.176712e-001 1.786563e+001 -1.029708e-001
v 5.312719e-001 1.782648e+001 -1.056762e-001
v 5.418843e-001 1.778500e+001 -1.077871e-001
v 5.497382e-001 1.774539e+001 -1.093493e-001
v 5.550636e-001 1.771188e+001 -1.104086e-001
v 5.580902e-001 1.768867e+001 -1.110106e-001
v 5.590481e-001 1.768000e+001 -1.112012e-001
v 5.544812e-001 1.768065e+001 -1.102928e-001
v 5.416391e-001 1.768106e+001 -1.077383e-001
v 5.218089e-001 1.767895e+001 -1.037938e-001
v 4.962777e-001 1.767200e+001 -9.871538e-002
v 4.663332e-001 1.765793e+001 -9.275902e-002
v 4.332623e-001 1.763444e+001 -8.618082e-002
v 3.983525e-001 1.759923e+001 -7.923682e-002
v 3.628910e-001 1.755000e+001 -7.218309e-002
v 3.420693e-001 1.751231e+001 -6.804139e-002
v 3.268164e-001 1.747692e+001 -6.500741e-002
v 3.162717e-001 1.744468e+001 -6.290993e-002
v 3.095743e-001 1.741643e+001 -6.157774e-002
v 3.058636e-001 1.739300e+001 -6.083965e-002
v 3.042788e-001 1.737522e+001 -6.052440e-002
v 3.039591e-001 1.736395e+001 -6.046081e-002
v 3.040438e-001 1.736000e+001 -6.047766e-002
v 3.100244e-001 1.735903e+001 -6.166726e-002
v 3.257744e-001 1.735525e+001 -6.480013e-002
v 3.480068e-001 1.734735e+001 -6.922243e-002
v 3.734344e-001 1.733400e+001 -7.428030e-002
v 3.987701e-001 1.731391e+001 -7.931988e-002
v 4.207267e-001 1.728575e+001 -8.368731e-002
v 4.360169e-001 1.724822e+001 -8.672874e-002
v 4.413538e-001 1.720000e+001 -8.779030e-002
v 4.402548e-001 1.715306e+001 -8.757170e-002
v 4.380126e-001 1.711683e+001 -8.712569e-002
v 4.340422e-001 1.708908e+001 -8.633593e-002
v 4.277587e-001 1.706760e+001 -8.508606e-002
v 4.185771e-001 1.705017e+001 -8.325973e-002
v 4.059126e-001 1.703457e+001 -8.074062e-002
v 3.891802e-001 1.701859e+001 -7.741233e-002
v 3.677949e-001 1.700000e+001 -7.315852e-002
v 3.431378e-001 1.696964e+001 -6.825392e-002
v 3.247148e-001 1.692978e+001 -6.458934e-002
v 3.116177e-001 1.688460e+001 -6.198417e-002
v 3.029385e-001 1.683828e+001 -6.025777e-002
v 2.977689e-001 1.679498e+001 -5.922947e-002
v 2.952007e-001 1.675889e+001 -5.871863e-002
v 2.943258e-001 1.673417e+001 -5.854459e-002
v 2.942360e-001 1.672500e+001 -5.852673e-002
v 2.697164e-001 1.672500e+001 -5.364947e-002
v 2.942362e-001 1.257500e+001 -5.852659e-002
v 3.923147e-001 1.257500e+001 -7.803562e-002
v 3.932151e-001 1.253018e+001 -7.821470e-002
v 3.958394e-001 1.240859e+001 -7.873672e-002
v 4.000729e-001 1.222959e+001 -7.957879e-002
v 4.058005e-001 1.201250e+001 -8.071809e-002
v 4.129073e-001 1.177666e+001 -8.213172e-002
v 4.212785e-001 1.154141e+001 -8.379684e-002
v 4.307990e-001 1.132607e+001 -8.569058e-002
v 4.413541e-001 1.115000e+001 -8.779009e-002
v 4.758617e-001 1.077964e+001 -9.465407e-002
v 5.169290e-001 1.048856e+001 -1.028229e-001
v 5.624766e-001 1.026145e+001 -1.118828e-001
v 6.104246e-001 1.008302e+001 -1.214203e-001
v 6.586935e-001 9.937965e+000 -1.310215e-001
v 7.052037e-001 9.810977e+000 -1.402730e-001
v 7.478753e-001 9.686756e+000 -1.487609e-001
v 7.846290e-001 9.550000e+000 -1.560717e-001
v 7.942340e-001 9.468824e+000 -1.579822e-001
v 7.896101e-001 9.388821e+000 -1.570625e-001
v 7.747484e-001 9.312965e+000 -1.541063e-001
v 7.536395e-001 9.244231e+000 -1.499074e-001
v 7.302743e-001 9.185591e+000 -1.452598e-001
v 7.086439e-001 9.140024e+000 -1.409573e-001
v 6.927390e-001 9.110502e+000 -1.377936e-001
v 6.865505e-001 9.100000e+000 -1.365626e-001
v 6.825277e-001 9.097969e+000 -1.357624e-001
v 6.727582e-001 9.091250e+000 -1.338192e-001
v 6.606899e-001 9.078907e+000 -1.314186e-001
v 6.497710e-001 9.060000e+000 -1.292467e-001
v 6.434495e-001 9.033594e+000 -1.279893e-001
v 6.451736e-001 8.998751e+000 -1.283322e-001
v 6.583912e-001 8.954532e+000 -1.309614e-001
v 6.865505e-001 8.900001e+000 -1.365626e-001
v 7.189240e-001 8.841172e+000 -1.430021e-001
v 7.432521e-001 8.785625e+000 -1.478413e-001
v 7.606841e-001 8.734766e+000 -1.513087e-001
v 7.723692e-001 8.690001e+000 -1.536330e-001
v 7.794569e-001 8.652735e+000 -1.550428e-001
v 7.830966e-001 8.624375e+000 -1.557668e-001
v 7.844375e-001 8.606329e+000 -1.560335e-001
v 7.846290e-001 8.600000e+000 -1.560716e-001
v 1.847759e-001 2.700000e+001 -7.653669e-002
v 1.847759e-001 2.640000e+001 -7.653669e-002
v 2.771639e-001 2.630000e+001 -1.148050e-001
v 2.771639e-001 2.610000e+001 -1.148050e-001
v 2.829430e-001 2.609583e+001 -1.171988e-001
v 2.988340e-001 2.608436e+001 -1.237811e-001
v 3.226674e-001 2.606717e+001 -1.336532e-001
v 3.522736e-001 2.604580e+001 -1.459165e-001
v 3.854832e-001 2.602184e+001 -1.596723e-001
v 4.201266e-001 2.599684e+001 -1.740221e-001
v 4.540343e-001 2.597237e+001 -1.880671e-001
v 4.850368e-001 2.595000e+001 -2.009088e-001
v 5.098932e-001 2.592383e+001 -2.112046e-001
v 5.323135e-001 2.588594e+001 -2.204914e-001
v 5.520271e-001 2.584102e+001 -2.286571e-001
v 5.687634e-001 2.579375e+001 -2.355895e-001
v 5.822517e-001 2.574883e+001 -2.411765e-001
v 5.922213e-001 2.571094e+001 -2.453060e-001
v 5.984015e-001 2.568477e+001 -2.478660e-001
v 6.005217e-001 2.567500e+001 -2.487442e-001
v 6.025067e-001 2.567449e+001 -2.495664e-001
v 6.077396e-001 2.567257e+001 -2.517339e-001
v 6.151379e-001 2.566868e+001 -2.547984e-001
v 6.236187e-001 2.566226e+001 -2.583113e-001
v 6.320997e-001 2.565275e+001 -2.618242e-001
v 6.394979e-001 2.563958e+001 -2.648887e-001
v 6.447309e-001 2.562218e+001 -2.670562e-001
v 6.467157e-001 2.560000e+001 -2.678784e-001
v 6.447309e-001 2.557668e+001 -2.670562e-001
v 6.394979e-001 2.555875e+001 -2.648887e-001
v 6.320997e-001 2.554551e+001 -2.618242e-001
v 6.236187e-001 2.553625e+001 -2.583113e-001
v 6.151379e-001 2.553028e+001 -2.547984e-001
v 6.077396e-001 2.552688e+001 -2.517339e-001
v 6.025067e-001 2.552535e+001 -2.495664e-001
v 6.005217e-001 2.552500e+001 -2.487442e-001
v 5.998325e-001 2.551720e+001 -2.484587e-001
v 5.970861e-001 2.549581e+001 -2.473211e-001
v 5.912649e-001 2.546383e+001 -2.449099e-001
v 5.813513e-001 2.542425e+001 -2.408035e-001
v 5.663274e-001 2.538008e+001 -2.345804e-001
v 5.451756e-001 2.533431e+001 -2.258191e-001
v 5.168782e-001 2.528996e+001 -2.140979e-001
v 4.804175e-001 2.525000e+001 -1.989954e-001
v 4.557585e-001 2.522928e+001 -1.887813e-001
v 4.282693e-001 2.520838e+001 -1.773949e-001
v 3.998356e-001 2.518821e+001 -1.656173e-001
v 3.723432e-001 2.516967e+001 -1.542296e-001
v 3.476777e-001 2.515368e+001 -1.440128e-001
v 3.277248e-001 2.514113e+001 -1.357480e-001
v 3.143702e-001 2.513293e+001 -1.302164e-001
v 3.094997e-001 2.513000e+001 -1.281989e-001
v 3.072622e-001 2.512301e+001 -1.272721e-001
v 3.019932e-001 2.510406e+001 -1.250896e-001
v 2.958581e-001 2.507621e+001 -1.225483e-001
v 2.910221e-001 2.504250e+001 -1.205452e-001
v 2.896507e-001 2.500598e+001 -1.199772e-001
v 2.939092e-001 2.496969e+001 -1.217411e-001
v 3.059630e-001 2.493668e+001 -1.267339e-001
v 3.279773e-001 2.491000e+001 -1.358526e-001
v 3.334881e-001 2.490507e+001 -1.381352e-001
v 3.388040e-001 2.489903e+001 -1.403372e-001
v 3.437302e-001 2.489154e+001 -1.423776e-001
v 3.480717e-001 2.488225e+001 -1.441759e-001
v 3.516337e-001 2.487080e+001 -1.456514e-001
v 3.542213e-001 2.485685e+001 -1.467232e-001
v 3.556396e-001 2.484003e+001 -1.473107e-001
v 3.556937e-001 2.482000e+001 -1.473331e-001
v 3.527525e-001 2.479857e+001 -1.461148e-001
v 3.462105e-001 2.478014e+001 -1.434050e-001
v 3.372983e-001 2.476465e+001 -1.397135e-001
v 3.272468e-001 2.475207e+001 -1.355500e-001
v 3.172866e-001 2.474235e+001 -1.314243e-001
v 3.086483e-001 2.473546e+001 -1.278463e-001
v 3.025629e-001 2.473136e+001 -1.253256e-001
v 3.002609e-001 2.473000e+001 -1.243721e-001
v 3.013761e-001 2.472690e+001 -1.248340e-001
v 3.043318e-001 2.471828e+001 -1.260583e-001
v 3.085434e-001 2.470522e+001 -1.278028e-001
v 3.134262e-001 2.468875e+001 -1.298253e-001
v 3.183957e-001 2.466994e+001 -1.318837e-001
v 3.228671e-001 2.464985e+001 -1.337359e-001
v 3.262559e-001 2.462951e+001 -1.351395e-001
v 3.279773e-001 2.461000e+001 -1.358526e-001
v 3.287061e-001 2.455630e+001 -1.361544e-001
v 3.263278e-001 2.451332e+001 -1.351693e-001
v 3.206421e-001 2.447837e+001 -1.328142e-001
v 3.114487e-001 2.444876e+001 -1.290062e-001
v 2.985470e-001 2.442181e+001 -1.236621e-001
v 2.817369e-001 2.439482e+001 -1.166991e-001
v 2.608178e-001 2.436512e+001 -1.080341e-001
v 2.355894e-001 2.433000e+001 -9.758422e-002
v 2.159065e-001 2.429891e+001 -8.943128e-002
v 2.021566e-001 2.426991e+001 -8.373588e-002
v 1.936901e-001 2.424264e+001 -8.022894e-002
v 1.898574e-001 2.421675e+001 -7.864140e-002
v 1.900090e-001 2.419190e+001 -7.870417e-002
v 1.934952e-001 2.416772e+001 -8.014821e-002
v 1.996664e-001 2.414387e+001 -8.270440e-002
v 2.078730e-001 2.412000e+001 -8.610369e-002
v 2.092881e-001 2.411213e+001 -8.668986e-002
v 2.108126e-001 2.409727e+001 -8.732132e-002
v 2.123546e-001 2.407788e+001 -8.796003e-002
v 2.138222e-001 2.405646e+001 -8.856794e-002
v 2.151236e-001 2.403548e+001 -8.910700e-002
v 2.161669e-001 2.401742e+001 -8.953916e-002
v 2.168603e-001 2.400477e+001 -8.982635e-002
v 2.171118e-001 2.400000e+001 -8.993054e-002
v 1.893954e-001 2.400000e+001 -7.845004e-002
v 2.171120e-001 1.949000e+001 -8.993042e-002
v 2.182474e-001 1.949047e+001 -9.040072e-002
v 2.218297e-001 1.949054e+001 -9.188453e-002
v 2.281230e-001 1.948819e+001 -9.449131e-002
v 2.373914e-001 1.948142e+001 -9.833042e-002
v 2.498992e-001 1.946823e+001 -1.035113e-001
v 2.659104e-001 1.944660e+001 -1.101434e-001
v 2.856893e-001 1.941453e+001 -1.183361e-001
v 3.094999e-001 1.937000e+001 -1.281988e-001
v 3.126830e-001 1.935552e+001 -1.295172e-001
v 3.141771e-001 1.933103e+001 -1.301361e-001
v 3.143720e-001 1.930022e+001 -1.302168e-001
v 3.136574e-001 1.926675e+001 -1.299208e-001
v 3.124232e-001 1.923432e+001 -1.294096e-001
v 3.110590e-001 1.920659e+001 -1.288445e-001
v 3.099547e-001 1.918726e+001 -1.283871e-001
v 3.094999e-001 1.918000e+001 -1.281988e-001
v 2.725448e-001 1.918000e+001 -1.128914e-001
v 2.729494e-001 1.916733e+001 -1.130590e-001
v 2.748395e-001 1.913261e+001 -1.138419e-001
v 2.792292e-001 1.908083e+001 -1.156602e-001
v 2.871328e-001 1.901696e+001 -1.189340e-001
v 2.995646e-001 1.894596e+001 -1.240834e-001
v 3.175389e-001 1.887283e+001 -1.315286e-001
v 3.420697e-001 1.880251e+001 -1.416896e-001
v 3.741715e-001 1.874000e+001 -1.549866e-001
v 4.432786e-001 1.860737e+001 -1.836117e-001
v 4.679743e-001 1.850397e+001 -1.938410e-001
v 4.591073e-001 1.842377e+001 -1.901681e-001
v 4.275257e-001 1.836075e+001 -1.770866e-001
v 3.840781e-001 1.830889e+001 -1.590900e-001
v 3.396128e-001 1.826216e+001 -1.406718e-001
v 3.049780e-001 1.821454e+001 -1.263257e-001
v 2.910224e-001 1.816000e+001 -1.205450e-001
v 2.956959e-001 1.810539e+001 -1.224809e-001
v 3.084895e-001 1.806063e+001 -1.277802e-001
v 3.275625e-001 1.802430e+001 -1.356805e-001
v 3.510746e-001 1.799500e+001 -1.454195e-001
v 3.771850e-001 1.797133e+001 -1.562348e-001
v 4.040533e-001 1.795188e+001 -1.673640e-001
v 4.298390e-001 1.793524e+001 -1.780447e-001
v 4.527014e-001 1.792000e+001 -1.875147e-001
v 4.717924e-001 1.789820e+001 -1.954225e-001
v 4.876356e-001 1.786563e+001 -2.019849e-001
v 5.004472e-001 1.782648e+001 -2.072916e-001
v 5.104439e-001 1.778500e+001 -2.114324e-001
v 5.178421e-001 1.774539e+001 -2.144968e-001
v 5.228585e-001 1.771188e+001 -2.165747e-001
v 5.257095e-001 1.768867e+001 -2.177556e-001
v 5.266117e-001 1.768000e+001 -2.181293e-001
v 5.223099e-001 1.768065e+001 -2.163475e-001
v 5.102129e-001 1.768106e+001 -2.113367e-001
v 4.915332e-001 1.767895e+001 -2.035993e-001
v 4.674834e-001 1.767200e+001 -1.936376e-001
v 4.392762e-001 1.765793e+001 -1.819538e-001
v 4.081242e-001 1.763444e+001 -1.690502e-001
v 3.752398e-001 1.759923e+001 -1.554290e-001
v 3.418358e-001 1.755000e+001 -1.415926e-001
v 3.222222e-001 1.751231e+001 -1.334684e-001
v 3.078543e-001 1.747692e+001 -1.275170e-001
v 2.979214e-001 1.744468e+001 -1.234027e-001
v 2.916127e-001 1.741643e+001 -1.207895e-001
v 2.881173e-001 1.739300e+001 -1.193417e-001
v 2.866243e-001 1.737522e+001 -1.187233e-001
v 2.863232e-001 1.736395e+001 -1.185986e-001
v 2.864030e-001 1.736000e+001 -1.186316e-001
v 2.920365e-001 1.735903e+001 -1.209651e-001
v 3.068727e-001 1.735525e+001 -1.271104e-001
v 3.278152e-001 1.734735e+001 -1.357851e-001
v 3.517675e-001 1.733400e+001 -1.457065e-001
v 3.756332e-001 1.731391e+001 -1.555919e-001
v 3.963158e-001 1.728575e+001 -1.641590e-001
v 4.107190e-001 1.724822e+001 -1.701250e-001
v 4.157462e-001 1.720000e+001 -1.722073e-001
v 4.147110e-001 1.715306e+001 -1.717785e-001
v 4.125988e-001 1.711683e+001 -1.709036e-001
v 4.088588e-001 1.708908e+001 -1.693545e-001
v 4.029399e-001 1.706760e+001 -1.669028e-001
v 3.942910e-001 1.705017e+001 -1.633203e-001
v 3.823614e-001 1.703457e+001 -1.583788e-001
v 3.665997e-001 1.701859e+001 -1.518501e-001
v 3.464552e-001 1.700000e+001 -1.435060e-001
v 3.232287e-001 1.696964e+001 -1.338853e-001
v 3.058746e-001 1.692978e+001 -1.266970e-001
v 2.935375e-001 1.688460e+001 -1.215868e-001
v 2.853618e-001 1.683828e+001 -1.182003e-001
v 2.804922e-001 1.679498e+001 -1.161832e-001
v 2.780730e-001 1.675889e+001 -1.151812e-001
v 2.772489e-001 1.673417e+001 -1.148398e-001
v 2.771643e-001 1.672500e+001 -1.148048e-001
v 2.540673e-001 1.672500e+001 -1.052377e-001
v 2.771644e-001 1.257500e+001 -1.148046e-001
v 3.695524e-001 1.257500e+001 -1.530730e-001
v 3.704005e-001 1.253018e+001 -1.534243e-001
v 3.728726e-001 1.240859e+001 -1.544483e-001
v 3.768604e-001 1.222959e+001 -1.561001e-001
v 3.822557e-001 1.201250e+001 -1.583349e-001
v 3.889502e-001 1.177666e+001 -1.611078e-001
v 3.968357e-001 1.154141e+001 -1.643741e-001
v 4.058038e-001 1.132607e+001 -1.680888e-001
v 4.157464e-001 1.115000e+001 -1.722071e-001
v 4.482519e-001 1.077964e+001 -1.856713e-001
v 4.869365e-001 1.048856e+001 -2.016950e-001
v 5.298414e-001 1.026145e+001 -2.194668e-001
v 5.750074e-001 1.008302e+001 -2.381752e-001
v 6.204757e-001 9.937965e+000 -2.570087e-001
v 6.642873e-001 9.810977e+000 -2.751561e-001
v 7.044832e-001 9.686756e+000 -2.918058e-001
v 7.391043e-001 9.550000e+000 -3.061463e-001
v 7.481521e-001 9.468824e+000 -3.098940e-001
v 7.437965e-001 9.388821e+000 -3.080899e-001
v 7.297970e-001 9.312965e+000 -3.022911e-001
v 7.099129e-001 9.244231e+000 -2.940548e-001
v 6.879033e-001 9.185591e+000 -2.849382e-001
v 6.675279e-001 9.140024e+000 -2.764984e-001
v 6.525458e-001 9.110502e+000 -2.702926e-001
v 6.467164e-001 9.100000e+000 -2.678779e-001
v 6.429271e-001 9.097969e+000 -2.663083e-001
v 6.337243e-001 9.091250e+000 -2.624964e-001
v 6.223563e-001 9.078907e+000 -2.577876e-001
v 6.120710e-001 9.060000e+000 -2.535273e-001
v 6.061162e-001 9.033594e+000 -2.510608e-001
v 6.077403e-001 8.998751e+000 -2.517335e-001
v 6.201909e-001 8.954532e+000 -2.568907e-001
v 6.467164e-001 8.900001e+000 -2.678779e-001
v 6.772116e-001 8.841172e+000 -2.805095e-001
v 7.001282e-001 8.785625e+000 -2.900018e-001
v 7.165487e-001 8.734766e+000 -2.968034e-001
v 7.275559e-001 8.690001e+000 -3.013628e-001
v 7.342323e-001 8.652735e+000 -3.041282e-001
v 7.376608e-001 8.624375e+000 -3.055483e-001
v 7.389239e-001 8.606329e+000 -3.060715e-001
v 7.391043e-001 8.600000e+000 -3.061463e-001
v 1.662939e-001 2.700000e+001 -1.111141e-001
v 1.662939e-001 2.640000e+001 -1.111140e-001
v 2.494409e-001 2.630000e+001 -1.666711e-001
v 2.494409e-001 2.610000e+001 -1.666711e-001
v 2.546420e-001 2.609583e+001 -1.701463e-001
v 2.689435e-001 2.608436e+001 -1.797023e-001
v 2.903930e-001 2.606717e+001 -1.940343e-001
v 3.170379e-001 2.604580e+001 -2.118379e-001
v 3.469257e-001 2.602184e+001 -2.318083e-001
v 3.781039e-001 2.599684e+001 -2.526409e-001
v 4.086201e-001 2.597237e+001 -2.730312e-001
v 4.365216e-001 2.595000e+001 -2.916744e-001
v 4.588917e-001 2.592383e+001 -3.066216e-001
v 4.790695e-001 2.588594e+001 -3.201039e-001
v 4.968113e-001 2.584102e+001 -3.319586e-001
v 5.118735e-001 2.579375e+001 -3.420229e-001
v 5.240127e-001 2.574883e+001 -3.501340e-001
v 5.329851e-001 2.571094e+001 -3.561292e-001
v 5.385472e-001 2.568477e+001 -3.598457e-001
v 5.404553e-001 2.567500e+001 -3.611206e-001
v 5.422417e-001 2.567449e+001 -3.623143e-001
v 5.469512e-001 2.567257e+001 -3.654611e-001
v 5.536094e-001 2.566868e+001 -3.699099e-001
v 5.612420e-001 2.566226e+001 -3.750099e-001
v 5.688747e-001 2.565275e+001 -3.801099e-001
v 5.755329e-001 2.563958e+001 -3.845588e-001
v 5.802425e-001 2.562218e+001 -3.877056e-001
v 5.820287e-001 2.560000e+001 -3.888991e-001
v 5.802425e-001 2.557668e+001 -3.877056e-001
v 5.755329e-001 2.555875e+001 -3.845588e-001
v 5.688747e-001 2.554551e+001 -3.801099e-001
v 5.612420e-001 2.553625e+001 -3.750099e-001
v 5.536094e-001 2.553028e+001 -3.699099e-001
v 5.469512e-001 2.552688e+001 -3.654611e-001
v 5.422417e-001 2.552535e+001 -3.623143e-001
v 5.404553e-001 2.552500e+001 -3.611206e-001
v 5.398350e-001 2.551720e+001 -3.607061e-001
v 5.373633e-001 2.549581e+001 -3.590546e-001
v 5.321243e-001 2.546383e+001 -3.555541e-001
v 5.232023e-001 2.542425e+001 -3.495926e-001
v 5.096812e-001 2.538008e+001 -3.405580e-001
v 4.906451e-001 2.533431e+001 -3.278385e-001
v 4.651781e-001 2.528996e+001 -3.108220e-001
v 4.323643e-001 2.525000e+001 -2.888965e-001
v 4.101718e-001 2.522928e+001 -2.740679e-001
v 3.854322e-001 2.520838e+001 -2.575375e-001
v 3.598426e-001 2.518821e+001 -2.404391e-001
v 3.351001e-001 2.516967e+001 -2.239066e-001
v 3.129017e-001 2.515368e+001 -2.090742e-001
v 2.949446e-001 2.514113e+001 -1.970756e-001
v 2.829258e-001 2.513293e+001 -1.890449e-001
v 2.785424e-001 2.513000e+001 -1.861160e-001
v 2.765287e-001 2.512301e+001 -1.847705e-001
v 2.717867e-001 2.510406e+001 -1.816020e-001
v 2.662652e-001 2.507621e+001 -1.779126e-001
v 2.619130e-001 2.504250e+001 -1.750046e-001
v 2.606788e-001 2.500598e+001 -1.741799e-001
v 2.645113e-001 2.496969e+001 -1.767407e-001
v 2.753594e-001 2.493668e+001 -1.839892e-001
v 2.951718e-001 2.491000e+001 -1.972274e-001
v 3.001314e-001 2.490507e+001 -2.005413e-001
v 3.049156e-001 2.489903e+001 -2.037380e-001
v 3.093490e-001 2.489154e+001 -2.067003e-001
v 3.132563e-001 2.488225e+001 -2.093111e-001
v 3.164620e-001 2.487080e+001 -2.114531e-001
v 3.187907e-001 2.485685e+001 -2.130091e-001
v 3.200672e-001 2.484003e+001 -2.138620e-001
v 3.201159e-001 2.482000e+001 -2.138945e-001
v 3.174689e-001 2.479857e+001 -2.121258e-001
v 3.115812e-001 2.478014e+001 -2.081918e-001
v 3.035605e-001 2.476465e+001 -2.028325e-001
v 2.945143e-001 2.475207e+001 -1.967881e-001
v 2.855504e-001 2.474235e+001 -1.907986e-001
v 2.777762e-001 2.473546e+001 -1.856040e-001
v 2.722994e-001 2.473136e+001 -1.819446e-001
v 2.702277e-001 2.473000e+001 -1.805603e-001
v 2.712313e-001 2.472690e+001 -1.812309e-001
v 2.738914e-001 2.471828e+001 -1.830083e-001
v 2.776817e-001 2.470522e+001 -1.855409e-001
v 2.820762e-001 2.468875e+001 -1.884772e-001
v 2.865485e-001 2.466994e+001 -1.914655e-001
v 2.905727e-001 2.464985e+001 -1.941544e-001
v 2.936226e-001 2.462951e+001 -1.961922e-001
v 2.951718e-001 2.461000e+001 -1.972274e-001
v 2.958277e-001 2.455630e+001 -1.976656e-001
v 2.936873e-001 2.451332e+001 -1.962355e-001
v 2.885703e-001 2.447837e+001 -1.928164e-001
v 2.802964e-001 2.444876e+001 -1.872880e-001
v 2.686853e-001 2.442181e+001 -1.795296e-001
v 2.535565e-001 2.439482e+001 -1.694209e-001
v 2.347298e-001 2.436512e+001 -1.568413e-001
v 2.120249e-001 2.433000e+001 -1.416704e-001
v 1.943107e-001 2.429891e+001 -1.298341e-001
v 1.819361e-001 2.426991e+001 -1.215657e-001
v 1.743165e-001 2.424264e+001 -1.164744e-001
v 1.708671e-001 2.421675e+001 -1.141697e-001
v 1.710036e-001 2.419190e+001 -1.142608e-001
v 1.741410e-001 2.416772e+001 -1.163572e-001
v 1.796950e-001 2.414387e+001 -1.200682e-001
v 1.870808e-001 2.412000e+001 -1.250032e-001
v 1.883543e-001 2.411213e+001 -1.258542e-001
v 1.897263e-001 2.409727e+001 -1.267710e-001
v 1.911141e-001 2.407788e+001 -1.276982e-001
v 1.924349e-001 2.405646e+001 -1.285808e-001
v 1.936062e-001 2.403548e+001 -1.293634e-001
v 1.945451e-001 2.401742e+001 -1.299907e-001
v 1.951691e-001 2.400477e+001 -1.304077e-001
v 1.953955e-001 2.400000e+001 -1.305590e-001
v 1.704514e-001 2.400000e+001 -1.138918e-001
v 1.953956e-001 1.949000e+001 -1.305589e-001
v 1.964175e-001 1.949047e+001 -1.312416e-001
v 1.996414e-001 1.949054e+001 -1.333958e-001
v 2.053052e-001 1.948819e+001 -1.371803e-001
v 2.136467e-001 1.948142e+001 -1.427538e-001
v 2.249033e-001 1.946823e+001 -1.502753e-001
v 2.393131e-001 1.944660e+001 -1.599036e-001
v 2.571136e-001 1.941453e+001 -1.717975e-001
v 2.785426e-001 1.937000e+001 -1.861159e-001
v 2.814072e-001 1.935552e+001 -1.880300e-001
v 2.827519e-001 1.933103e+001 -1.889285e-001
v 2.829273e-001 1.930022e+001 -1.890457e-001
v 2.822842e-001 1.926675e+001 -1.886160e-001
v 2.811734e-001 1.923432e+001 -1.878738e-001
v 2.799457e-001 1.920659e+001 -1.870534e-001
v 2.789519e-001 1.918726e+001 -1.863893e-001
v 2.785426e-001 1.918000e+001 -1.861159e-001
v 2.452838e-001 1.918000e+001 -1.638931e-001
v 2.456480e-001 1.916733e+001 -1.641364e-001
v 2.473490e-001 1.913261e+001 -1.652730e-001
v 2.512996e-001 1.908083e+001 -1.679127e-001
v 2.584127e-001 1.901696e+001 -1.726655e-001
v 2.696010e-001 1.894596e+001 -1.801413e-001
v 2.857774e-001 1.887283e+001 -1.909500e-001
v 3.078546e-001 1.880251e+001 -2.057015e-001
v 3.367455e-001 1.874000e+001 -2.250058e-001
v 3.989402e-001 1.860737e+001 -2.665630e-001
v 4.211658e-001 1.850397e+001 -2.814136e-001
v 4.131857e-001 1.842377e+001 -2.760815e-001
v 3.847630e-001 1.836075e+001 -2.570900e-001
v 3.456612e-001 1.830889e+001 -2.309630e-001
v 3.056434e-001 1.826216e+001 -2.042240e-001
v 2.744730e-001 1.821454e+001 -1.833966e-001
v 2.619132e-001 1.816000e+001 -1.750045e-001
v 2.661193e-001 1.810539e+001 -1.778149e-001
v 2.776332e-001 1.806063e+001 -1.855082e-001
v 2.947985e-001 1.802430e+001 -1.969777e-001
v 3.159588e-001 1.799500e+001 -2.111165e-001
v 3.394575e-001 1.797133e+001 -2.268179e-001
v 3.636384e-001 1.795188e+001 -2.429750e-001
v 3.868448e-001 1.793524e+001 -2.584811e-001
v 4.074205e-001 1.792000e+001 -2.722293e-001
v 4.246020e-001 1.789820e+001 -2.837096e-001
v 4.388604e-001 1.786563e+001 -2.932368e-001
v 4.503905e-001 1.782648e+001 -3.009410e-001
v 4.593873e-001 1.778500e+001 -3.069524e-001
v 4.660456e-001 1.774539e+001 -3.114013e-001
v 4.705602e-001 1.771188e+001 -3.144179e-001
v 4.731261e-001 1.768867e+001 -3.161323e-001
v 4.739380e-001 1.768000e+001 -3.166749e-001
v 4.700665e-001 1.768065e+001 -3.140880e-001
v 4.591795e-001 1.768106e+001 -3.068135e-001
v 4.423682e-001 1.767895e+001 -2.955806e-001
v 4.207239e-001 1.767200e+001 -2.811184e-001
v 3.953381e-001 1.765793e+001 -2.641561e-001
v 3.673021e-001 1.763444e+001 -2.454230e-001
v 3.377069e-001 1.759923e+001 -2.256481e-001
v 3.076441e-001 1.755000e+001 -2.055608e-001
v 2.899923e-001 1.751231e+001 -1.937663e-001
v 2.770616e-001 1.747692e+001 -1.851262e-001
v 2.681222e-001 1.744468e+001 -1.791531e-001
v 2.624444e-001 1.741643e+001 -1.753594e-001
v 2.592987e-001 1.739300e+001 -1.732574e-001
v 2.579551e-001 1.737522e+001 -1.723597e-001
v 2.576841e-001 1.736395e+001 -1.721786e-001
v 2.577559e-001 1.736000e+001 -1.722266e-001
v 2.628259e-001 1.735903e+001 -1.756143e-001
v 2.761782e-001 1.735525e+001 -1.845359e-001
v 2.950259e-001 1.734735e+001 -1.971296e-001
v 3.165824e-001 1.733400e+001 -2.115332e-001
v 3.380609e-001 1.731391e+001 -2.258847e-001
v 3.566748e-001 1.728575e+001 -2.383221e-001
v 3.696373e-001 1.724822e+001 -2.469833e-001
v 3.741617e-001 1.720000e+001 -2.500064e-001
v 3.732300e-001 1.715306e+001 -2.493839e-001
v 3.713292e-001 1.711683e+001 -2.481138e-001
v 3.679632e-001 1.708908e+001 -2.458647e-001
v 3.626363e-001 1.706760e+001 -2.423054e-001
v 3.548526e-001 1.705017e+001 -2.371045e-001
v 3.441161e-001 1.703457e+001 -2.299306e-001
v 3.299311e-001 1.701859e+001 -2.204524e-001
v 3.118015e-001 1.700000e+001 -2.083386e-001
v 2.908981e-001 1.696964e+001 -1.943715e-001
v 2.752799e-001 1.692978e+001 -1.839357e-001
v 2.641767e-001 1.688460e+001 -1.765168e-001
v 2.568189e-001 1.683828e+001 -1.716004e-001
v 2.524363e-001 1.679498e+001 -1.686721e-001
v 2.502591e-001 1.675889e+001 -1.672173e-001
v 2.495174e-001 1.673417e+001 -1.667217e-001
v 2.494413e-001 1.672500e+001 -1.666709e-001
v 2.286545e-001 1.672500e+001 -1.527816e-001
v 2.494414e-001 1.257500e+001 -1.666708e-001
v 3.325884e-001 1.257500e+001 -2.222278e-001
v 3.333516e-001 1.253018e+001 -2.227378e-001
v 3.355765e-001 1.240859e+001 -2.242244e-001
v 3.391654e-001 1.222959e+001 -2.266224e-001
v 3.440211e-001 1.201250e+001 -2.298669e-001
v 3.500459e-001 1.177666e+001 -2.338926e-001
v 3.571427e-001 1.154141e+001 -2.386345e-001
v 3.652138e-001 1.132607e+001 -2.440274e-001
v 3.741619e-001 1.115000e+001 -2.500063e-001
v 4.034160e-001 1.077964e+001 -2.695533e-001
v 4.382313e-001 1.048856e+001 -2.928160e-001
v 4.768446e-001 1.026145e+001 -3.186167e-001
v 5.174930e-001 1.008302e+001 -3.457771e-001
v 5.584134e-001 9.937965e+000 -3.731192e-001
v 5.978428e-001 9.810977e+000 -3.994651e-001
v 6.340182e-001 9.686756e+000 -4.236366e-001
v 6.651764e-001 9.550000e+000 -4.444559e-001
v 6.733190e-001 9.468824e+000 -4.498967e-001
v 6.693992e-001 9.388821e+000 -4.472775e-001
v 6.568000e-001 9.312965e+000 -4.388590e-001
v 6.389047e-001 9.244231e+000 -4.269017e-001
v 6.190967e-001 9.185591e+000 -4.136664e-001
v 6.007593e-001 9.140024e+000 -4.014137e-001
v 5.872757e-001 9.110502e+000 -3.924043e-001
v 5.820294e-001 9.100000e+000 -3.888988e-001
v 5.786191e-001 9.097969e+000 -3.866201e-001
v 5.703369e-001 9.091250e+000 -3.810861e-001
v 5.601059e-001 9.078907e+000 -3.742500e-001
v 5.508493e-001 9.060000e+000 -3.680650e-001
v 5.454902e-001 9.033594e+000 -3.644841e-001
v 5.469518e-001 8.998751e+000 -3.654607e-001
v 5.581571e-001 8.954532e+000 -3.729479e-001
v 5.820294e-001 8.900001e+000 -3.888988e-001
v 6.094744e-001 8.841172e+000 -4.072370e-001
v 6.300987e-001 8.785625e+000 -4.210177e-001
v 6.448768e-001 8.734766e+000 -4.308921e-001
v 6.547830e-001 8.690001e+000 -4.375112e-001
v 6.607916e-001 8.652735e+000 -4.415261e-001
v 6.638772e-001 8.624375e+000 -4.435878e-001
v 6.650140e-001 8.606329e+000 -4.443474e-001
v 6.651764e-001 8.600000e+000 -4.444559e-001
v 1.414214e-001 2.700000e+001 -1.414214e-001
v 1.414214e-001 2.640000e+001 -1.414213e-001
v 2.121321e-001 2.630000e+001 -2.121320e-001
v 2.121321e-001 2.610000e+001 -2.121320e-001
v 2.165552e-001 2.609583e+001 -2.165551e-001
v 2.287176e-001 2.608436e+001 -2.287176e-001
v 2.469589e-001 2.606717e+001 -2.469589e-001
v 2.696185e-001 2.604580e+001 -2.696185e-001
v 2.950360e-001 2.602184e+001 -2.950360e-001
v 3.215509e-001 2.599684e+001 -3.215509e-001
v 3.475028e-001 2.597237e+001 -3.475028e-001
v 3.712311e-001 2.595000e+001 -3.712311e-001
v 3.902553e-001 2.592383e+001 -3.902553e-001
v 4.074151e-001 2.588594e+001 -4.074150e-001
v 4.225033e-001 2.584102e+001 -4.225032e-001
v 4.353127e-001 2.579375e+001 -4.353126e-001
v 4.456362e-001 2.574883e+001 -4.456361e-001
v 4.532666e-001 2.571094e+001 -4.532665e-001
v 4.579967e-001 2.568477e+001 -4.579966e-001
v 4.596195e-001 2.567500e+001 -4.596194e-001
v 4.611386e-001 2.567449e+001 -4.611386e-001
v 4.651437e-001 2.567257e+001 -4.651437e-001
v 4.708061e-001 2.566868e+001 -4.708061e-001
v 4.772971e-001 2.566226e+001 -4.772971e-001
v 4.837881e-001 2.565275e+001 -4.837881e-001
v 4.894505e-001 2.563958e+001 -4.894505e-001
v 4.934556e-001 2.562218e+001 -4.934556e-001
v 4.949748e-001 2.560000e+001 -4.949748e-001
v 4.934556e-001 2.557668e+001 -4.934556e-001
v 4.894505e-001 2.555875e+001 -4.894505e-001
v 4.837881e-001 2.554551e+001 -4.837881e-001
v 4.772971e-001 2.553625e+001 -4.772971e-001
v 4.708061e-001 2.553028e+001 -4.708061e-001
v 4.651437e-001 2.552688e+001 -4.651437e-001
v 4.611386e-001 2.552535e+001 -4.611386e-001
v 4.596195e-001 2.552500e+001 -4.596194e-001
v 4.590919e-001 2.551720e+001 -4.590918e-001
v 4.569899e-001 2.549581e+001 -4.569899e-001
v 4.525346e-001 2.546383e+001 -4.525345e-001
v 4.449470e-001 2.542425e+001 -4.449469e-001
v 4.334482e-001 2.538008e+001 -4.334482e-001
v 4.172594e-001 2.533431e+001 -4.172593e-001
v 3.956014e-001 2.528996e+001 -3.956014e-001
v 3.676956e-001 2.525000e+001 -3.676955e-001
v 3.488224e-001 2.522928e+001 -3.488224e-001
v 3.277832e-001 2.520838e+001 -3.277831e-001
v 3.060210e-001 2.518821e+001 -3.060209e-001
v 2.849792e-001 2.516967e+001 -2.849791e-001
v 2.661010e-001 2.515368e+001 -2.661009e-001
v 2.508297e-001 2.514113e+001 -2.508297e-001
v 2.406086e-001 2.513293e+001 -2.406085e-001
v 2.368808e-001 2.513000e+001 -2.368807e-001
v 2.351683e-001 2.512301e+001 -2.351682e-001
v 2.311356e-001 2.510406e+001 -2.311355e-001
v 2.264400e-001 2.507621e+001 -2.264399e-001
v 2.227387e-001 2.504250e+001 -2.227386e-001
v 2.216891e-001 2.500598e+001 -2.216890e-001
v 2.249484e-001 2.496969e+001 -2.249483e-001
v 2.341739e-001 2.493668e+001 -2.341738e-001
v 2.510230e-001 2.491000e+001 -2.510229e-001
v 2.552408e-001 2.490507e+001 -2.552407e-001
v 2.593094e-001 2.489903e+001 -2.593093e-001
v 2.630797e-001 2.489154e+001 -2.630796e-001
v 2.664025e-001 2.488225e+001 -2.664025e-001
v 2.691288e-001 2.487080e+001 -2.691287e-001
v 2.711092e-001 2.485685e+001 -2.711091e-001
v 2.721947e-001 2.484003e+001 -2.721947e-001
v 2.722362e-001 2.482000e+001 -2.722361e-001
v 2.699851e-001 2.479857e+001 -2.699850e-001
v 2.649780e-001 2.478014e+001 -2.649779e-001
v 2.581570e-001 2.476465e+001 -2.581569e-001
v 2.504638e-001 2.475207e+001 -2.504638e-001
v 2.428406e-001 2.474235e+001 -2.428405e-001
v 2.362292e-001 2.473546e+001 -2.362292e-001
v 2.315716e-001 2.473136e+001 -2.315715e-001
v 2.298098e-001 2.473000e+001 -2.298097e-001
v 2.306633e-001 2.472690e+001 -2.306632e-001
v 2.329255e-001 2.471828e+001 -2.329254e-001
v 2.361489e-001 2.470522e+001 -2.361488e-001
v 2.398860e-001 2.468875e+001 -2.398859e-001
v 2.436895e-001 2.466994e+001 -2.436894e-001
v 2.471118e-001 2.464985e+001 -2.471117e-001
v 2.497054e-001 2.462951e+001 -2.497053e-001
v 2.510230e-001 2.461000e+001 -2.510229e-001
v 2.515808e-001 2.455630e+001 -2.515807e-001
v 2.497605e-001 2.451332e+001 -2.497604e-001
v 2.454089e-001 2.447837e+001 -2.454087e-001
v 2.383725e-001 2.444876e+001 -2.383724e-001
v 2.284980e-001 2.442181e+001 -2.284979e-001
v 2.156321e-001 2.439482e+001 -2.156319e-001
v 1.996213e-001 2.436512e+001 -1.996212e-001
v 1.803123e-001 2.433000e+001 -1.803122e-001
v 1.652477e-001 2.429891e+001 -1.652475e-001
v 1.547239e-001 2.426991e+001 -1.547238e-001
v 1.482440e-001 2.424264e+001 -1.482438e-001
v 1.453106e-001 2.421675e+001 -1.453104e-001
v 1.454266e-001 2.419190e+001 -1.454264e-001
v 1.480948e-001 2.416772e+001 -1.480947e-001
v 1.528180e-001 2.414387e+001 -1.528179e-001
v 1.590991e-001 2.412000e+001 -1.590990e-001
v 1.601822e-001 2.411213e+001 -1.601821e-001
v 1.613490e-001 2.409727e+001 -1.613489e-001
v 1.625292e-001 2.407788e+001 -1.625291e-001
v 1.636524e-001 2.405646e+001 -1.636523e-001
v 1.646485e-001 2.403548e+001 -1.646484e-001
v 1.654470e-001 2.401742e+001 -1.654469e-001
v 1.659777e-001 2.400477e+001 -1.659776e-001
v 1.661702e-001 2.400000e+001 -1.661700e-001
v 1.449570e-001 2.400000e+001 -1.449569e-001
v 1.661703e-001 1.949000e+001 -1.661700e-001
v 1.670393e-001 1.949047e+001 -1.670390e-001
v 1.697811e-001 1.949054e+001 -1.697807e-001
v 1.745978e-001 1.948819e+001 -1.745974e-001
v 1.816915e-001 1.948142e+001 -1.816912e-001
v 1.912646e-001 1.946823e+001 -1.912642e-001
v 2.035190e-001 1.944660e+001 -2.035187e-001
v 2.186571e-001 1.941453e+001 -2.186568e-001
v 2.368810e-001 1.937000e+001 -2.368807e-001
v 2.393172e-001 1.935552e+001 -2.393169e-001
v 2.404608e-001 1.933103e+001 -2.404604e-001
v 2.406099e-001 1.930022e+001 -2.406096e-001
v 2.400630e-001 1.926675e+001 -2.400627e-001
v 2.391183e-001 1.923432e+001 -2.391180e-001
v 2.380743e-001 1.920659e+001 -2.380739e-001
v 2.372290e-001 1.918726e+001 -2.372287e-001
v 2.368810e-001 1.918000e+001 -2.368807e-001
v 2.085968e-001 1.918000e+001 -2.085964e-001
v 2.089064e-001 1.916733e+001 -2.089061e-001
v 2.103530e-001 1.913261e+001 -2.103527e-001
v 2.137128e-001 1.908083e+001 -2.137124e-001
v 2.197619e-001 1.901696e+001 -2.197616e-001
v 2.292768e-001 1.894596e+001 -2.292765e-001
v 2.430337e-001 1.887283e+001 -2.430334e-001
v 2.618088e-001 1.880251e+001 -2.618085e-001
v 2.863785e-001 1.874000e+001 -2.863781e-001
v 3.392707e-001 1.860737e+001 -3.392704e-001
v 3.581721e-001 1.850397e+001 -3.581717e-001
v 3.513855e-001 1.842377e+001 -3.513851e-001
v 3.272140e-001 1.836075e+001 -3.272136e-001
v 2.939607e-001 1.830889e+001 -2.939603e-001
v 2.599283e-001 1.826216e+001 -2.599280e-001
v 2.334201e-001 1.821454e+001 -2.334197e-001
v 2.227389e-001 1.816000e+001 -2.227385e-001
v 2.263159e-001 1.810539e+001 -2.263155e-001
v 2.361076e-001 1.806063e+001 -2.361072e-001
v 2.507055e-001 1.802430e+001 -2.507051e-001
v 2.687008e-001 1.799500e+001 -2.687005e-001
v 2.886849e-001 1.797133e+001 -2.886845e-001
v 3.092490e-001 1.795188e+001 -3.092486e-001
v 3.289845e-001 1.793524e+001 -3.289841e-001
v 3.464826e-001 1.792000e+001 -3.464822e-001
v 3.610943e-001 1.789820e+001 -3.610939e-001
v 3.732201e-001 1.786563e+001 -3.732197e-001
v 3.830257e-001 1.782648e+001 -3.830253e-001
v 3.906768e-001 1.778500e+001 -3.906764e-001
v 3.963392e-001 1.774539e+001 -3.963388e-001
v 4.001786e-001 1.771188e+001 -4.001782e-001
v 4.023606e-001 1.768867e+001 -4.023603e-001
v 4.030512e-001 1.768000e+001 -4.030508e-001
v 3.997587e-001 1.768065e+001 -3.997583e-001
v 3.905000e-001 1.768106e+001 -3.904997e-001
v 3.762032e-001 1.767895e+001 -3.762028e-001
v 3.577963e-001 1.767200e+001 -3.577959e-001
v 3.362075e-001 1.765793e+001 -3.362071e-001
v 3.123647e-001 1.763444e+001 -3.123643e-001
v 2.871961e-001 1.759923e+001 -2.871957e-001
v 2.616298e-001 1.755000e+001 -2.616294e-001
v 2.466182e-001 1.751231e+001 -2.466178e-001
v 2.356215e-001 1.747692e+001 -2.356211e-001
v 2.280192e-001 1.744468e+001 -2.280188e-001
v 2.231907e-001 1.741643e+001 -2.231903e-001
v 2.205154e-001 1.739300e+001 -2.205150e-001
v 2.193728e-001 1.737522e+001 -2.193724e-001
v 2.191423e-001 1.736395e+001 -2.191419e-001
v 2.192034e-001 1.736000e+001 -2.192030e-001
v 2.235151e-001 1.735903e+001 -2.235147e-001
v 2.348702e-001 1.735525e+001 -2.348698e-001
v 2.508989e-001 1.734735e+001 -2.508985e-001
v 2.692312e-001 1.733400e+001 -2.692308e-001
v 2.874972e-001 1.731391e+001 -2.874968e-001
v 3.033270e-001 1.728575e+001 -3.033266e-001
v 3.143507e-001 1.724822e+001 -3.143503e-001
v 3.181984e-001 1.720000e+001 -3.181979e-001
v 3.174060e-001 1.715306e+001 -3.174056e-001
v 3.157895e-001 1.711683e+001 -3.157890e-001
v 3.129270e-001 1.708908e+001 -3.129266e-001
v 3.083968e-001 1.706760e+001 -3.083964e-001
v 3.017773e-001 1.705017e+001 -3.017769e-001
v 2.926467e-001 1.703457e+001 -2.926463e-001
v 2.805833e-001 1.701859e+001 -2.805829e-001
v 2.651654e-001 1.700000e+001 -2.651649e-001
v 2.473885e-001 1.696964e+001 -2.473881e-001
v 2.341063e-001 1.692978e+001 -2.341059e-001
v 2.246638e-001 1.688460e+001 -2.246634e-001
v 2.184065e-001 1.683828e+001 -2.184061e-001
v 2.146794e-001 1.679498e+001 -2.146790e-001
v 2.128279e-001 1.675889e+001 -2.128274e-001
v 2.121971e-001 1.673417e+001 -2.121966e-001
v 2.121323e-001 1.672500e+001 -2.121319e-001
v 1.944547e-001 1.672500e+001 -1.944542e-001
v 2.121325e-001 1.257500e+001 -2.121318e-001
v 2.828431e-001 1.257500e+001 -2.828425e-001
v 2.834923e-001 1.253018e+001 -2.834916e-001
v 2.853843e-001 1.240859e+001 -2.853837e-001
v 2.884364e-001 1.222959e+001 -2.884358e-001
v 2.925659e-001 1.201250e+001 -2.925652e-001
v 2.976896e-001 1.177666e+001 -2.976890e-001
v 3.037249e-001 1.154141e+001 -3.037242e-001
v 3.105888e-001 1.132607e+001 -3.105882e-001
v 3.181985e-001 1.115000e+001 -3.181978e-001
v 3.430771e-001 1.077964e+001 -3.430764e-001
v 3.726851e-001 1.048856e+001 -3.726843e-001
v 4.055230e-001 1.026145e+001 -4.055223e-001
v 4.400916e-001 1.008302e+001 -4.400909e-001
v 4.748916e-001 9.937965e+000 -4.748908e-001
v 5.084235e-001 9.810977e+000 -5.084227e-001
v 5.391881e-001 9.686756e+000 -5.391874e-001
v 5.656860e-001 9.550000e+000 -5.656853e-001
v 5.726108e-001 9.468824e+000 -5.726100e-001
v 5.692772e-001 9.388821e+000 -5.692764e-001
v 5.585625e-001 9.312965e+000 -5.585617e-001
v 5.433438e-001 9.244231e+000 -5.433430e-001
v 5.264984e-001 9.185591e+000 -5.264977e-001
v 5.109038e-001 9.140024e+000 -5.109030e-001
v 4.994369e-001 9.110502e+000 -4.994361e-001
v 4.949753e-001 9.100000e+000 -4.949746e-001
v 4.920751e-001 9.097969e+000 -4.920743e-001
v 4.850316e-001 9.091250e+000 -4.850309e-001
v 4.763309e-001 9.078907e+000 -4.763301e-001
v 4.684588e-001 9.060000e+000 -4.684580e-001
v 4.639013e-001 9.033594e+000 -4.639005e-001
v 4.651442e-001 8.998751e+000 -4.651434e-001
v 4.746736e-001 8.954532e+000 -4.746729e-001
v 4.949753e-001 8.900001e+000 -4.949746e-001
v 5.183154e-001 8.841172e+000 -5.183146e-001
v 5.358549e-001 8.785625e+000 -5.358542e-001
v 5.484226e-001 8.734766e+000 -5.484219e-001
v 5.568472e-001 8.690001e+000 -5.568464e-001
v 5.619571e-001 8.652735e+000 -5.619563e-001
v 5.645812e-001 8.624375e+000 -5.645803e-001
v 5.655479e-001 8.606329e+000 -5.655471e-001
v 5.656860e-001 8.600000e+000 -5.656852e-001
v 1.111140e-001 2.700000e+001 -1.662939e-001
v 1.111141e-001 2.640000e+001 -1.662939e-001
v 1.666711e-001 2.630000e+001 -2.494409e-001
v 1.666711e-001 2.610000e+001 -2.494409e-001
v 1.701463e-001 2.609583e+001 -2.546419e-001
v 1.797023e-001 2.608436e+001 -2.689435e-001
v 1.940344e-001 2.606717e+001 -2.903930e-001
v 2.118379e-001 2.604580e+001 -3.170379e-001
v 2.318083e-001 2.602184e+001 -3.469257e-001
v 2.526409e-001 2.599684e+001 -3.781039e-001
v 2.730312e-001 2.597237e+001 -4.086201e-001
v 2.916744e-001 2.595000e+001 -4.365216e-001
v 3.066216e-001 2.592383e+001 -4.588917e-001
v 3.201039e-001 2.588594e+001 -4.790694e-001
v 3.319587e-001 2.584102e+001 -4.968112e-001
v 3.420229e-001 2.579375e+001 -5.118735e-001
v 3.501340e-001 2.574883e+001 -5.240127e-001
v 3.561292e-001 2.571094e+001 -5.329851e-001
v 3.598457e-001 2.568477e+001 -5.385472e-001
v 3.611207e-001 2.567500e+001 -5.404553e-001
v 3.623143e-001 2.567449e+001 -5.422417e-001
v 3.654611e-001 2.567257e+001 -5.469511e-001
v 3.699100e-001 2.566868e+001 -5.536094e-001
v 3.750099e-001 2.566226e+001 -5.612420e-001
v 3.801099e-001 2.565275e+001 -5.688747e-001
v 3.845588e-001 2.563958e+001 -5.755329e-001
v 3.877056e-001 2.562218e+001 -5.802424e-001
v 3.888992e-001 2.560000e+001 -5.820287e-001
v 3.877056e-001 2.557668e+001 -5.802424e-001
v 3.845588e-001 2.555875e+001 -5.755329e-001
v 3.801099e-001 2.554551e+001 -5.688747e-001
v 3.750099e-001 2.553625e+001 -5.612420e-001
v 3.699100e-001 2.553028e+001 -5.536094e-001
v 3.654611e-001 2.552688e+001 -5.469511e-001
v 3.623143e-001 2.552535e+001 -5.422417e-001
v 3.611207e-001 2.552500e+001 -5.404553e-001
v 3.607062e-001 2.551720e+001 -5.398349e-001
v 3.590547e-001 2.549581e+001 -5.373632e-001
v 3.555541e-001 2.546383e+001 -5.321243e-001
v 3.495926e-001 2.542425e+001 -5.232023e-001
v 3.405581e-001 2.538008e+001 -5.096812e-001
v 3.278385e-001 2.533431e+001 -4.906451e-001
v 3.108220e-001 2.528996e+001 -4.651781e-001
v 2.888966e-001 2.525000e+001 -4.323643e-001
v 2.740680e-001 2.522928e+001 -4.101717e-001
v 2.575375e-001 2.520838e+001 -3.854322e-001
v 2.404391e-001 2.518821e+001 -3.598425e-001
v 2.239067e-001 2.516967e+001 -3.351000e-001
v 2.090742e-001 2.515368e+001 -3.129016e-001
v 1.970757e-001 2.514113e+001 -2.949445e-001
v 1.890449e-001 2.513293e+001 -2.829257e-001
v 1.861161e-001 2.513000e+001 -2.785423e-001
v 1.847705e-001 2.512301e+001 -2.765286e-001
v 1.816020e-001 2.510406e+001 -2.717866e-001
v 1.779127e-001 2.507621e+001 -2.662652e-001
v 1.750046e-001 2.504250e+001 -2.619129e-001
v 1.741800e-001 2.500598e+001 -2.606787e-001
v 1.767408e-001 2.496969e+001 -2.645113e-001
v 1.839893e-001 2.493668e+001 -2.753593e-001
v 1.972275e-001 2.491000e+001 -2.951717e-001
v 2.005414e-001 2.490507e+001 -3.001313e-001
v 2.037381e-001 2.489903e+001 -3.049155e-001
v 2.067004e-001 2.489154e+001 -3.093489e-001
v 2.093111e-001 2.488225e+001 -3.132562e-001
v 2.114531e-001 2.487080e+001 -3.164619e-001
v 2.130091e-001 2.485685e+001 -3.187907e-001
v 2.138620e-001 2.484003e+001 -3.200671e-001
v 2.138946e-001 2.482000e+001 -3.201158e-001
v 2.121259e-001 2.479857e+001 -3.174688e-001
v 2.081919e-001 2.478014e+001 -3.115811e-001
v 2.028326e-001 2.476465e+001 -3.035604e-001
v 1.967882e-001 2.475207e+001 -2.945142e-001
v 1.907986e-001 2.474235e+001 -2.855503e-001
v 1.856041e-001 2.473546e+001 -2.777761e-001
v 1.819447e-001 2.473136e+001 -2.722993e-001
v 1.805604e-001 2.473000e+001 -2.702276e-001
v 1.812310e-001 2.472690e+001 -2.712312e-001
v 1.830084e-001 2.471828e+001 -2.738913e-001
v 1.855410e-001 2.470522e+001 -2.776816e-001
v 1.884772e-001 2.468875e+001 -2.820761e-001
v 1.914656e-001 2.466994e+001 -2.865485e-001
v 1.941545e-001 2.464985e+001 -2.905726e-001
v 1.961923e-001 2.462951e+001 -2.936225e-001
v 1.972275e-001 2.461000e+001 -2.951717e-001
v 1.976657e-001 2.455630e+001 -2.958276e-001
v 1.962356e-001 2.451332e+001 -2.936872e-001
v 1.928165e-001 2.447837e+001 -2.885702e-001
v 1.872880e-001 2.444876e+001 -2.802963e-001
v 1.795297e-001 2.442181e+001 -2.686851e-001
v 1.694210e-001 2.439482e+001 -2.535564e-001
v 1.568414e-001 2.436512e+001 -2.347297e-001
v 1.416705e-001 2.433000e+001 -2.120247e-001
v 1.298342e-001 2.429891e+001 -1.943106e-001
v 1.215658e-001 2.426991e+001 -1.819360e-001
v 1.164745e-001 2.424264e+001 -1.743163e-001
v 1.141698e-001 2.421675e+001 -1.708670e-001
v 1.142609e-001 2.419190e+001 -1.710034e-001
v 1.163573e-001 2.416772e+001 -1.741409e-001
v 1.200683e-001 2.414387e+001 -1.796949e-001
v 1.250034e-001 2.412000e+001 -1.870807e-001
v 1.258543e-001 2.411213e+001 -1.883542e-001
v 1.267711e-001 2.409727e+001 -1.897262e-001
v 1.276983e-001 2.407788e+001 -1.911140e-001
v 1.285809e-001 2.405646e+001 -1.924348e-001
v 1.293635e-001 2.403548e+001 -1.936060e-001
v 1.299909e-001 2.401742e+001 -1.945450e-001
v 1.304078e-001 2.400477e+001 -1.951690e-001
v 1.305591e-001 2.400000e+001 -1.953954e-001
v 1.138920e-001 2.400000e+001 -1.704513e-001
v 1.305592e-001 1.949000e+001 -1.953953e-001
v 1.312419e-001 1.949047e+001 -1.964172e-001
v 1.333961e-001 1.949054e+001 -1.996411e-001
v 1.371806e-001 1.948819e+001 -2.053049e-001
v 1.427541e-001 1.948142e+001 -2.136463e-001
v 1.502756e-001 1.946823e+001 -2.249030e-001
v 1.599039e-001 1.944660e+001 -2.393128e-001
v 1.717978e-001 1.941453e+001 -2.571132e-001
v 1.861162e-001 1.937000e+001 -2.785423e-001
v 1.880303e-001 1.935552e+001 -2.814069e-001
v 1.889288e-001 1.933103e+001 -2.827516e-001
v 1.890460e-001 1.930022e+001 -2.829270e-001
v 1.886163e-001 1.926675e+001 -2.822839e-001
v 1.878741e-001 1.923432e+001 -2.811731e-001
v 1.870537e-001 1.920659e+001 -2.799454e-001
v 1.863897e-001 1.918726e+001 -2.789515e-001
v 1.861162e-001 1.918000e+001 -2.785423e-001
v 1.638934e-001 1.918000e+001 -2.452835e-001
v 1.641367e-001 1.916733e+001 -2.456477e-001
v 1.652733e-001 1.913261e+001 -2.473487e-001
v 1.679130e-001 1.908083e+001 -2.512993e-001
v 1.726658e-001 1.901696e+001 -2.584124e-001
v 1.801416e-001 1.894596e+001 -2.696007e-001
v 1.909504e-001 1.887283e+001 -2.857771e-001
v 2.057019e-001 1.880251e+001 -3.078543e-001
v 2.250061e-001 1.874000e+001 -3.367451e-001
v 2.665633e-001 1.860737e+001 -3.989398e-001
v 2.814139e-001 1.850397e+001 -4.211655e-001
v 2.760818e-001 1.842377e+001 -4.131853e-001
v 2.570904e-001 1.836075e+001 -3.847626e-001
v 2.309634e-001 1.830889e+001 -3.456608e-001
v 2.042244e-001 1.826216e+001 -3.056430e-001
v 1.833970e-001 1.821454e+001 -2.744726e-001
v 1.750048e-001 1.816000e+001 -2.619129e-001
v 1.778152e-001 1.810539e+001 -2.661189e-001
v 1.855086e-001 1.806063e+001 -2.776328e-001
v 1.969780e-001 1.802430e+001 -2.947981e-001
v 2.111169e-001 1.799500e+001 -3.159584e-001
v 2.268182e-001 1.797133e+001 -3.394572e-001
v 2.429754e-001 1.795188e+001 -3.636380e-001
v 2.584814e-001 1.793524e+001 -3.868445e-001
v 2.722296e-001 1.792000e+001 -4.074201e-001
v 2.837100e-001 1.789820e+001 -4.246016e-001
v 2.932371e-001 1.786563e+001 -4.388601e-001
v 3.009413e-001 1.782648e+001 -4.503902e-001
v 3.069528e-001 1.778500e+001 -4.593869e-001
v 3.114017e-001 1.774539e+001 -4.660452e-001
v 3.144183e-001 1.771188e+001 -4.705598e-001
v 3.161327e-001 1.768867e+001 -4.731257e-001
v 3.166752e-001 1.768000e+001 -4.739377e-001
v 3.140884e-001 1.768065e+001 -4.700662e-001
v 3.068139e-001 1.768106e+001 -4.591791e-001
v 2.955810e-001 1.767895e+001 -4.423678e-001
v 2.811188e-001 1.767200e+001 -4.207236e-001
v 2.641565e-001 1.765793e+001 -3.953378e-001
v 2.454234e-001 1.763444e+001 -3.673017e-001
v 2.256485e-001 1.759923e+001 -3.377066e-001
v 2.055612e-001 1.755000e+001 -3.076437e-001
v 1.937667e-001 1.751231e+001 -2.899919e-001
v 1.851266e-001 1.747692e+001 -2.770612e-001
v 1.791535e-001 1.744468e+001 -2.681218e-001
v 1.753598e-001 1.741643e+001 -2.624440e-001
v 1.732578e-001 1.739300e+001 -2.592983e-001
v 1.723601e-001 1.737522e+001 -2.579547e-001
v 1.721790e-001 1.736395e+001 -2.576837e-001
v 1.722270e-001 1.736000e+001 -2.577555e-001
v 1.756147e-001 1.735903e+001 -2.628255e-001
v 1.845363e-001 1.735525e+001 -2.761777e-001
v 1.971300e-001 1.734735e+001 -2.950255e-001
v 2.115336e-001 1.733400e+001 -3.165820e-001
v 2.258851e-001 1.731391e+001 -3.380605e-001
v 2.383225e-001 1.728575e+001 -3.566744e-001
v 2.469838e-001 1.724822e+001 -3.696369e-001
v 2.500068e-001 1.720000e+001 -3.741613e-001
v 2.493843e-001 1.715306e+001 -3.732296e-001
v 2.481142e-001 1.711683e+001 -3.713287e-001
v 2.458652e-001 1.708908e+001 -3.679628e-001
v 2.423058e-001 1.706760e+001 -3.626359e-001
v 2.371049e-001 1.705017e+001 -3.548522e-001
v 2.299310e-001 1.703457e+001 -3.441157e-001
v 2.204529e-001 1.701859e+001 -3.299307e-001
v 2.083391e-001 1.700000e+001 -3.118011e-001
v 1.943719e-001 1.696964e+001 -2.908978e-001
v 1.839361e-001 1.692978e+001 -2.752795e-001
v 1.765172e-001 1.688460e+001 -2.641763e-001
v 1.716009e-001 1.683828e+001 -2.568184e-001
v 1.686725e-001 1.679498e+001 -2.524359e-001
v 1.672178e-001 1.675889e+001 -2.502587e-001
v 1.667222e-001 1.673417e+001 -2.495169e-001
v 1.666713e-001 1.672500e+001 -2.494408e-001
v 1.527821e-001 1.672500e+001 -2.286541e-001
v 1.666714e-001 1.257500e+001 -2.494408e-001
v 2.222284e-001 1.257500e+001 -3.325877e-001
v 2.227384e-001 1.253018e+001 -3.333510e-001
v 2.242250e-001 1.240859e+001 -3.355758e-001
v 2.266231e-001 1.222959e+001 -3.391648e-001
v 2.298675e-001 1.201250e+001 -3.440204e-001
v 2.338932e-001 1.177666e+001 -3.500453e-001
v 2.386351e-001 1.154141e+001 -3.571420e-001
v 2.440280e-001 1.132607e+001 -3.652132e-001
v 2.500070e-001 1.115000e+001 -3.741612e-001
v 2.695540e-001 1.077964e+001 -4.034154e-001
v 2.928168e-001 1.048856e+001 -4.382306e-001
v 3.186174e-001 1.026145e+001 -4.768439e-001
v 3.457778e-001 1.008302e+001 -5.174924e-001
v 3.731199e-001 9.937965e+000 -5.584127e-001
v 3.994658e-001 9.810977e+000 -5.978422e-001
v 4.236374e-001 9.686756e+000 -6.340174e-001
v 4.444566e-001 9.550000e+000 -6.651757e-001
v 4.498974e-001 9.468824e+000 -6.733183e-001
v 4.472782e-001 9.388821e+000 -6.693984e-001
v 4.388597e-001 9.312965e+000 -6.567992e-001
v 4.269024e-001 9.244231e+000 -6.389040e-001
v 4.136672e-001 9.185591e+000 -6.190959e-001
v 4.014145e-001 9.140024e+000 -6.007585e-001
v 3.924051e-001 9.110502e+000 -5.872750e-001
v 3.888996e-001 9.100000e+000 -5.820286e-001
v 3.866209e-001 9.097969e+000 -5.786183e-001
v 3.810869e-001 9.091250e+000 -5.703361e-001
v 3.742507e-001 9.078907e+000 -5.601051e-001
v 3.680657e-001 9.060000e+000 -5.508485e-001
v 3.644849e-001 9.033594e+000 -5.454895e-001
v 3.654615e-001 8.998751e+000 -5.469510e-001
v 3.729486e-001 8.954532e+000 -5.581564e-001
v 3.888996e-001 8.900001e+000 -5.820286e-001
v 4.072377e-001 8.841172e+000 -6.094736e-001
v 4.210185e-001 8.785625e+000 -6.300980e-001
v 4.308929e-001 8.734766e+000 -6.448761e-001
v 4.375120e-001 8.690001e+000 -6.547822e-001
v 4.415269e-001 8.652735e+000 -6.607909e-001
v 4.435885e-001 8.624375e+000 -6.638764e-001
v 4.443481e-001 8.606329e+000 -6.650132e-001
v 4.444566e-001 8.600000e+000 -6.651756e-001
v 7.653669e-002 2.700000e+001 -1.847759e-001
v 7.653670e-002 2.640000e+001 -1.847759e-001
v 1.148050e-001 2.630000e+001 -2.771639e-001
v 1.148050e-001 2.610000e+001 -2.771639e-001
v 1.171988e-001 2.609583e+001 -2.829430e-001
v 1.237811e-001 2.608436e+001 -2.988340e-001
v 1.336532e-001 2.606717e+001 -3.226673e-001
v 1.459165e-001 2.604580e+001 -3.522736e-001
v 1.596723e-001 2.602184e+001 -3.854831e-001
v 1.740221e-001 2.599684e+001 -4.201265e-001
v 1.880672e-001 2.597237e+001 -4.540342e-001
v 2.009088e-001 2.595000e+001 -4.850368e-001
v 2.112047e-001 2.592383e+001 -5.098931e-001
v 2.204915e-001 2.588594e+001 -5.323134e-001
v 2.286571e-001 2.584102e+001 -5.520270e-001
v 2.355895e-001 2.579375e+001 -5.687633e-001
v 2.411765e-001 2.574883e+001 -5.822516e-001
v 2.453061e-001 2.571094e+001 -5.922212e-001
v 2.478660e-001 2.568477e+001 -5.984014e-001
v 2.487443e-001 2.567500e+001 -6.005217e-001
v 2.495664e-001 2.567449e+001 -6.025066e-001
v 2.517340e-001 2.567257e+001 -6.077395e-001
v 2.547984e-001 2.566868e+001 -6.151378e-001
v 2.583114e-001 2.566226e+001 -6.236187e-001
v 2.618243e-001 2.565275e+001 -6.320996e-001
v 2.648887e-001 2.563958e+001 -6.394979e-001
v 2.670563e-001 2.562218e+001 -6.447308e-001
v 2.678784e-001 2.560000e+001 -6.467156e-001
v 2.670563e-001 2.557668e+001 -6.447308e-001
v 2.648887e-001 2.555875e+001 -6.394979e-001
v 2.618243e-001 2.554551e+001 -6.320996e-001
v 2.583114e-001 2.553625e+001 -6.236187e-001
v 2.547984e-001 2.553028e+001 -6.151378e-001
v 2.517340e-001 2.552688e+001 -6.077395e-001
v 2.495664e-001 2.552535e+001 -6.025066e-001
v 2.487443e-001 2.552500e+001 -6.005217e-001
v 2.484588e-001 2.551720e+001 -5.998324e-001
v 2.473212e-001 2.549581e+001 -5.970860e-001
v 2.449100e-001 2.546383e+001 -5.912648e-001
v 2.408036e-001 2.542425e+001 -5.813512e-001
v 2.345805e-001 2.538008e+001 -5.663273e-001
v 2.258191e-001 2.533431e+001 -5.451756e-001
v 2.140980e-001 2.528996e+001 -5.168781e-001
v 1.989954e-001 2.525000e+001 -4.804174e-001
v 1.887813e-001 2.522928e+001 -4.557584e-001
v 1.773950e-001 2.520838e+001 -4.282692e-001
v 1.656173e-001 2.518821e+001 -3.998356e-001
v 1.542296e-001 2.516967e+001 -3.723432e-001
v 1.440128e-001 2.515368e+001 -3.476776e-001
v 1.357481e-001 2.514113e+001 -3.277248e-001
v 1.302164e-001 2.513293e+001 -3.143702e-001
v 1.281990e-001 2.513000e+001 -3.094996e-001
v 1.272722e-001 2.512301e+001 -3.072621e-001
v 1.250897e-001 2.510406e+001 -3.019931e-001
v 1.225484e-001 2.507621e+001 -2.958580e-001
v 1.205453e-001 2.504250e+001 -2.910220e-001
v 1.199773e-001 2.500598e+001 -2.896506e-001
v 1.217412e-001 2.496969e+001 -2.939091e-001
v 1.267340e-001 2.493668e+001 -3.059629e-001
v 1.358526e-001 2.491000e+001 -3.279772e-001
v 1.381353e-001 2.490507e+001 -3.334880e-001
v 1.403372e-001 2.489903e+001 -3.388039e-001
v 1.423777e-001 2.489154e+001 -3.437301e-001
v 1.441760e-001 2.488225e+001 -3.480716e-001
v 1.456514e-001 2.487080e+001 -3.516336e-001
v 1.467233e-001 2.485685e+001 -3.542212e-001
v 1.473107e-001 2.484003e+001 -3.556395e-001
v 1.473332e-001 2.482000e+001 -3.556936e-001
v 1.461149e-001 2.479857e+001 -3.527524e-001
v 1.434051e-001 2.478014e+001 -3.462104e-001
v 1.397135e-001 2.476465e+001 -3.372982e-001
v 1.355501e-001 2.475207e+001 -3.272467e-001
v 1.314244e-001 2.474235e+001 -3.172865e-001
v 1.278463e-001 2.473546e+001 -3.086483e-001
v 1.253257e-001 2.473136e+001 -3.025628e-001
v 1.243722e-001 2.473000e+001 -3.002608e-001
v 1.248341e-001 2.472690e+001 -3.013760e-001
v 1.260584e-001 2.471828e+001 -3.043317e-001
v 1.278028e-001 2.470522e+001 -3.085433e-001
v 1.298254e-001 2.468875e+001 -3.134261e-001
v 1.318838e-001 2.466994e+001 -3.183956e-001
v 1.337359e-001 2.464985e+001 -3.228670e-001
v 1.351396e-001 2.462951e+001 -3.262558e-001
v 1.358526e-001 2.461000e+001 -3.279772e-001
v 1.361545e-001 2.455630e+001 -3.287060e-001
v 1.351694e-001 2.451332e+001 -3.263277e-001
v 1.328143e-001 2.447837e+001 -3.206420e-001
v 1.290063e-001 2.444876e+001 -3.114485e-001
v 1.236622e-001 2.442181e+001 -2.985469e-001
v 1.166992e-001 2.439482e+001 -2.817367e-001
v 1.080343e-001 2.436512e+001 -2.608176e-001
v 9.758432e-002 2.433000e+001 -2.355893e-001
v 8.943138e-002 2.429891e+001 -2.159063e-001
v 8.373599e-002 2.426991e+001 -2.021564e-001
v 8.022905e-002 2.424264e+001 -1.936900e-001
v 7.864151e-002 2.421675e+001 -1.898573e-001
v 7.870429e-002 2.419190e+001 -1.900088e-001
v 8.014832e-002 2.416772e+001 -1.934950e-001
v 8.270451e-002 2.414387e+001 -1.996662e-001
v 8.610383e-002 2.412000e+001 -2.078729e-001
v 8.668999e-002 2.411213e+001 -2.092880e-001
v 8.732144e-002 2.409727e+001 -2.108125e-001
v 8.796015e-002 2.407788e+001 -2.123545e-001
v 8.856807e-002 2.405646e+001 -2.138221e-001
v 8.910712e-002 2.403548e+001 -2.151235e-001
v 8.953928e-002 2.401742e+001 -2.161668e-001
v 8.982647e-002 2.400477e+001 -2.168601e-001
v 8.993066e-002 2.400000e+001 -2.171117e-001
v 7.845016e-002 2.400000e+001 -1.893953e-001
v 8.993074e-002 1.949000e+001 -2.171117e-001
v 9.040104e-002 1.949047e+001 -2.182471e-001
v 9.188485e-002 1.949054e+001 -2.218293e-001
v 9.449163e-002 1.948819e+001 -2.281226e-001
v 9.833074e-002 1.948142e+001 -2.373911e-001
v 1.035116e-001 1.946823e+001 -2.498989e-001
v 1.101437e-001 1.944660e+001 -2.659101e-001
v 1.183364e-001 1.941453e+001 -2.856890e-001
v 1.281991e-001 1.937000e+001 -3.094996e-001
v 1.295175e-001 1.935552e+001 -3.126827e-001
v 1.301364e-001 1.933103e+001 -3.141768e-001
v 1.302171e-001 1.930022e+001 -3.143716e-001
v 1.299212e-001 1.926675e+001 -3.136571e-001
v 1.294099e-001 1.923432e+001 -3.124228e-001
v 1.288449e-001 1.920659e+001 -3.110587e-001
v 1.283874e-001 1.918726e+001 -3.099543e-001
v 1.281991e-001 1.918000e+001 -3.094996e-001
v 1.128917e-001 1.918000e+001 -2.725444e-001
v 1.130593e-001 1.916733e+001 -2.729490e-001
v 1.138422e-001 1.913261e+001 -2.748392e-001
v 1.156605e-001 1.908083e+001 -2.792289e-001
v 1.189343e-001 1.901696e+001 -2.871325e-001
v 1.240837e-001 1.894596e+001 -2.995642e-001
v 1.315289e-001 1.887283e+001 -3.175385e-001
v 1.416899e-001 1.880251e+001 -3.420694e-001
v 1.549869e-001 1.874000e+001 -3.741712e-001
v 1.836120e-001 1.860737e+001 -4.432782e-001
v 1.938413e-001 1.850397e+001 -4.679739e-001
v 1.901685e-001 1.842377e+001 -4.591069e-001
v 1.770869e-001 1.836075e+001 -4.275253e-001
v 1.590904e-001 1.830889e+001 -3.840778e-001
v 1.406722e-001 1.826216e+001 -3.396124e-001
v 1.263260e-001 1.821454e+001 -3.049777e-001
v 1.205454e-001 1.816000e+001 -2.910220e-001
v 1.224813e-001 1.810539e+001 -2.956955e-001
v 1.277805e-001 1.806063e+001 -3.084891e-001
v 1.356809e-001 1.802430e+001 -3.275622e-001
v 1.454199e-001 1.799500e+001 -3.510742e-001
v 1.562351e-001 1.797133e+001 -3.771846e-001
v 1.673644e-001 1.795188e+001 -4.040529e-001
v 1.780451e-001 1.793524e+001 -4.298385e-001
v 1.875150e-001 1.792000e+001 -4.527009e-001
v 1.954228e-001 1.789820e+001 -4.717920e-001
v 2.019853e-001 1.786563e+001 -4.876352e-001
v 2.072920e-001 1.782648e+001 -5.004468e-001
v 2.114328e-001 1.778500e+001 -5.104434e-001
v 2.144972e-001 1.774539e+001 -5.178417e-001
v 2.165751e-001 1.771188e+001 -5.228581e-001
v 2.177560e-001 1.768867e+001 -5.257091e-001
v 2.181297e-001 1.768000e+001 -5.266113e-001
v 2.163478e-001 1.768065e+001 -5.223095e-001
v 2.113371e-001 1.768106e+001 -5.102125e-001
v 2.035997e-001 1.767895e+001 -4.915328e-001
v 1.936380e-001 1.767200e+001 -4.674830e-001
v 1.819542e-001 1.765793e+001 -4.392758e-001
v 1.690506e-001 1.763444e+001 -4.081238e-001
v 1.554294e-001 1.759923e+001 -3.752394e-001
v 1.415930e-001 1.755000e+001 -3.418354e-001
v 1.334688e-001 1.751231e+001 -3.222218e-001
v 1.275174e-001 1.747692e+001 -3.078539e-001
v 1.234031e-001 1.744468e+001 -2.979210e-001
v 1.207899e-001 1.741643e+001 -2.916122e-001
v 1.193421e-001 1.739300e+001 -2.881168e-001
v 1.187237e-001 1.737522e+001 -2.866239e-001
v 1.185990e-001 1.736395e+001 -2.863228e-001
v 1.186320e-001 1.736000e+001 -2.864026e-001
v 1.209655e-001 1.735903e+001 -2.920361e-001
v 1.271108e-001 1.735525e+001 -3.068723e-001
v 1.357855e-001 1.734735e+001 -3.278148e-001
v 1.457069e-001 1.733400e+001 -3.517671e-001
v 1.555924e-001 1.731391e+001 -3.756328e-001
v 1.641594e-001 1.728575e+001 -3.963154e-001
v 1.701254e-001 1.724822e+001 -4.107186e-001
v 1.722077e-001 1.720000e+001 -4.157458e-001
v 1.717789e-001 1.715306e+001 -4.147105e-001
v 1.709040e-001 1.711683e+001 -4.125984e-001
v 1.693549e-001 1.708908e+001 -4.088584e-001
v 1.669032e-001 1.706760e+001 -4.029394e-001
v 1.633207e-001 1.705017e+001 -3.942906e-001
v 1.583793e-001 1.703457e+001 -3.823609e-001
v 1.518506e-001 1.701859e+001 -3.665993e-001
v 1.435065e-001 1.700000e+001 -3.464548e-001
v 1.338857e-001 1.696964e+001 -3.232283e-001
v 1.266974e-001 1.692978e+001 -3.058742e-001
v 1.215872e-001 1.688460e+001 -2.935370e-001
v 1.182007e-001 1.683828e+001 -2.853614e-001
v 1.161837e-001 1.679498e+001 -2.804917e-001
v 1.151816e-001 1.675889e+001 -2.780726e-001
v 1.148402e-001 1.673417e+001 -2.772484e-001
v 1.148052e-001 1.672500e+001 -2.771638e-001
v 1.052381e-001 1.672500e+001 -2.540668e-001
v 1.148053e-001 1.257500e+001 -2.771638e-001
v 1.530736e-001 1.257500e+001 -3.695517e-001
v 1.534249e-001 1.253018e+001 -3.703998e-001
v 1.544489e-001 1.240859e+001 -3.728719e-001
v 1.561007e-001 1.222959e+001 -3.768598e-001
v 1.583355e-001 1.201250e+001 -3.822550e-001
v 1.611084e-001 1.177666e+001 -3.889495e-001
v 1.643747e-001 1.154141e+001 -3.968350e-001
v 1.680894e-001 1.132607e+001 -4.058031e-001
v 1.722078e-001 1.115000e+001 -4.157457e-001
v 1.856720e-001 1.077964e+001 -4.482512e-001
v 2.016957e-001 1.048856e+001 -4.869358e-001
v 2.194675e-001 1.026145e+001 -5.298406e-001
v 2.381759e-001 1.008302e+001 -5.750067e-001
v 2.570095e-001 9.937965e+000 -6.204750e-001
v 2.751568e-001 9.810977e+000 -6.642866e-001
v 2.918065e-001 9.686756e+000 -7.044824e-001
v 3.061470e-001 9.550000e+000 -7.391036e-001
v 3.098947e-001 9.468824e+000 -7.481513e-001
v 3.080906e-001 9.388821e+000 -7.437957e-001
v 3.022918e-001 9.312965e+000 -7.297962e-001
v 2.940555e-001 9.244231e+000 -7.099121e-001
v 2.849389e-001 9.185591e+000 -6.879026e-001
v 2.764991e-001 9.140024e+000 -6.675271e-001
v 2.702933e-001 9.110502e+000 -6.525450e-001
v 2.678787e-001 9.100000e+000 -6.467156e-001
v 2.663091e-001 9.097969e+000 -6.429263e-001
v 2.624972e-001 9.091250e+000 -6.337236e-001
v 2.577884e-001 9.078907e+000 -6.223555e-001
v 2.535281e-001 9.060000e+000 -6.120701e-001
v 2.510616e-001 9.033594e+000 -6.061155e-001
v 2.517343e-001 8.998751e+000 -6.077394e-001
v 2.568915e-001 8.954532e+000 -6.201901e-001
v 2.678787e-001 8.900001e+000 -6.467156e-001
v 2.805103e-001 8.841172e+000 -6.772109e-001
v 2.900026e-001 8.785625e+000 -7.001274e-001
v 2.968042e-001 8.734766e+000 -7.165480e-001
v 3.013635e-001 8.690001e+000 -7.275551e-001
v 3.041290e-001 8.652735e+000 -7.342315e-001
v 3.055491e-001 8.624375e+000 -7.376600e-001
v 3.060723e-001 8.606329e+000 -7.389231e-001
v 3.061470e-001 8.600000e+000 -7.391036e-001
v 3.901805e-002 2.700000e+001 -1.961571e-001
v 3.901805e-002 2.640000e+001 -1.961571e-001
v 5.852708e-002 2.630000e+001 -2.942356e-001
v 5.852708e-002 2.610000e+001 -2.942356e-001
v 5.974742e-002 2.609583e+001 -3.003707e-001
v 6.310303e-002 2.608436e+001 -3.172405e-001
v 6.813578e-002 2.606717e+001 -3.425418e-001
v 7.438755e-002 2.604580e+001 -3.739716e-001
v 8.140022e-002 2.602184e+001 -4.092267e-001
v 8.871567e-002 2.599684e+001 -4.460039e-001
v 9.587576e-002 2.597237e+001 -4.820002e-001
v 1.024224e-001 2.595000e+001 -5.149123e-001
v 1.076712e-001 2.592383e+001 -5.412996e-001
v 1.124055e-001 2.588594e+001 -5.651009e-001
v 1.165683e-001 2.584102e+001 -5.860288e-001
v 1.201024e-001 2.579375e+001 -6.037960e-001
v 1.229507e-001 2.574883e+001 -6.181151e-001
v 1.250559e-001 2.571094e+001 -6.286988e-001
v 1.263610e-001 2.568477e+001 -6.352597e-001
v 1.268087e-001 2.567500e+001 -6.375105e-001
v 1.272278e-001 2.567449e+001 -6.396176e-001
v 1.283328e-001 2.567257e+001 -6.451729e-001
v 1.298951e-001 2.566868e+001 -6.530268e-001
v 1.316859e-001 2.566226e+001 -6.620301e-001
v 1.334768e-001 2.565275e+001 -6.710334e-001
v 1.350390e-001 2.563958e+001 -6.788874e-001
v 1.361440e-001 2.562218e+001 -6.844426e-001
v 1.365632e-001 2.560000e+001 -6.865498e-001
v 1.361440e-001 2.557668e+001 -6.844426e-001
v 1.350390e-001 2.555875e+001 -6.788874e-001
v 1.334768e-001 2.554551e+001 -6.710334e-001
v 1.316859e-001 2.553625e+001 -6.620301e-001
v 1.298951e-001 2.553028e+001 -6.530268e-001
v 1.283328e-001 2.552688e+001 -6.451729e-001
v 1.272278e-001 2.552535e+001 -6.396176e-001
v 1.268087e-001 2.552500e+001 -6.375105e-001
v 1.266631e-001 2.551720e+001 -6.367787e-001
v 1.260832e-001 2.549581e+001 -6.338632e-001
v 1.248540e-001 2.546383e+001 -6.276835e-001
v 1.227605e-001 2.542425e+001 -6.171592e-001
v 1.195880e-001 2.538008e+001 -6.012099e-001
v 1.151215e-001 2.533431e+001 -5.787553e-001
v 1.091461e-001 2.528996e+001 -5.487149e-001
v 1.014469e-001 2.525000e+001 -5.100084e-001
v 9.623985e-002 2.522928e+001 -4.838305e-001
v 9.043513e-002 2.520838e+001 -4.546482e-001
v 8.443096e-002 2.518821e+001 -4.244632e-001
v 7.862554e-002 2.516967e+001 -3.952774e-001
v 7.341708e-002 2.515368e+001 -3.690926e-001
v 6.920374e-002 2.514113e+001 -3.479108e-001
v 6.638373e-002 2.513293e+001 -3.337336e-001
v 6.535524e-002 2.513000e+001 -3.285631e-001
v 6.488276e-002 2.512301e+001 -3.261877e-001
v 6.377014e-002 2.510406e+001 -3.205942e-001
v 6.247461e-002 2.507621e+001 -3.140812e-001
v 6.145344e-002 2.504250e+001 -3.089474e-001
v 6.116385e-002 2.500598e+001 -3.074915e-001
v 6.206309e-002 2.496969e+001 -3.120123e-001
v 6.460842e-002 2.493668e+001 -3.248085e-001
v 6.925705e-002 2.491000e+001 -3.481788e-001
v 7.042073e-002 2.490507e+001 -3.540290e-001
v 7.154327e-002 2.489903e+001 -3.596724e-001
v 7.258349e-002 2.489154e+001 -3.649020e-001
v 7.350027e-002 2.488225e+001 -3.695109e-001
v 7.425243e-002 2.487080e+001 -3.732923e-001
v 7.479884e-002 2.485685e+001 -3.760392e-001
v 7.509833e-002 2.484003e+001 -3.775449e-001
v 7.510976e-002 2.482000e+001 -3.776024e-001
v 7.448869e-002 2.479857e+001 -3.744800e-001
v 7.310724e-002 2.478014e+001 -3.675350e-001
v 7.122532e-002 2.476465e+001 -3.580739e-001
v 6.910279e-002 2.475207e+001 -3.474033e-001
v 6.699955e-002 2.474235e+001 -3.368295e-001
v 6.517547e-002 2.473546e+001 -3.276593e-001
v 6.389044e-002 2.473136e+001 -3.211990e-001
v 6.340434e-002 2.473000e+001 -3.187552e-001
v 6.363983e-002 2.472690e+001 -3.199391e-001
v 6.426396e-002 2.471828e+001 -3.230768e-001
v 6.515330e-002 2.470522e+001 -3.275478e-001
v 6.618438e-002 2.468875e+001 -3.327314e-001
v 6.723376e-002 2.466994e+001 -3.380070e-001
v 6.817796e-002 2.464985e+001 -3.427538e-001
v 6.889354e-002 2.462951e+001 -3.463513e-001
v 6.925705e-002 2.461000e+001 -3.481788e-001
v 6.941094e-002 2.455630e+001 -3.489524e-001
v 6.890874e-002 2.451332e+001 -3.464277e-001
v 6.770812e-002 2.447837e+001 -3.403917e-001
v 6.576680e-002 2.444876e+001 -3.306320e-001
v 6.304243e-002 2.442181e+001 -3.169357e-001
v 5.949273e-002 2.439482e+001 -2.990901e-001
v 5.507536e-002 2.436512e+001 -2.768826e-001
v 4.974804e-002 2.433000e+001 -2.501003e-001
v 4.559170e-002 2.429891e+001 -2.292050e-001
v 4.268822e-002 2.426991e+001 -2.146081e-001
v 4.090040e-002 2.424264e+001 -2.056202e-001
v 4.009108e-002 2.421675e+001 -2.015514e-001
v 4.012308e-002 2.419190e+001 -2.017123e-001
v 4.085924e-002 2.416772e+001 -2.054133e-001
v 4.216238e-002 2.414387e+001 -2.119646e-001
v 4.389533e-002 2.412000e+001 -2.206767e-001
v 4.419415e-002 2.411213e+001 -2.221790e-001
v 4.451606e-002 2.409727e+001 -2.237974e-001
v 4.484168e-002 2.407788e+001 -2.254343e-001
v 4.515159e-002 2.405646e+001 -2.269924e-001
v 4.542640e-002 2.403548e+001 -2.283739e-001
v 4.564671e-002 2.401742e+001 -2.294815e-001
v 4.579312e-002 2.400477e+001 -2.302175e-001
v 4.584624e-002 2.400000e+001 -2.304846e-001
v 3.999353e-002 2.400000e+001 -2.010610e-001
v 4.584627e-002 1.949000e+001 -2.304846e-001
v 4.608603e-002 1.949047e+001 -2.316899e-001
v 4.684247e-002 1.949054e+001 -2.354928e-001
v 4.817139e-002 1.948819e+001 -2.421737e-001
v 5.012856e-002 1.948142e+001 -2.520131e-001
v 5.276975e-002 1.946823e+001 -2.652913e-001
v 5.615076e-002 1.944660e+001 -2.822887e-001
v 6.032734e-002 1.941453e+001 -3.032858e-001
v 6.535529e-002 1.937000e+001 -3.285631e-001
v 6.602744e-002 1.935552e+001 -3.319422e-001
v 6.634294e-002 1.933103e+001 -3.335283e-001
v 6.638409e-002 1.930022e+001 -3.337352e-001
v 6.623320e-002 1.926675e+001 -3.329766e-001
v 6.597257e-002 1.923432e+001 -3.316664e-001
v 6.568451e-002 1.920659e+001 -3.302182e-001
v 6.545132e-002 1.918726e+001 -3.290458e-001
v 6.535529e-002 1.918000e+001 -3.285631e-001
v 5.755169e-002 1.918000e+001 -2.893317e-001
v 5.763713e-002 1.916733e+001 -2.897612e-001
v 5.803625e-002 1.913261e+001 -2.917677e-001
v 5.896320e-002 1.908083e+001 -2.964278e-001
v 6.063216e-002 1.901696e+001 -3.048182e-001
v 6.325731e-002 1.894596e+001 -3.180158e-001
v 6.705282e-002 1.887283e+001 -3.370971e-001
v 7.223286e-002 1.880251e+001 -3.631389e-001
v 7.901162e-002 1.874000e+001 -3.972180e-001
v 9.360455e-002 1.860737e+001 -4.705817e-001
v 9.881941e-002 1.850397e+001 -4.967986e-001
v 9.694701e-002 1.842377e+001 -4.873854e-001
v 9.027810e-002 1.836075e+001 -4.538586e-001
v 8.110353e-002 1.830889e+001 -4.077348e-001
v 7.171404e-002 1.826216e+001 -3.605306e-001
v 6.440043e-002 1.821454e+001 -3.237626e-001
v 6.145350e-002 1.816000e+001 -3.089474e-001
v 6.244038e-002 1.810539e+001 -3.139087e-001
v 6.514192e-002 1.806063e+001 -3.274903e-001
v 6.916947e-002 1.802430e+001 -3.477382e-001
v 7.413436e-002 1.799500e+001 -3.726984e-001
v 7.964795e-002 1.797133e+001 -4.004171e-001
v 8.532158e-002 1.795188e+001 -4.289403e-001
v 9.076658e-002 1.793524e+001 -4.563142e-001
v 9.559429e-002 1.792000e+001 -4.805848e-001
v 9.962565e-002 1.789820e+001 -5.008518e-001
v 1.029712e-001 1.786563e+001 -5.176708e-001
v 1.056765e-001 1.782648e+001 -5.312715e-001
v 1.077874e-001 1.778500e+001 -5.418839e-001
v 1.093497e-001 1.774539e+001 -5.497378e-001
v 1.104090e-001 1.771188e+001 -5.550632e-001
v 1.110110e-001 1.768867e+001 -5.580899e-001
v 1.112015e-001 1.768000e+001 -5.590476e-001
v 1.102931e-001 1.768065e+001 -5.544809e-001
v 1.077387e-001 1.768106e+001 -5.416387e-001
v 1.037942e-001 1.767895e+001 -5.218084e-001
v 9.871574e-002 1.767200e+001 -4.962774e-001
v 9.275939e-002 1.765793e+001 -4.663328e-001
v 8.618119e-002 1.763444e+001 -4.332619e-001
v 7.923720e-002 1.759923e+001 -3.983521e-001
v 7.218347e-002 1.755000e+001 -3.628905e-001
v 6.804177e-002 1.751231e+001 -3.420689e-001
v 6.500780e-002 1.747692e+001 -3.268160e-001
v 6.291033e-002 1.744468e+001 -3.162713e-001
v 6.157814e-002 1.741643e+001 -3.095739e-001
v 6.084004e-002 1.739300e+001 -3.058632e-001
v 6.052479e-002 1.737522e+001 -3.042784e-001
v 6.046120e-002 1.736395e+001 -3.039587e-001
v 6.047805e-002 1.736000e+001 -3.040434e-001
v 6.166765e-002 1.735903e+001 -3.100239e-001
v 6.480052e-002 1.735525e+001 -3.257740e-001
v 6.922282e-002 1.734735e+001 -3.480064e-001
v 7.428069e-002 1.733400e+001 -3.734340e-001
v 7.932026e-002 1.731391e+001 -3.987697e-001
v 8.368769e-002 1.728575e+001 -4.207262e-001
v 8.672913e-002 1.724822e+001 -4.360166e-001
v 8.779069e-002 1.720000e+001 -4.413534e-001
v 8.757209e-002 1.715306e+001 -4.402544e-001
v 8.712608e-002 1.711683e+001 -4.380122e-001
v 8.633633e-002 1.708908e+001 -4.340418e-001
v 8.508646e-002 1.706760e+001 -4.277583e-001
v 8.326013e-002 1.705017e+001 -4.185767e-001
v 8.074101e-002 1.703457e+001 -4.059122e-001
v 7.741272e-002 1.701859e+001 -3.891798e-001
v 7.315893e-002 1.700000e+001 -3.677945e-001
v 6.825431e-002 1.696964e+001 -3.431374e-001
v 6.458975e-002 1.692978e+001 -3.247143e-001
v 6.198459e-002 1.688460e+001 -3.116173e-001
v 6.025819e-002 1.683828e+001 -3.029381e-001
v 5.922989e-002 1.679498e+001 -2.977685e-001
v 5.871905e-002 1.675889e+001 -2.952003e-001
v 5.854502e-002 1.673417e+001 -2.943254e-001
v 5.852716e-002 1.672500e+001 -2.942356e-001
v 5.364990e-002 1.672500e+001 -2.697159e-001
v 5.852719e-002 1.257500e+001 -2.942356e-001
v 7.803621e-002 1.257500e+001 -3.923141e-001
v 7.821531e-002 1.253018e+001 -3.932144e-001
v 7.873733e-002 1.240859e+001 -3.958388e-001
v 7.957941e-002 1.222959e+001 -4.000722e-001
v 8.071870e-002 1.201250e+001 -4.057999e-001
v 8.213235e-002 1.177666e+001 -4.129067e-001
v 8.379748e-002 1.154141e+001 -4.212779e-001
v 8.569122e-002 1.132607e+001 -4.307984e-001
v 8.779074e-002 1.115000e+001 -4.413534e-001
v 9.465473e-002 1.077964e+001 -4.758610e-001
v 1.028235e-001 1.048856e+001 -5.169284e-001
v 1.118835e-001 1.026145e+001 -5.624759e-001
v 1.214210e-001 1.008302e+001 -6.104239e-001
v 1.310222e-001 9.937965e+000 -6.586928e-001
v 1.402737e-001 9.810977e+000 -7.052030e-001
v 1.487616e-001 9.686756e+000 -7.478747e-001
v 1.560723e-001 9.550000e+000 -7.846283e-001
v 1.579829e-001 9.468824e+000 -7.942333e-001
v 1.570632e-001 9.388821e+000 -7.896094e-001
v 1.541070e-001 9.312965e+000 -7.747476e-001
v 1.499082e-001 9.244231e+000 -7.536387e-001
v 1.452605e-001 9.185591e+000 -7.302736e-001
v 1.409580e-001 9.140024e+000 -7.086431e-001
v 1.377943e-001 9.110502e+000 -6.927382e-001
v 1.365633e-001 9.100000e+000 -6.865497e-001
v 1.357631e-001 9.097969e+000 -6.825270e-001
v 1.338199e-001 9.091250e+000 -6.727574e-001
v 1.314193e-001 9.078907e+000 -6.606892e-001
v 1.292474e-001 9.060000e+000 -6.497703e-001
v 1.279900e-001 9.033594e+000 -6.434488e-001
v 1.283330e-001 8.998751e+000 -6.451729e-001
v 1.309621e-001 8.954532e+000 -6.583905e-001
v 1.365633e-001 8.900001e+000 -6.865497e-001
v 1.430028e-001 8.841172e+000 -7.189233e-001
v 1.478420e-001 8.785625e+000 -7.432514e-001
v 1.513094e-001 8.734766e+000 -7.606833e-001
v 1.536337e-001 8.690001e+000 -7.723684e-001
v 1.550436e-001 8.652735e+000 -7.794561e-001
v 1.557675e-001 8.624375e+000 -7.830958e-001
v 1.560342e-001 8.606329e+000 -7.844367e-001
v 1.560723e-001 8.600000e+000 -7.846283e-001
v -8.742278e-009 2.700000e+001 -2.000000e-001
v -8.742279e-009 2.640000e+001 -2.000000e-001
v -1.311342e-008 2.630000e+001 -3.000000e-001
v -1.311342e-008 2.610000e+001 -3.000000e-001
v -1.338684e-008 2.609583e+001 -3.062553e-001
v -1.413869e-008 2.608436e+001 -3.234556e-001
v -1.526632e-008 2.606717e+001 -3.492526e-001
v -1.666707e-008 2.604580e+001 -3.812982e-001
v -1.823831e-008 2.602184e+001 -4.172440e-001
v -1.987739e-008 2.599684e+001 -4.547417e-001
v -2.148166e-008 2.597237e+001 -4.914431e-001
v -2.294848e-008 2.595000e+001 -5.250000e-001
v -2.412451e-008 2.592383e+001 -5.519043e-001
v -2.518528e-008 2.588594e+001 -5.761719e-001
v -2.611799e-008 2.584102e+001 -5.975098e-001
v -2.690983e-008 2.579375e+001 -6.156250e-001
v -2.754800e-008 2.574883e+001 -6.302246e-001
v -2.801969e-008 2.571094e+001 -6.410156e-001
v -2.831209e-008 2.568477e+001 -6.477051e-001
v -2.841241e-008 2.567500e+001 -6.500000e-001
v -2.850632e-008 2.567449e+001 -6.521485e-001
v -2.875390e-008 2.567257e+001 -6.578125e-001
v -2.910393e-008 2.566868e+001 -6.658204e-001
v -2.950519e-008 2.566226e+001 -6.750000e-001
v -2.990645e-008 2.565275e+001 -6.841797e-001
v -3.025648e-008 2.563958e+001 -6.921875e-001
v -3.050407e-008 2.562218e+001 -6.978516e-001
v -3.059797e-008 2.560000e+001 -7.000000e-001
v -3.050407e-008 2.557668e+001 -6.978516e-001
v -3.025648e-008 2.555875e+001 -6.921875e-001
v -2.990645e-008 2.554551e+001 -6.841797e-001
v -2.950519e-008 2.553625e+001 -6.750000e-001
v -2.910393e-008 2.553028e+001 -6.658204e-001
v -2.875390e-008 2.552688e+001 -6.578125e-001
v -2.850632e-008 2.552535e+001 -6.521485e-001
v -2.841241e-008 2.552500e+001 -6.500000e-001
v -2.837979e-008 2.551720e+001 -6.492540e-001
v -2.824985e-008 2.549581e+001 -6.462813e-001
v -2.797444e-008 2.546383e+001 -6.399805e-001
v -2.750540e-008 2.542425e+001 -6.292500e-001
v -2.679457e-008 2.538008e+001 -6.129883e-001
v -2.579382e-008 2.533431e+001 -5.900938e-001
v -2.445499e-008 2.528996e+001 -5.594649e-001
v -2.272993e-008 2.525000e+001 -5.200001e-001
v -2.156324e-008 2.522928e+001 -4.933093e-001
v -2.026265e-008 2.520838e+001 -4.635553e-001
v -1.891737e-008 2.518821e+001 -4.327789e-001
v -1.761663e-008 2.516967e+001 -4.030214e-001
v -1.644963e-008 2.515368e+001 -3.763236e-001
v -1.550560e-008 2.514113e+001 -3.547267e-001
v -1.487376e-008 2.513293e+001 -3.402718e-001
v -1.464332e-008 2.513000e+001 -3.350000e-001
v -1.453745e-008 2.512301e+001 -3.325781e-001
v -1.428816e-008 2.510406e+001 -3.268750e-001
v -1.399789e-008 2.507621e+001 -3.202344e-001
v -1.376909e-008 2.504250e+001 -3.150000e-001
v -1.370421e-008 2.500598e+001 -3.135156e-001
v -1.390569e-008 2.496969e+001 -3.181250e-001
v -1.447599e-008 2.493668e+001 -3.311719e-001
v -1.551755e-008 2.491000e+001 -3.550000e-001
v -1.577828e-008 2.490507e+001 -3.609649e-001
v -1.602979e-008 2.489903e+001 -3.667188e-001
v -1.626286e-008 2.489154e+001 -3.720508e-001
v -1.646827e-008 2.488225e+001 -3.767500e-001
v -1.663680e-008 2.487080e+001 -3.806055e-001
v -1.675923e-008 2.485685e+001 -3.834063e-001
v -1.682633e-008 2.484003e+001 -3.849414e-001
v -1.682889e-008 2.482000e+001 -3.850000e-001
v -1.668973e-008 2.479857e+001 -3.818165e-001
v -1.638021e-008 2.478014e+001 -3.747354e-001
v -1.595855e-008 2.476465e+001 -3.650890e-001
v -1.548298e-008 2.475207e+001 -3.542093e-001
v -1.501174e-008 2.474235e+001 -3.434284e-001
v -1.460304e-008 2.473546e+001 -3.340785e-001
v -1.431512e-008 2.473136e+001 -3.274916e-001
v -1.420621e-008 2.473000e+001 -3.250000e-001
v -1.425897e-008 2.472690e+001 -3.262070e-001
v -1.439881e-008 2.471828e+001 -3.294063e-001
v -1.459807e-008 2.470522e+001 -3.339649e-001
v -1.482909e-008 2.468875e+001 -3.392500e-001
v -1.506421e-008 2.466994e+001 -3.446289e-001
v -1.527577e-008 2.464985e+001 -3.494688e-001
v -1.543610e-008 2.462951e+001 -3.531367e-001
v -1.551755e-008 2.461000e+001 -3.550000e-001
v -1.555203e-008 2.455630e+001 -3.557888e-001
v -1.543950e-008 2.451332e+001 -3.532146e-001
v -1.517050e-008 2.447837e+001 -3.470604e-001
v -1.473553e-008 2.444876e+001 -3.371095e-001
v -1.412512e-008 2.442181e+001 -3.231449e-001
v -1.332978e-008 2.439482e+001 -3.049497e-001
v -1.234004e-008 2.436512e+001 -2.823070e-001
v -1.114641e-008 2.433000e+001 -2.550000e-001
v -1.021515e-008 2.429891e+001 -2.336954e-001
v -9.564607e-009 2.426991e+001 -2.188126e-001
v -9.164033e-009 2.424264e+001 -2.096485e-001
v -8.982697e-009 2.421675e+001 -2.055001e-001
v -8.989869e-009 2.419190e+001 -2.056641e-001
v -9.154811e-009 2.416772e+001 -2.094375e-001
v -9.446788e-009 2.414387e+001 -2.161172e-001
v -9.835068e-009 2.412000e+001 -2.250000e-001
v -9.902021e-009 2.411213e+001 -2.265317e-001
v -9.974149e-009 2.409727e+001 -2.281818e-001
v -1.004710e-008 2.407788e+001 -2.298508e-001
v -1.011654e-008 2.405646e+001 -2.314394e-001
v -1.017812e-008 2.403548e+001 -2.328480e-001
v -1.022748e-008 2.401742e+001 -2.339773e-001
v -1.026028e-008 2.400477e+001 -2.347278e-001
v -1.027218e-008 2.400000e+001 -2.350000e-001
v -8.960841e-009 2.400000e+001 -2.050000e-001
v -1.027219e-008 1.949000e+001 -2.350000e-001
v -1.032591e-008 1.949047e+001 -2.362290e-001
v -1.049540e-008 1.949054e+001 -2.401064e-001
v -1.079315e-008 1.948819e+001 -2.469182e-001
v -1.123167e-008 1.948142e+001 -2.569503e-001
v -1.182345e-008 1.946823e+001 -2.704886e-001
v -1.258099e-008 1.944660e+001 -2.878191e-001
v -1.351678e-008 1.941453e+001 -3.092276e-001
v -1.464333e-008 1.937000e+001 -3.350000e-001
v -1.479393e-008 1.935552e+001 -3.384453e-001
v -1.486462e-008 1.933103e+001 -3.400625e-001
v -1.487384e-008 1.930022e+001 -3.402734e-001
v -1.484003e-008 1.926675e+001 -3.395000e-001
v -1.478164e-008 1.923432e+001 -3.381641e-001
v -1.471709e-008 1.920659e+001 -3.366875e-001
v -1.466484e-008 1.918726e+001 -3.354922e-001
v -1.464333e-008 1.918000e+001 -3.350000e-001
v -1.289487e-008 1.918000e+001 -2.950000e-001
v -1.291402e-008 1.916733e+001 -2.954380e-001
v -1.300344e-008 1.913261e+001 -2.974838e-001
v -1.321113e-008 1.908083e+001 -3.022352e-001
v -1.358508e-008 1.901696e+001 -3.107900e-001
v -1.417326e-008 1.894596e+001 -3.242460e-001
v -1.502367e-008 1.887283e+001 -3.437012e-001
v -1.618430e-008 1.880251e+001 -3.702533e-001
v -1.770313e-008 1.874000e+001 -4.050000e-001
v -2.097278e-008 1.860737e+001 -4.798009e-001
v -2.214121e-008 1.850397e+001 -5.065314e-001
v -2.172168e-008 1.842377e+001 -4.969338e-001
v -2.022747e-008 1.836075e+001 -4.627501e-001
v -1.817184e-008 1.830889e+001 -4.157228e-001
v -1.606805e-008 1.826216e+001 -3.675938e-001
v -1.442938e-008 1.821454e+001 -3.301055e-001
v -1.376910e-008 1.816000e+001 -3.150000e-001
v -1.399022e-008 1.810539e+001 -3.200586e-001
v -1.459552e-008 1.806063e+001 -3.339062e-001
v -1.549792e-008 1.802430e+001 -3.545508e-001
v -1.661035e-008 1.799500e+001 -3.800000e-001
v -1.784570e-008 1.797133e+001 -4.082617e-001
v -1.911692e-008 1.795188e+001 -4.373438e-001
v -2.033691e-008 1.793524e+001 -4.652539e-001
v -2.141860e-008 1.792000e+001 -4.900000e-001
v -2.232185e-008 1.789820e+001 -5.106641e-001
v -2.307144e-008 1.786563e+001 -5.278125e-001
v -2.367759e-008 1.782648e+001 -5.416797e-001
v -2.415056e-008 1.778500e+001 -5.525000e-001
v -2.450060e-008 1.774539e+001 -5.605078e-001
v -2.473793e-008 1.771188e+001 -5.659375e-001
v -2.487282e-008 1.768867e+001 -5.690235e-001
v -2.491551e-008 1.768000e+001 -5.700001e-001
v -2.471198e-008 1.768065e+001 -5.653438e-001
v -2.413963e-008 1.768106e+001 -5.522500e-001
v -2.325584e-008 1.767895e+001 -5.320313e-001
v -2.211798e-008 1.767200e+001 -5.060000e-001
v -2.078342e-008 1.765793e+001 -4.754688e-001
v -1.930952e-008 1.763444e+001 -4.417500e-001
v -1.775367e-008 1.759923e+001 -4.061563e-001
v -1.617323e-008 1.755000e+001 -3.700000e-001
v -1.524526e-008 1.751231e+001 -3.487704e-001
v -1.456547e-008 1.747692e+001 -3.332187e-001
v -1.409552e-008 1.744468e+001 -3.224674e-001
v -1.379703e-008 1.741643e+001 -3.156388e-001
v -1.363165e-008 1.739300e+001 -3.118555e-001
v -1.356102e-008 1.737522e+001 -3.102396e-001
v -1.354677e-008 1.736395e+001 -3.099136e-001
v -1.355055e-008 1.736000e+001 -3.100000e-001
v -1.381709e-008 1.735903e+001 -3.160976e-001
v -1.451903e-008 1.735525e+001 -3.321562e-001
v -1.550988e-008 1.734735e+001 -3.548242e-001
v -1.664313e-008 1.733400e+001 -3.807500e-001
v -1.777228e-008 1.731391e+001 -4.065820e-001
v -1.875084e-008 1.728575e+001 -4.289687e-001
v -1.943229e-008 1.724822e+001 -4.445586e-001
v -1.967014e-008 1.720000e+001 -4.500000e-001
v -1.962116e-008 1.715306e+001 -4.488795e-001
v -1.952123e-008 1.711683e+001 -4.465933e-001
v -1.934428e-008 1.708908e+001 -4.425452e-001
v -1.906424e-008 1.706760e+001 -4.361386e-001
v -1.865504e-008 1.705017e+001 -4.267771e-001
v -1.809061e-008 1.703457e+001 -4.138645e-001
v -1.734488e-008 1.701859e+001 -3.968043e-001
v -1.639179e-008 1.700000e+001 -3.750000e-001
v -1.529288e-008 1.696964e+001 -3.498598e-001
v -1.447181e-008 1.692978e+001 -3.310759e-001
v -1.388810e-008 1.688460e+001 -3.177222e-001
v -1.350129e-008 1.683828e+001 -3.088730e-001
v -1.327089e-008 1.679498e+001 -3.036021e-001
v -1.315643e-008 1.675889e+001 -3.009836e-001
v -1.311744e-008 1.673417e+001 -3.000915e-001
v -1.311344e-008 1.672500e+001 -3.000000e-001
v -1.202065e-008 1.672500e+001 -2.750000e-001
v -1.311344e-008 1.257500e+001 -3.000000e-001
v -1.748458e-008 1.257500e+001 -4.000000e-001
v -1.752471e-008 1.253018e+001 -4.009179e-001
v -1.764167e-008 1.240859e+001 -4.035937e-001
v -1.783035e-008 1.222959e+001 -4.079101e-001
v -1.808561e-008 1.201250e+001 -4.137500e-001
v -1.840235e-008 1.177666e+001 -4.209960e-001
v -1.877543e-008 1.154141e+001 -4.295312e-001
v -1.919974e-008 1.132607e+001 -4.392383e-001
v -1.967016e-008 1.115000e+001 -4.500000e-001
v -2.120808e-008 1.077964e+001 -4.851837e-001
v -2.303836e-008 1.048856e+001 -5.270556e-001
v -2.506831e-008 1.026145e+001 -5.734954e-001
v -2.720525e-008 1.008302e+001 -6.223828e-001
v -2.935649e-008 9.937965e+000 -6.715974e-001
v -3.142934e-008 9.810977e+000 -7.190187e-001
v -3.333112e-008 9.686756e+000 -7.625264e-001
v -3.496914e-008 9.550000e+000 -8.000001e-001
v -3.539722e-008 9.468824e+000 -8.097932e-001
v -3.519115e-008 9.388821e+000 -8.050787e-001
v -3.452879e-008 9.312965e+000 -7.899258e-001
v -3.358801e-008 9.244231e+000 -7.684034e-001
v -3.254668e-008 9.185591e+000 -7.445805e-001
v -3.158266e-008 9.140024e+000 -7.225263e-001
v -3.087381e-008 9.110502e+000 -7.063097e-001
v -3.059801e-008 9.100000e+000 -7.000000e-001
v -3.041872e-008 9.097969e+000 -6.958985e-001
v -2.998332e-008 9.091250e+000 -6.859375e-001
v -2.944546e-008 9.078907e+000 -6.736329e-001
v -2.895883e-008 9.060000e+000 -6.625000e-001
v -2.867710e-008 9.033594e+000 -6.560547e-001
v -2.875393e-008 8.998751e+000 -6.578125e-001
v -2.934301e-008 8.954532e+000 -6.712891e-001
v -3.059801e-008 8.900001e+000 -7.000000e-001
v -3.204083e-008 8.841172e+000 -7.330078e-001
v -3.312507e-008 8.785625e+000 -7.578126e-001
v -3.390197e-008 8.734766e+000 -7.755859e-001
v -3.442275e-008 8.690001e+000 -7.875000e-001
v -3.473864e-008 8.652735e+000 -7.947266e-001
v -3.490085e-008 8.624375e+000 -7.984375e-001
v -3.496061e-008 8.606329e+000 -7.998047e-001
v -3.496914e-008 8.600000e+000 -8.000000e-001
v -3.901807e-002 2.700000e+001 -1.961571e-001
v -3.901807e-002 2.640000e+001 -1.961571e-001
v -5.852710e-002 2.630000e+001 -2.942356e-001
v -5.852710e-002 2.610000e+001 -2.942356e-001
v -5.974744e-002 2.609583e+001 -3.003707e-001
v -6.310306e-002 2.608436e+001 -3.172405e-001
v -6.813581e-002 2.606717e+001 -3.425418e-001
v -7.438760e-002 2.604580e+001 -3.739716e-001
v -8.140027e-002 2.602184e+001 -4.092267e-001
v -8.871571e-002 2.599684e+001 -4.460039e-001
v -9.587581e-002 2.597237e+001 -4.820002e-001
v -1.024224e-001 2.595000e+001 -5.149122e-001
v -1.076712e-001 2.592383e+001 -5.412996e-001
v -1.124056e-001 2.588594e+001 -5.651009e-001
v -1.165684e-001 2.584102e+001 -5.860288e-001
v -1.201025e-001 2.579375e+001 -6.037959e-001
v -1.229507e-001 2.574883e+001 -6.181150e-001
v -1.250560e-001 2.571094e+001 -6.286987e-001
v -1.263610e-001 2.568477e+001 -6.352596e-001
v -1.268087e-001 2.567500e+001 -6.375105e-001
v -1.272279e-001 2.567449e+001 -6.396176e-001
v -1.283329e-001 2.567257e+001 -6.451728e-001
v -1.298951e-001 2.566868e+001 -6.530268e-001
v -1.316860e-001 2.566226e+001 -6.620300e-001
v -1.334769e-001 2.565275e+001 -6.710334e-001
v -1.350391e-001 2.563958e+001 -6.788873e-001
v -1.361441e-001 2.562218e+001 -6.844425e-001
v -1.365632e-001 2.560000e+001 -6.865497e-001
v -1.361441e-001 2.557668e+001 -6.844425e-001
v -1.350391e-001 2.555875e+001 -6.788873e-001
v -1.334769e-001 2.554551e+001 -6.710334e-001
v -1.316860e-001 2.553625e+001 -6.620300e-001
v -1.298951e-001 2.553028e+001 -6.530268e-001
v -1.283329e-001 2.552688e+001 -6.451728e-001
v -1.272279e-001 2.552535e+001 -6.396176e-001
v -1.268087e-001 2.552500e+001 -6.375105e-001
v -1.266632e-001 2.551720e+001 -6.367787e-001
v -1.260832e-001 2.549581e+001 -6.338632e-001
v -1.248540e-001 2.546383e+001 -6.276835e-001
v -1.227606e-001 2.542425e+001 -6.171591e-001
v -1.195881e-001 2.538008e+001 -6.012099e-001
v -1.151216e-001 2.533431e+001 -5.787553e-001
v -1.091462e-001 2.528996e+001 -5.487149e-001
v -1.014470e-001 2.525000e+001 -5.100084e-001
v -9.623989e-002 2.522928e+001 -4.838305e-001
v -9.043517e-002 2.520838e+001 -4.546482e-001
v -8.443099e-002 2.518821e+001 -4.244632e-001
v -7.862558e-002 2.516967e+001 -3.952774e-001
v -7.341711e-002 2.515368e+001 -3.690926e-001
v -6.920377e-002 2.514113e+001 -3.479108e-001
v -6.638376e-002 2.513293e+001 -3.337336e-001
v -6.535527e-002 2.513000e+001 -3.285630e-001
v -6.488279e-002 2.512301e+001 -3.261877e-001
v -6.377016e-002 2.510406e+001 -3.205942e-001
v -6.247464e-002 2.507621e+001 -3.140811e-001
v -6.145347e-002 2.504250e+001 -3.089474e-001
v -6.116388e-002 2.500598e+001 -3.074915e-001
v -6.206312e-002 2.496969e+001 -3.120123e-001
v -6.460844e-002 2.493668e+001 -3.248085e-001
v -6.925708e-002 2.491000e+001 -3.481788e-001
v -7.042077e-002 2.490507e+001 -3.540290e-001
v -7.154330e-002 2.489903e+001 -3.596723e-001
v -7.258353e-002 2.489154e+001 -3.649019e-001
v -7.350030e-002 2.488225e+001 -3.695109e-001
v -7.425247e-002 2.487080e+001 -3.732923e-001
v -7.479887e-002 2.485685e+001 -3.760392e-001
v -7.509836e-002 2.484003e+001 -3.775449e-001
v -7.510979e-002 2.482000e+001 -3.776023e-001
v -7.448872e-002 2.479857e+001 -3.744800e-001
v -7.310727e-002 2.478014e+001 -3.675350e-001
v -7.122535e-002 2.476465e+001 -3.580739e-001
v -6.910282e-002 2.475207e+001 -3.474033e-001
v -6.699958e-002 2.474235e+001 -3.368295e-001
v -6.517550e-002 2.473546e+001 -3.276592e-001
v -6.389047e-002 2.473136e+001 -3.211990e-001
v -6.340437e-002 2.473000e+001 -3.187552e-001
v -6.363986e-002 2.472690e+001 -3.199391e-001
v -6.426399e-002 2.471828e+001 -3.230768e-001
v -6.515333e-002 2.470522e+001 -3.275478e-001
v -6.618442e-002 2.468875e+001 -3.327314e-001
v -6.723379e-002 2.466994e+001 -3.380070e-001
v -6.817799e-002 2.464985e+001 -3.427538e-001
v -6.889358e-002 2.462951e+001 -3.463513e-001
v -6.925708e-002 2.461000e+001 -3.481788e-001
v -6.941097e-002 2.455630e+001 -3.489524e-001
v -6.890877e-002 2.451332e+001 -3.464276e-001
v -6.770815e-002 2.447837e+001 -3.403917e-001
v -6.576682e-002 2.444876e+001 -3.306320e-001
v -6.304246e-002 2.442181e+001 -3.169357e-001
v -5.949275e-002 2.439482e+001 -2.990901e-001
v -5.507538e-002 2.436512e+001 -2.768825e-001
v -4.974806e-002 2.433000e+001 -2.501003e-001
v -4.559173e-002 2.429891e+001 -2.292050e-001
v -4.268824e-002 2.426991e+001 -2.146081e-001
v -4.090042e-002 2.424264e+001 -2.056202e-001
v -4.009110e-002 2.421675e+001 -2.015514e-001
v -4.012310e-002 2.419190e+001 -2.017123e-001
v -4.085926e-002 2.416772e+001 -2.054133e-001
v -4.216240e-002 2.414387e+001 -2.119646e-001
v -4.389535e-002 2.412000e+001 -2.206767e-001
v -4.419417e-002 2.411213e+001 -2.221790e-001
v -4.451609e-002 2.409727e+001 -2.237973e-001
v -4.484170e-002 2.407788e+001 -2.254343e-001
v -4.515161e-002 2.405646e+001 -2.269923e-001
v -4.542642e-002 2.403548e+001 -2.283739e-001
v -4.564673e-002 2.401742e+001 -2.294815e-001
v -4.579314e-002 2.400477e+001 -2.302175e-001
v -4.584625e-002 2.400000e+001 -2.304845e-001
v -3.999354e-002 2.400000e+001 -2.010610e-001
v -4.584629e-002 1.949000e+001 -2.304845e-001
v -4.608605e-002 1.949047e+001 -2.316899e-001
v -4.684249e-002 1.949054e+001 -2.354928e-001
v -4.817142e-002 1.948819e+001 -2.421737e-001
v -5.012858e-002 1.948142e+001 -2.520131e-001
v -5.276978e-002 1.946823e+001 -2.652912e-001
v -5.615078e-002 1.944660e+001 -2.822887e-001
v -6.032737e-002 1.941453e+001 -3.032858e-001
v -6.535532e-002 1.937000e+001 -3.285630e-001
v -6.602747e-002 1.935552e+001 -3.319421e-001
v -6.634297e-002 1.933103e+001 -3.335283e-001
v -6.638412e-002 1.930022e+001 -3.337352e-001
v -6.623323e-002 1.926675e+001 -3.329766e-001
v -6.597260e-002 1.923432e+001 -3.316664e-001
v -6.568454e-002 1.920659e+001 -3.302182e-001
v -6.545135e-002 1.918726e+001 -3.290458e-001
v -6.535532e-002 1.918000e+001 -3.285631e-001
v -5.755172e-002 1.918000e+001 -2.893316e-001
v -5.763716e-002 1.916733e+001 -2.897612e-001
v -5.803627e-002 1.913261e+001 -2.917677e-001
v -5.896322e-002 1.908083e+001 -2.964278e-001
v -6.063218e-002 1.901696e+001 -3.048182e-001
v -6.325734e-002 1.894596e+001 -3.180157e-001
v -6.705285e-002 1.887283e+001 -3.370971e-001
v -7.223290e-002 1.880251e+001 -3.631389e-001
v -7.901166e-002 1.874000e+001 -3.972180e-001
v -9.360459e-002 1.860737e+001 -4.705817e-001
v -9.881946e-002 1.850397e+001 -4.967985e-001
v -9.694705e-002 1.842377e+001 -4.873853e-001
v -9.027815e-002 1.836075e+001 -4.538585e-001
v -8.110356e-002 1.830889e+001 -4.077348e-001
v -7.171407e-002 1.826216e+001 -3.605306e-001
v -6.440046e-002 1.821454e+001 -3.237626e-001
v -6.145352e-002 1.816000e+001 -3.089474e-001
v -6.244041e-002 1.810539e+001 -3.139087e-001
v -6.514195e-002 1.806063e+001 -3.274903e-001
v -6.916950e-002 1.802430e+001 -3.477381e-001
v -7.413439e-002 1.799500e+001 -3.726984e-001
v -7.964798e-002 1.797133e+001 -4.004170e-001
v -8.532161e-002 1.795188e+001 -4.289403e-001
v -9.076662e-002 1.793524e+001 -4.563142e-001
v -9.559434e-002 1.792000e+001 -4.805848e-001
v -9.962570e-002 1.789820e+001 -5.008518e-001
v -1.029712e-001 1.786563e+001 -5.176708e-001
v -1.056766e-001 1.782648e+001 -5.312715e-001
v -1.077875e-001 1.778500e+001 -5.418839e-001
v -1.093497e-001 1.774539e+001 -5.497378e-001
v -1.104090e-001 1.771188e+001 -5.550632e-001
v -1.110111e-001 1.768867e+001 -5.580898e-001
v -1.112016e-001 1.768000e+001 -5.590476e-001
v -1.102932e-001 1.768065e+001 -5.544808e-001
v -1.077387e-001 1.768106e+001 -5.416387e-001
v -1.037942e-001 1.767895e+001 -5.218084e-001
v -9.871579e-002 1.767200e+001 -4.962774e-001
v -9.275944e-002 1.765793e+001 -4.663328e-001
v -8.618123e-002 1.763444e+001 -4.332619e-001
v -7.923723e-002 1.759923e+001 -3.983521e-001
v -7.218350e-002 1.755000e+001 -3.628905e-001
v -6.804180e-002 1.751231e+001 -3.420688e-001
v -6.500783e-002 1.747692e+001 -3.268160e-001
v -6.291035e-002 1.744468e+001 -3.162712e-001
v -6.157817e-002 1.741643e+001 -3.095739e-001
v -6.084006e-002 1.739300e+001 -3.058632e-001
v -6.052482e-002 1.737522e+001 -3.042784e-001
v -6.046123e-002 1.736395e+001 -3.039587e-001
v -6.047808e-002 1.736000e+001 -3.040434e-001
v -6.166767e-002 1.735903e+001 -3.100239e-001
v -6.480055e-002 1.735525e+001 -3.257740e-001
v -6.922285e-002 1.734735e+001 -3.480063e-001
v -7.428072e-002 1.733400e+001 -3.734340e-001
v -7.932030e-002 1.731391e+001 -3.987696e-001
v -8.368773e-002 1.728575e+001 -4.207262e-001
v -8.672917e-002 1.724822e+001 -4.360165e-001
v -8.779073e-002 1.720000e+001 -4.413534e-001
v -8.757213e-002 1.715306e+001 -4.402544e-001
v -8.712613e-002 1.711683e+001 -4.380122e-001
v -8.633637e-002 1.708908e+001 -4.340418e-001
v -8.508650e-002 1.706760e+001 -4.277582e-001
v -8.326016e-002 1.705017e+001 -4.185767e-001
v -8.074105e-002 1.703457e+001 -4.059122e-001
v -7.741276e-002 1.701859e+001 -3.891798e-001
v -7.315896e-002 1.700000e+001 -3.677945e-001
v -6.825435e-002 1.696964e+001 -3.431374e-001
v -6.458978e-002 1.692978e+001 -3.247143e-001
v -6.198462e-002 1.688460e+001 -3.116173e-001
v -6.025822e-002 1.683828e+001 -3.029380e-001
v -5.922992e-002 1.679498e+001 -2.977684e-001
v -5.871908e-002 1.675889e+001 -2.952003e-001
v -5.854504e-002 1.673417e+001 -2.943253e-001
v -5.852718e-002 1.672500e+001 -2.942356e-001
v -5.364992e-002 1.672500e+001 -2.697159e-001
v -5.852722e-002 1.257500e+001 -2.942356e-001
v -7.803625e-002 1.257500e+001 -3.923141e-001
v -7.821534e-002 1.253018e+001 -3.932144e-001
v -7.873736e-002 1.240859e+001 -3.958388e-001
v -7.957944e-002 1.222959e+001 -4.000722e-001
v -8.071874e-002 1.201250e+001 -4.057999e-001
v -8.213238e-002 1.177666e+001 -4.129067e-001
v -8.379751e-002 1.154141e+001 -4.212779e-001
v -8.569127e-002 1.132607e+001 -4.307984e-001
v -8.779078e-002 1.115000e+001 -4.413534e-001
v -9.465478e-002 1.077964e+001 -4.758610e-001
v -1.028236e-001 1.048856e+001 -5.169283e-001
v -1.118836e-001 1.026145e+001 -5.624759e-001
v -1.214210e-001 1.008302e+001 -6.104239e-001
v -1.310223e-001 9.937965e+000 -6.586928e-001
v -1.402737e-001 9.810977e+000 -7.052029e-001
v -1.487617e-001 9.686756e+000 -7.478746e-001
v -1.560724e-001 9.550000e+000 -7.846283e-001
v -1.579830e-001 9.468824e+000 -7.942332e-001
v -1.570632e-001 9.388821e+000 -7.896094e-001
v -1.541070e-001 9.312965e+000 -7.747476e-001
v -1.499082e-001 9.244231e+000 -7.536386e-001
v -1.452606e-001 9.185591e+000 -7.302735e-001
v -1.409580e-001 9.140024e+000 -7.086431e-001
v -1.377943e-001 9.110502e+000 -6.927381e-001
v -1.365634e-001 9.100000e+000 -6.865497e-001
v -1.357632e-001 9.097969e+000 -6.825269e-001
v -1.338199e-001 9.091250e+000 -6.727574e-001
v -1.314194e-001 9.078907e+000 -6.606891e-001
v -1.292475e-001 9.060000e+000 -6.497703e-001
v -1.279901e-001 9.033594e+000 -6.434488e-001
v -1.283330e-001 8.998751e+000 -6.451728e-001
v -1.309622e-001 8.954532e+000 -6.583904e-001
v -1.365634e-001 8.900001e+000 -6.865497e-001
v -1.430029e-001 8.841172e+000 -7.189233e-001
v -1.478420e-001 8.785625e+000 -7.432513e-001
v -1.513095e-001 8.734766e+000 -7.606832e-001
v -1.536338e-001 8.690001e+000 -7.723684e-001
v -1.550436e-001 8.652735e+000 -7.794561e-001
v -1.557676e-001 8.624375e+000 -7.830957e-001
v -1.560343e-001 8.606329e+000 -7.844367e-001
v -1.560724e-001 8.600000e+000 -7.846282e-001
v -7.653671e-002 2.700000e+001 -1.847759e-001
v -7.653672e-002 2.640000e+001 -1.847759e-001
v -1.148051e-001 2.630000e+001 -2.771639e-001
v -1.148051e-001 2.610000e+001 -2.771639e-001
v -1.171988e-001 2.609583e+001 -2.829430e-001
v -1.237811e-001 2.608436e+001 -2.988340e-001
v -1.336532e-001 2.606717e+001 -3.226673e-001
v -1.459165e-001 2.604580e+001 -3.522736e-001
v -1.596724e-001 2.602184e+001 -3.854831e-001
v -1.740222e-001 2.599684e+001 -4.201265e-001
v -1.880672e-001 2.597237e+001 -4.540342e-001
v -2.009089e-001 2.595000e+001 -4.850368e-001
v -2.112047e-001 2.592383e+001 -5.098931e-001
v -2.204915e-001 2.588594e+001 -5.323134e-001
v -2.286572e-001 2.584102e+001 -5.520270e-001
v -2.355896e-001 2.579375e+001 -5.687633e-001
v -2.411766e-001 2.574883e+001 -5.822516e-001
v -2.453061e-001 2.571094e+001 -5.922212e-001
v -2.478661e-001 2.568477e+001 -5.984014e-001
v -2.487443e-001 2.567500e+001 -6.005217e-001
v -2.495665e-001 2.567449e+001 -6.025066e-001
v -2.517340e-001 2.567257e+001 -6.077395e-001
v -2.547985e-001 2.566868e+001 -6.151378e-001
v -2.583114e-001 2.566226e+001 -6.236187e-001
v -2.618243e-001 2.565275e+001 -6.320996e-001
v -2.648888e-001 2.563958e+001 -6.394979e-001
v -2.670563e-001 2.562218e+001 -6.447308e-001
v -2.678785e-001 2.560000e+001 -6.467156e-001
v -2.670563e-001 2.557668e+001 -6.447308e-001
v -2.648888e-001 2.555875e+001 -6.394979e-001
v -2.618243e-001 2.554551e+001 -6.320996e-001
v -2.583114e-001 2.553625e+001 -6.236187e-001
v -2.547985e-001 2.553028e+001 -6.151378e-001
v -2.517340e-001 2.552688e+001 -6.077395e-001
v -2.495665e-001 2.552535e+001 -6.025066e-001
v -2.487443e-001 2.552500e+001 -6.005217e-001
v -2.484588e-001 2.551720e+001 -5.998324e-001
v -2.473212e-001 2.549581e+001 -5.970860e-001
v -2.449100e-001 2.546383e+001 -5.912648e-001
v -2.408036e-001 2.542425e+001 -5.813512e-001
v -2.345805e-001 2.538008e+001 -5.663273e-001
v -2.258192e-001 2.533431e+001 -5.451756e-001
v -2.140980e-001 2.528996e+001 -5.168781e-001
v -1.989955e-001 2.525000e+001 -4.804174e-001
v -1.887814e-001 2.522928e+001 -4.557584e-001
v -1.773950e-001 2.520838e+001 -4.282692e-001
v -1.656174e-001 2.518821e+001 -3.998356e-001
v -1.542297e-001 2.516967e+001 -3.723432e-001
v -1.440129e-001 2.515368e+001 -3.476776e-001
v -1.357481e-001 2.514113e+001 -3.277248e-001
v -1.302164e-001 2.513293e+001 -3.143702e-001
v -1.281990e-001 2.513000e+001 -3.094996e-001
v -1.272722e-001 2.512301e+001 -3.072621e-001
v -1.250897e-001 2.510406e+001 -3.019931e-001
v -1.225484e-001 2.507621e+001 -2.958580e-001
v -1.205453e-001 2.504250e+001 -2.910220e-001
v -1.199773e-001 2.500598e+001 -2.896506e-001
v -1.217412e-001 2.496969e+001 -2.939091e-001
v -1.267340e-001 2.493668e+001 -3.059629e-001
v -1.358527e-001 2.491000e+001 -3.279772e-001
v -1.381353e-001 2.490507e+001 -3.334880e-001
v -1.403373e-001 2.489903e+001 -3.388039e-001
v -1.423777e-001 2.489154e+001 -3.437301e-001
v -1.441761e-001 2.488225e+001 -3.480716e-001
v -1.456515e-001 2.487080e+001 -3.516336e-001
v -1.467233e-001 2.485685e+001 -3.542212e-001
v -1.473108e-001 2.484003e+001 -3.556395e-001
v -1.473332e-001 2.482000e+001 -3.556936e-001
v -1.461149e-001 2.479857e+001 -3.527524e-001
v -1.434051e-001 2.478014e+001 -3.462104e-001
v -1.397136e-001 2.476465e+001 -3.372982e-001
v -1.355501e-001 2.475207e+001 -3.272467e-001
v -1.314244e-001 2.474235e+001 -3.172865e-001
v -1.278464e-001 2.473546e+001 -3.086483e-001
v -1.253257e-001 2.473136e+001 -3.025628e-001
v -1.243722e-001 2.473000e+001 -3.002608e-001
v -1.248341e-001 2.472690e+001 -3.013760e-001
v -1.260584e-001 2.471828e+001 -3.043317e-001
v -1.278029e-001 2.470522e+001 -3.085433e-001
v -1.298254e-001 2.468875e+001 -3.134261e-001
v -1.318838e-001 2.466994e+001 -3.183956e-001
v -1.337360e-001 2.464985e+001 -3.228670e-001
v -1.351396e-001 2.462951e+001 -3.262558e-001
v -1.358527e-001 2.461000e+001 -3.279772e-001
v -1.361546e-001 2.455630e+001 -3.287060e-001
v -1.351694e-001 2.451332e+001 -3.263277e-001
v -1.328143e-001 2.447837e+001 -3.206420e-001
v -1.290063e-001 2.444876e+001 -3.114485e-001
v -1.236623e-001 2.442181e+001 -2.985469e-001
v -1.166993e-001 2.439482e+001 -2.817367e-001
v -1.080343e-001 2.436512e+001 -2.608176e-001
v -9.758434e-002 2.433000e+001 -2.355893e-001
v -8.943141e-002 2.429891e+001 -2.159063e-001
v -8.373601e-002 2.426991e+001 -2.021564e-001
v -8.022907e-002 2.424264e+001 -1.936900e-001
v -7.864153e-002 2.421675e+001 -1.898573e-001
v -7.870431e-002 2.419190e+001 -1.900088e-001
v -8.014834e-002 2.416772e+001 -1.934950e-001
v -8.270453e-002 2.414387e+001 -1.996662e-001
v -8.610384e-002 2.412000e+001 -2.078729e-001
v -8.669000e-002 2.411213e+001 -2.092880e-001
v -8.732146e-002 2.409727e+001 -2.108125e-001
v -8.796017e-002 2.407788e+001 -2.123545e-001
v -8.856809e-002 2.405646e+001 -2.138221e-001
v -8.910714e-002 2.403548e+001 -2.151235e-001
v -8.953930e-002 2.401742e+001 -2.161668e-001
v -8.982649e-002 2.400477e+001 -2.168601e-001
v -8.993068e-002 2.400000e+001 -2.171117e-001
v -7.845017e-002 2.400000e+001 -1.893953e-001
v -8.993076e-002 1.949000e+001 -2.171117e-001
v -9.040106e-002 1.949047e+001 -2.182471e-001
v -9.188487e-002 1.949054e+001 -2.218293e-001
v -9.449165e-002 1.948819e+001 -2.281226e-001
v -9.833077e-002 1.948142e+001 -2.373911e-001
v -1.035117e-001 1.946823e+001 -2.498989e-001
v -1.101437e-001 1.944660e+001 -2.659101e-001
v -1.183364e-001 1.941453e+001 -2.856890e-001
v -1.281991e-001 1.937000e+001 -3.094996e-001
v -1.295176e-001 1.935552e+001 -3.126827e-001
v -1.301364e-001 1.933103e+001 -3.141768e-001
v -1.302172e-001 1.930022e+001 -3.143716e-001
v -1.299212e-001 1.926675e+001 -3.136571e-001
v -1.294100e-001 1.923432e+001 -3.124228e-001
v -1.288449e-001 1.920659e+001 -3.110587e-001
v -1.283875e-001 1.918726e+001 -3.099543e-001
v -1.281991e-001 1.918000e+001 -3.094996e-001
v -1.128918e-001 1.918000e+001 -2.725444e-001
v -1.130594e-001 1.916733e+001 -2.729490e-001
v -1.138423e-001 1.913261e+001 -2.748392e-001
v -1.156605e-001 1.908083e+001 -2.792289e-001
v -1.189343e-001 1.901696e+001 -2.871325e-001
v -1.240838e-001 1.894596e+001 -2.995642e-001
v -1.315289e-001 1.887283e+001 -3.175385e-001
v -1.416900e-001 1.880251e+001 -3.420694e-001
v -1.549870e-001 1.874000e+001 -3.741712e-001
v -1.836120e-001 1.860737e+001 -4.432782e-001
v -1.938414e-001 1.850397e+001 -4.679739e-001
v -1.901685e-001 1.842377e+001 -4.591069e-001
v -1.770870e-001 1.836075e+001 -4.275253e-001
v -1.590904e-001 1.830889e+001 -3.840778e-001
v -1.406722e-001 1.826216e+001 -3.396124e-001
v -1.263261e-001 1.821454e+001 -3.049777e-001
v -1.205455e-001 1.816000e+001 -2.910220e-001
v -1.224813e-001 1.810539e+001 -2.956955e-001
v -1.277806e-001 1.806063e+001 -3.084891e-001
v -1.356809e-001 1.802430e+001 -3.275622e-001
v -1.454199e-001 1.799500e+001 -3.510742e-001
v -1.562352e-001 1.797133e+001 -3.771846e-001
v -1.673644e-001 1.795188e+001 -4.040529e-001
v -1.780452e-001 1.793524e+001 -4.298385e-001
v -1.875151e-001 1.792000e+001 -4.527009e-001
v -1.954229e-001 1.789820e+001 -4.717920e-001
v -2.019853e-001 1.786563e+001 -4.876352e-001
v -2.072921e-001 1.782648e+001 -5.004468e-001
v -2.114328e-001 1.778500e+001 -5.104434e-001
v -2.144973e-001 1.774539e+001 -5.178417e-001
v -2.165751e-001 1.771188e+001 -5.228581e-001
v -2.177561e-001 1.768867e+001 -5.257091e-001
v -2.181298e-001 1.768000e+001 -5.266113e-001
v -2.163479e-001 1.768065e+001 -5.223095e-001
v -2.113371e-001 1.768106e+001 -5.102125e-001
v -2.035998e-001 1.767895e+001 -4.915328e-001
v -1.936380e-001 1.767200e+001 -4.674830e-001
v -1.819542e-001 1.765793e+001 -4.392758e-001
v -1.690506e-001 1.763444e+001 -4.081238e-001
v -1.554295e-001 1.759923e+001 -3.752394e-001
v -1.415931e-001 1.755000e+001 -3.418354e-001
v -1.334688e-001 1.751231e+001 -3.222218e-001
v -1.275175e-001 1.747692e+001 -3.078539e-001
v -1.234031e-001 1.744468e+001 -2.979210e-001
v -1.207899e-001 1.741643e+001 -2.916122e-001
v -1.193421e-001 1.739300e+001 -2.881168e-001
v -1.187237e-001 1.737522e+001 -2.866239e-001
v -1.185990e-001 1.736395e+001 -2.863228e-001
v -1.186320e-001 1.736000e+001 -2.864026e-001
v -1.209655e-001 1.735903e+001 -2.920361e-001
v -1.271109e-001 1.735525e+001 -3.068723e-001
v -1.357855e-001 1.734735e+001 -3.278148e-001
v -1.457069e-001 1.733400e+001 -3.517671e-001
v -1.555924e-001 1.731391e+001 -3.756328e-001
v -1.641594e-001 1.728575e+001 -3.963154e-001
v -1.701254e-001 1.724822e+001 -4.107186e-001
v -1.722078e-001 1.720000e+001 -4.157458e-001
v -1.717789e-001 1.715306e+001 -4.147105e-001
v -1.709041e-001 1.711683e+001 -4.125984e-001
v -1.693549e-001 1.708908e+001 -4.088584e-001
v -1.669032e-001 1.706760e+001 -4.029394e-001
v -1.633207e-001 1.705017e+001 -3.942906e-001
v -1.583793e-001 1.703457e+001 -3.823609e-001
v -1.518506e-001 1.701859e+001 -3.665993e-001
v -1.435065e-001 1.700000e+001 -3.464548e-001
v -1.338857e-001 1.696964e+001 -3.232283e-001
v -1.266975e-001 1.692978e+001 -3.058742e-001
v -1.215872e-001 1.688460e+001 -2.935370e-001
v -1.182008e-001 1.683828e+001 -2.853614e-001
v -1.161837e-001 1.679498e+001 -2.804917e-001
v -1.151816e-001 1.675889e+001 -2.780726e-001
v -1.148403e-001 1.673417e+001 -2.772484e-001
v -1.148052e-001 1.672500e+001 -2.771638e-001
v -1.052381e-001 1.672500e+001 -2.540668e-001
v -1.148053e-001 1.257500e+001 -2.771638e-001
v -1.530737e-001 1.257500e+001 -3.695517e-001
v -1.534249e-001 1.253018e+001 -3.703998e-001
v -1.544489e-001 1.240859e+001 -3.728719e-001
v -1.561007e-001 1.222959e+001 -3.768598e-001
v -1.583355e-001 1.201250e+001 -3.822550e-001
v -1.611085e-001 1.177666e+001 -3.889495e-001
v -1.643748e-001 1.154141e+001 -3.968350e-001
v -1.680895e-001 1.132607e+001 -4.058031e-001
v -1.722078e-001 1.115000e+001 -4.157457e-001
v -1.856720e-001 1.077964e+001 -4.482512e-001
v -2.016958e-001 1.048856e+001 -4.869358e-001
v -2.194675e-001 1.026145e+001 -5.298406e-001
v -2.381759e-001 1.008302e+001 -5.750067e-001
v -2.570095e-001 9.937965e+000 -6.204750e-001
v -2.751569e-001 9.810977e+000 -6.642866e-001
v -2.918065e-001 9.686756e+000 -7.044824e-001
v -3.061471e-001 9.550000e+000 -7.391036e-001
v -3.098948e-001 9.468824e+000 -7.481513e-001
v -3.080907e-001 9.388821e+000 -7.437957e-001
v -3.022919e-001 9.312965e+000 -7.297962e-001
v -2.940556e-001 9.244231e+000 -7.099121e-001
v -2.849390e-001 9.185591e+000 -6.879026e-001
v -2.764992e-001 9.140024e+000 -6.675271e-001
v -2.702934e-001 9.110502e+000 -6.525450e-001
v -2.678788e-001 9.100000e+000 -6.467156e-001
v -2.663092e-001 9.097969e+000 -6.429263e-001
v -2.624973e-001 9.091250e+000 -6.337236e-001
v -2.577885e-001 9.078907e+000 -6.223555e-001
v -2.535281e-001 9.060000e+000 -6.120701e-001
v -2.510616e-001 9.033594e+000 -6.061155e-001
v -2.517343e-001 8.998751e+000 -6.077394e-001
v -2.568916e-001 8.954532e+000 -6.201901e-001
v -2.678788e-001 8.900001e+000 -6.467156e-001
v -2.805103e-001 8.841172e+000 -6.772109e-001
v -2.900027e-001 8.785625e+000 -7.001274e-001
v -2.968043e-001 8.734766e+000 -7.165480e-001
v -3.013636e-001 8.690001e+000 -7.275551e-001
v -3.041291e-001 8.652735e+000 -7.342315e-001
v -3.055492e-001 8.624375e+000 -7.376600e-001
v -3.060724e-001 8.606329e+000 -7.389231e-001
v -3.061471e-001 8.600000e+000 -7.391036e-001
v -1.111141e-001 2.700000e+001 -1.662939e-001
v -1.111141e-001 2.640000e+001 -1.662939e-001
v -1.666711e-001 2.630000e+001 -2.494409e-001
v -1.666711e-001 2.610000e+001 -2.494408e-001
v -1.701464e-001 2.609583e+001 -2.546419e-001
v -1.797024e-001 2.608436e+001 -2.689435e-001
v -1.940344e-001 2.606717e+001 -2.903929e-001
v -2.118380e-001 2.604580e+001 -3.170378e-001
v -2.318084e-001 2.602184e+001 -3.469256e-001
v -2.526410e-001 2.599684e+001 -3.781039e-001
v -2.730313e-001 2.597237e+001 -4.086200e-001
v -2.916745e-001 2.595000e+001 -4.365215e-001
v -3.066217e-001 2.592383e+001 -4.588916e-001
v -3.201041e-001 2.588594e+001 -4.790694e-001
v -3.319588e-001 2.584102e+001 -4.968112e-001
v -3.420230e-001 2.579375e+001 -5.118734e-001
v -3.501342e-001 2.574883e+001 -5.240126e-001
v -3.561293e-001 2.571094e+001 -5.329850e-001
v -3.598458e-001 2.568477e+001 -5.385471e-001
v -3.611208e-001 2.567500e+001 -5.404552e-001
v -3.623144e-001 2.567449e+001 -5.422416e-001
v -3.654612e-001 2.567257e+001 -5.469511e-001
v -3.699101e-001 2.566868e+001 -5.536093e-001
v -3.750100e-001 2.566226e+001 -5.612420e-001
v -3.801100e-001 2.565275e+001 -5.688746e-001
v -3.845589e-001 2.563958e+001 -5.755329e-001
v -3.877057e-001 2.562218e+001 -5.802423e-001
v -3.888993e-001 2.560000e+001 -5.820287e-001
v -3.877057e-001 2.557668e+001 -5.802423e-001
v -3.845589e-001 2.555875e+001 -5.755329e-001
v -3.801100e-001 2.554551e+001 -5.688746e-001
v -3.750100e-001 2.553625e+001 -5.612420e-001
v -3.699101e-001 2.553028e+001 -5.536093e-001
v -3.654612e-001 2.552688e+001 -5.469511e-001
v -3.623144e-001 2.552535e+001 -5.422416e-001
v -3.611208e-001 2.552500e+001 -5.404552e-001
v -3.607063e-001 2.551720e+001 -5.398349e-001
v -3.590548e-001 2.549581e+001 -5.373632e-001
v -3.555543e-001 2.546383e+001 -5.321243e-001
v -3.495927e-001 2.542425e+001 -5.232022e-001
v -3.405582e-001 2.538008e+001 -5.096811e-001
v -3.278386e-001 2.533431e+001 -4.906450e-001
v -3.108221e-001 2.528996e+001 -4.651780e-001
v -2.888967e-001 2.525000e+001 -4.323642e-001
v -2.740681e-001 2.522928e+001 -4.101717e-001
v -2.575376e-001 2.520838e+001 -3.854321e-001
v -2.404392e-001 2.518821e+001 -3.598425e-001
v -2.239068e-001 2.516967e+001 -3.351000e-001
v -2.090743e-001 2.515368e+001 -3.129016e-001
v -1.970757e-001 2.514113e+001 -2.949444e-001
v -1.890450e-001 2.513293e+001 -2.829256e-001
v -1.861161e-001 2.513000e+001 -2.785423e-001
v -1.847706e-001 2.512301e+001 -2.765285e-001
v -1.816021e-001 2.510406e+001 -2.717866e-001
v -1.779128e-001 2.507621e+001 -2.662651e-001
v -1.750047e-001 2.504250e+001 -2.619129e-001
v -1.741800e-001 2.500598e+001 -2.606786e-001
v -1.767409e-001 2.496969e+001 -2.645112e-001
v -1.839893e-001 2.493668e+001 -2.753593e-001
v -1.972275e-001 2.491000e+001 -2.951717e-001
v -2.005414e-001 2.490507e+001 -3.001313e-001
v -2.037381e-001 2.489903e+001 -3.049155e-001
v -2.067004e-001 2.489154e+001 -3.093489e-001
v -2.093112e-001 2.488225e+001 -3.132561e-001
v -2.114532e-001 2.487080e+001 -3.164618e-001
v -2.130092e-001 2.485685e+001 -3.187906e-001
v -2.138621e-001 2.484003e+001 -3.200670e-001
v -2.138947e-001 2.482000e+001 -3.201158e-001
v -2.121260e-001 2.479857e+001 -3.174688e-001
v -2.081919e-001 2.478014e+001 -3.115811e-001
v -2.028327e-001 2.476465e+001 -3.035603e-001
v -1.967882e-001 2.475207e+001 -2.945142e-001
v -1.907987e-001 2.474235e+001 -2.855502e-001
v -1.856042e-001 2.473546e+001 -2.777761e-001
v -1.819447e-001 2.473136e+001 -2.722993e-001
v -1.805604e-001 2.473000e+001 -2.702276e-001
v -1.812310e-001 2.472690e+001 -2.712312e-001
v -1.830084e-001 2.471828e+001 -2.738912e-001
v -1.855410e-001 2.470522e+001 -2.776816e-001
v -1.884773e-001 2.468875e+001 -2.820760e-001
v -1.914657e-001 2.466994e+001 -2.865484e-001
v -1.941545e-001 2.464985e+001 -2.905726e-001
v -1.961924e-001 2.462951e+001 -2.936224e-001
v -1.972275e-001 2.461000e+001 -2.951717e-001
v -1.976658e-001 2.455630e+001 -2.958275e-001
v -1.962356e-001 2.451332e+001 -2.936871e-001
v -1.928166e-001 2.447837e+001 -2.885701e-001
v -1.872881e-001 2.444876e+001 -2.802962e-001
v -1.795298e-001 2.442181e+001 -2.686851e-001
v -1.694211e-001 2.439482e+001 -2.535563e-001
v -1.568415e-001 2.436512e+001 -2.347296e-001
v -1.416705e-001 2.433000e+001 -2.120247e-001
v -1.298343e-001 2.429891e+001 -1.943105e-001
v -1.215658e-001 2.426991e+001 -1.819360e-001
v -1.164746e-001 2.424264e+001 -1.743163e-001
v -1.141698e-001 2.421675e+001 -1.708670e-001
v -1.142609e-001 2.419190e+001 -1.710034e-001
v -1.163574e-001 2.416772e+001 -1.741409e-001
v -1.200684e-001 2.414387e+001 -1.796948e-001
v -1.250034e-001 2.412000e+001 -1.870806e-001
v -1.258544e-001 2.411213e+001 -1.883542e-001
v -1.267711e-001 2.409727e+001 -1.897262e-001
v -1.276984e-001 2.407788e+001 -1.911139e-001
v -1.285809e-001 2.405646e+001 -1.924348e-001
v -1.293635e-001 2.403548e+001 -1.936060e-001
v -1.299909e-001 2.401742e+001 -1.945449e-001
v -1.304079e-001 2.400477e+001 -1.951690e-001
v -1.305591e-001 2.400000e+001 -1.953953e-001
v -1.138920e-001 2.400000e+001 -1.704512e-001
v -1.305592e-001 1.949000e+001 -1.953953e-001
v -1.312420e-001 1.949047e+001 -1.964171e-001
v -1.333962e-001 1.949054e+001 -1.996411e-001
v -1.371806e-001 1.948819e+001 -2.053049e-001
v -1.427542e-001 1.948142e+001 -2.136463e-001
v -1.502757e-001 1.946823e+001 -2.249030e-001
v -1.599039e-001 1.944660e+001 -2.393127e-001
v -1.717978e-001 1.941453e+001 -2.571132e-001
v -1.861162e-001 1.937000e+001 -2.785422e-001
v -1.880304e-001 1.935552e+001 -2.814069e-001
v -1.889288e-001 1.933103e+001 -2.827516e-001
v -1.890460e-001 1.930022e+001 -2.829269e-001
v -1.886163e-001 1.926675e+001 -2.822838e-001
v -1.878741e-001 1.923432e+001 -2.811731e-001
v -1.870538e-001 1.920659e+001 -2.799453e-001
v -1.863897e-001 1.918726e+001 -2.789515e-001
v -1.861163e-001 1.918000e+001 -2.785423e-001
v -1.638935e-001 1.918000e+001 -2.452835e-001
v -1.641368e-001 1.916733e+001 -2.456476e-001
v -1.652734e-001 1.913261e+001 -2.473486e-001
v -1.679131e-001 1.908083e+001 -2.512993e-001
v -1.726659e-001 1.901696e+001 -2.584124e-001
v -1.801417e-001 1.894596e+001 -2.696007e-001
v -1.909504e-001 1.887283e+001 -2.857770e-001
v -2.057019e-001 1.880251e+001 -3.078542e-001
v -2.250062e-001 1.874000e+001 -3.367451e-001
v -2.665634e-001 1.860737e+001 -3.989398e-001
v -2.814140e-001 1.850397e+001 -4.211654e-001
v -2.760819e-001 1.842377e+001 -4.131853e-001
v -2.570905e-001 1.836075e+001 -3.847626e-001
v -2.309635e-001 1.830889e+001 -3.456608e-001
v -2.042244e-001 1.826216e+001 -3.056430e-001
v -1.833970e-001 1.821454e+001 -2.744725e-001
v -1.750049e-001 1.816000e+001 -2.619128e-001
v -1.778153e-001 1.810539e+001 -2.661189e-001
v -1.855086e-001 1.806063e+001 -2.776328e-001
v -1.969781e-001 1.802430e+001 -2.947981e-001
v -2.111170e-001 1.799500e+001 -3.159584e-001
v -2.268183e-001 1.797133e+001 -3.394571e-001
v -2.429755e-001 1.795188e+001 -3.636380e-001
v -2.584815e-001 1.793524e+001 -3.868444e-001
v -2.722297e-001 1.792000e+001 -4.074200e-001
v -2.837101e-001 1.789820e+001 -4.246016e-001
v -2.932372e-001 1.786563e+001 -4.388600e-001
v -3.009414e-001 1.782648e+001 -4.503901e-001
v -3.069529e-001 1.778500e+001 -4.593869e-001
v -3.114018e-001 1.774539e+001 -4.660452e-001
v -3.144183e-001 1.771188e+001 -4.705598e-001
v -3.161328e-001 1.768867e+001 -4.731256e-001
v -3.166754e-001 1.768000e+001 -4.739376e-001
v -3.140885e-001 1.768065e+001 -4.700661e-001
v -3.068140e-001 1.768106e+001 -4.591790e-001
v -2.955810e-001 1.767895e+001 -4.423678e-001
v -2.811188e-001 1.767200e+001 -4.207235e-001
v -2.641566e-001 1.765793e+001 -3.953377e-001
v -2.454234e-001 1.763444e+001 -3.673016e-001
v -2.256486e-001 1.759923e+001 -3.377065e-001
v -2.055613e-001 1.755000e+001 -3.076436e-001
v -1.937667e-001 1.751231e+001 -2.899919e-001
v -1.851267e-001 1.747692e+001 -2.770611e-001
v -1.791536e-001 1.744468e+001 -2.681217e-001
v -1.753598e-001 1.741643e+001 -2.624440e-001
v -1.732579e-001 1.739300e+001 -2.592982e-001
v -1.723601e-001 1.737522e+001 -2.579547e-001
v -1.721791e-001 1.736395e+001 -2.576837e-001
v -1.722270e-001 1.736000e+001 -2.577555e-001
v -1.756147e-001 1.735903e+001 -2.628255e-001
v -1.845364e-001 1.735525e+001 -2.761777e-001
v -1.971300e-001 1.734735e+001 -2.950254e-001
v -2.115336e-001 1.733400e+001 -3.165820e-001
v -2.258852e-001 1.731391e+001 -3.380605e-001
v -2.383226e-001 1.728575e+001 -3.566744e-001
v -2.469838e-001 1.724822e+001 -3.696369e-001
v -2.500069e-001 1.720000e+001 -3.741612e-001
v -2.493844e-001 1.715306e+001 -3.732295e-001
v -2.481143e-001 1.711683e+001 -3.713287e-001
v -2.458652e-001 1.708908e+001 -3.679627e-001
v -2.423059e-001 1.706760e+001 -3.626359e-001
v -2.371050e-001 1.705017e+001 -3.548521e-001
v -2.299311e-001 1.703457e+001 -3.441157e-001
v -2.204529e-001 1.701859e+001 -3.299306e-001
v -2.083391e-001 1.700000e+001 -3.118010e-001
v -1.943720e-001 1.696964e+001 -2.908977e-001
v -1.839362e-001 1.692978e+001 -2.752794e-001
v -1.765173e-001 1.688460e+001 -2.641763e-001
v -1.716009e-001 1.683828e+001 -2.568184e-001
v -1.686726e-001 1.679498e+001 -2.524358e-001
v -1.672178e-001 1.675889e+001 -2.502586e-001
v -1.667222e-001 1.673417e+001 -2.495169e-001
v -1.666714e-001 1.672500e+001 -2.494408e-001
v -1.527821e-001 1.672500e+001 -2.286540e-001
v -1.666715e-001 1.257500e+001 -2.494408e-001
v -2.222285e-001 1.257500e+001 -3.325877e-001
v -2.227385e-001 1.253018e+001 -3.333510e-001
v -2.242251e-001 1.240859e+001 -3.355758e-001
v -2.266231e-001 1.222959e+001 -3.391647e-001
v -2.298676e-001 1.201250e+001 -3.440204e-001
v -2.338933e-001 1.177666e+001 -3.500452e-001
v -2.386352e-001 1.154141e+001 -3.571420e-001
v -2.440281e-001 1.132607e+001 -3.652131e-001
v -2.500070e-001 1.115000e+001 -3.741612e-001
v -2.695540e-001 1.077964e+001 -4.034153e-001
v -2.928168e-001 1.048856e+001 -4.382305e-001
v -3.186175e-001 1.026145e+001 -4.768439e-001
v -3.457779e-001 1.008302e+001 -5.174923e-001
v -3.731200e-001 9.937965e+000 -5.584126e-001
v -3.994659e-001 9.810977e+000 -5.978420e-001
v -4.236375e-001 9.686756e+000 -6.340173e-001
v -4.444568e-001 9.550000e+000 -6.651756e-001
v -4.498976e-001 9.468824e+000 -6.733182e-001
v -4.472784e-001 9.388821e+000 -6.693984e-001
v -4.388598e-001 9.312965e+000 -6.567991e-001
v -4.269026e-001 9.244231e+000 -6.389039e-001
v -4.136673e-001 9.185591e+000 -6.190959e-001
v -4.014146e-001 9.140024e+000 -6.007584e-001
v -3.924052e-001 9.110502e+000 -5.872748e-001
v -3.888997e-001 9.100000e+000 -5.820286e-001
v -3.866210e-001 9.097969e+000 -5.786182e-001
v -3.810870e-001 9.091250e+000 -5.703360e-001
v -3.742509e-001 9.078907e+000 -5.601051e-001
v -3.680658e-001 9.060000e+000 -5.508485e-001
v -3.644850e-001 9.033594e+000 -5.454894e-001
v -3.654616e-001 8.998751e+000 -5.469509e-001
v -3.729488e-001 8.954532e+000 -5.581563e-001
v -3.888997e-001 8.900001e+000 -5.820286e-001
v -4.072379e-001 8.841172e+000 -6.094735e-001
v -4.210186e-001 8.785625e+000 -6.300979e-001
v -4.308930e-001 8.734766e+000 -6.448759e-001
v -4.375121e-001 8.690001e+000 -6.547821e-001
v -4.415270e-001 8.652735e+000 -6.607908e-001
v -4.435887e-001 8.624375e+000 -6.638764e-001
v -4.443482e-001 8.606329e+000 -6.650131e-001
v -4.444568e-001 8.600000e+000 -6.651755e-001
v -1.414214e-001 2.700000e+001 -1.414214e-001
v -1.414214e-001 2.640000e+001 -1.414213e-001
v -2.121321e-001 2.630000e+001 -2.121320e-001
v -2.121321e-001 2.610000e+001 -2.121320e-001
v -2.165552e-001 2.609583e+001 -2.165551e-001
v -2.287176e-001 2.608436e+001 -2.287176e-001
v -2.469589e-001 2.606717e+001 -2.469589e-001
v -2.696185e-001 2.604580e+001 -2.696185e-001
v -2.950360e-001 2.602184e+001 -2.950360e-001
v -3.215509e-001 2.599684e+001 -3.215509e-001
v -3.475028e-001 2.597237e+001 -3.475028e-001
v -3.712311e-001 2.595000e+001 -3.712311e-001
v -3.902553e-001 2.592383e+001 -3.902553e-001
v -4.074151e-001 2.588594e+001 -4.074150e-001
v -4.225033e-001 2.584102e+001 -4.225032e-001
v -4.353127e-001 2.579375e+001 -4.353126e-001
v -4.456362e-001 2.574883e+001 -4.456361e-001
v -4.532666e-001 2.571094e+001 -4.532665e-001
v -4.579967e-001 2.568477e+001 -4.579966e-001
v -4.596195e-001 2.567500e+001 -4.596194e-001
v -4.611386e-001 2.567449e+001 -4.611386e-001
v -4.651437e-001 2.567257e+001 -4.651437e-001
v -4.708061e-001 2.566868e+001 -4.708061e-001
v -4.772971e-001 2.566226e+001 -4.772971e-001
v -4.837881e-001 2.565275e+001 -4.837881e-001
v -4.894505e-001 2.563958e+001 -4.894505e-001
v -4.934556e-001 2.562218e+001 -4.934556e-001
v -4.949748e-001 2.560000e+001 -4.949748e-001
v -4.934556e-001 2.557668e+001 -4.934556e-001
v -4.894505e-001 2.555875e+001 -4.894505e-001
v -4.837881e-001 2.554551e+001 -4.837881e-001
v -4.772971e-001 2.553625e+001 -4.772971e-001
v -4.708061e-001 2.553028e+001 -4.708061e-001
v -4.651437e-001 2.552688e+001 -4.651437e-001
v -4.611386e-001 2.552535e+001 -4.611386e-001
v -4.596195e-001 2.552500e+001 -4.596194e-001
v -4.590919e-001 2.551720e+001 -4.590918e-001
v -4.569899e-001 2.549581e+001 -4.569899e-001
v -4.525346e-001 2.546383e+001 -4.525345e-001
v -4.449470e-001 2.542425e+001 -4.449469e-001
v -4.334482e-001 2.538008e+001 -4.334482e-001
v -4.172594e-001 2.533431e+001 -4.172593e-001
v -3.956014e-001 2.528996e+001 -3.956014e-001
v -3.676956e-001 2.525000e+001 -3.676955e-001
v -3.488224e-001 2.522928e+001 -3.488224e-001
v -3.277832e-001 2.520838e+001 -3.277831e-001
v -3.060210e-001 2.518821e+001 -3.060209e-001
v -2.849792e-001 2.516967e+001 -2.849791e-001
v -2.661010e-001 2.515368e+001 -2.661009e-001
v -2.508297e-001 2.514113e+001 -2.508297e-001
v -2.406086e-001 2.513293e+001 -2.406085e-001
v -2.368808e-001 2.513000e+001 -2.368807e-001
v -2.351683e-001 2.512301e+001 -2.351682e-001
v -2.311356e-001 2.510406e+001 -2.311355e-001
v -2.264400e-001 2.507621e+001 -2.264399e-001
v -2.227387e-001 2.504250e+001 -2.227386e-001
v -2.216891e-001 2.500598e+001 -2.216890e-001
v -2.249484e-001 2.496969e+001 -2.249483e-001
v -2.341739e-001 2.493668e+001 -2.341738e-001
v -2.510230e-001 2.491000e+001 -2.510229e-001
v -2.552408e-001 2.490507e+001 -2.552407e-001
v -2.593094e-001 2.489903e+001 -2.593093e-001
v -2.630797e-001 2.489154e+001 -2.630796e-001
v -2.664025e-001 2.488225e+001 -2.664025e-001
v -2.691288e-001 2.487080e+001 -2.691287e-001
v -2.711092e-001 2.485685e+001 -2.711091e-001
v -2.721947e-001 2.484003e+001 -2.721947e-001
v -2.722362e-001 2.482000e+001 -2.722361e-001
v -2.699851e-001 2.479857e+001 -2.699850e-001
v -2.649780e-001 2.478014e+001 -2.649779e-001
v -2.581570e-001 2.476465e+001 -2.581569e-001
v -2.504638e-001 2.475207e+001 -2.504638e-001
v -2.428406e-001 2.474235e+001 -2.428405e-001
v -2.362292e-001 2.473546e+001 -2.362292e-001
v -2.315716e-001 2.473136e+001 -2.315715e-001
v -2.298098e-001 2.473000e+001 -2.298097e-001
v -2.306633e-001 2.472690e+001 -2.306632e-001
v -2.329255e-001 2.471828e+001 -2.329254e-001
v -2.361489e-001 2.470522e+001 -2.361488e-001
v -2.398860e-001 2.468875e+001 -2.398859e-001
v -2.436895e-001 2.466994e+001 -2.436894e-001
v -2.471118e-001 2.464985e+001 -2.471117e-001
v -2.497054e-001 2.462951e+001 -2.497053e-001
v -2.510230e-001 2.461000e+001 -2.510229e-001
v -2.515808e-001 2.455630e+001 -2.515807e-001
v -2.497605e-001 2.451332e+001 -2.497604e-001
v -2.454089e-001 2.447837e+001 -2.454087e-001
v -2.383725e-001 2.444876e+001 -2.383724e-001
v -2.284980e-001 2.442181e+001 -2.284979e-001
v -2.156321e-001 2.439482e+001 -2.156319e-001
v -1.996213e-001 2.436512e+001 -1.996212e-001
v -1.803123e-001 2.433000e+001 -1.803122e-001
v -1.652477e-001 2.429891e+001 -1.652475e-001
v -1.547239e-001 2.426991e+001 -1.547238e-001
v -1.482440e-001 2.424264e+001 -1.482438e-001
v -1.453106e-001 2.421675e+001 -1.453104e-001
v -1.454266e-001 2.419190e+001 -1.454264e-001
v -1.480948e-001 2.416772e+001 -1.480947e-001
v -1.528180e-001 2.414387e+001 -1.528179e-001
v -1.590991e-001 2.412000e+001 -1.590990e-001
v -1.601822e-001 2.411213e+001 -1.601821e-001
v -1.613490e-001 2.409727e+001 -1.613489e-001
v -1.625292e-001 2.407788e+001 -1.625291e-001
v -1.636524e-001 2.405646e+001 -1.636523e-001
v -1.646485e-001 2.403548e+001 -1.646484e-001
v -1.654470e-001 2.401742e+001 -1.654469e-001
v -1.659777e-001 2.400477e+001 -1.659776e-001
v -1.661702e-001 2.400000e+001 -1.661700e-001
v -1.449570e-001 2.400000e+001 -1.449569e-001
v -1.661703e-001 1.949000e+001 -1.661700e-001
v -1.670393e-001 1.949047e+001 -1.670390e-001
v -1.697811e-001 1.949054e+001 -1.697807e-001
v -1.745978e-001 1.948819e+001 -1.745974e-001
v -1.816915e-001 1.948142e+001 -1.816912e-001
v -1.912646e-001 1.946823e+001 -1.912642e-001
v -2.035190e-001 1.944660e+001 -2.035187e-001
v -2.186571e-001 1.941453e+001 -2.186568e-001
v -2.368810e-001 1.937000e+001 -2.368807e-001
v -2.393172e-001 1.935552e+001 -2.393169e-001
v -2.404608e-001 1.933103e+001 -2.404604e-001
v -2.406099e-001 1.930022e+001 -2.406096e-001
v -2.400630e-001 1.926675e+001 -2.400627e-001
v -2.391183e-001 1.923432e+001 -2.391180e-001
v -2.380743e-001 1.920659e+001 -2.380739e-001
v -2.372290e-001 1.918726e+001 -2.372287e-001
v -2.368810e-001 1.918000e+001 -2.368807e-001
v -2.085968e-001 1.918000e+001 -2.085964e-001
v -2.089064e-001 1.916733e+001 -2.089061e-001
v -2.103530e-001 1.913261e+001 -2.103527e-001
v -2.137128e-001 1.908083e+001 -2.137124e-001
v -2.197619e-001 1.901696e+001 -2.197616e-001
v -2.292768e-001 1.894596e+001 -2.292765e-001
v -2.430337e-001 1.887283e+001 -2.430334e-001
v -2.618088e-001 1.880251e+001 -2.618085e-001
v -2.863785e-001 1.874000e+001 -2.863781e-001
v -3.392707e-001 1.860737e+001 -3.392704e-001
v -3.581721e-001 1.850397e+001 -3.581717e-001
v -3.513855e-001 1.842377e+001 -3.513851e-001
v -3.272140e-001 1.836075e+001 -3.272136e-001
v -2.939607e-001 1.830889e+001 -2.939603e-001
v -2.599283e-001 1.826216e+001 -2.599280e-001
v -2.334201e-001 1.821454e+001 -2.334197e-001
v -2.227389e-001 1.816000e+001 -2.227385e-001
v -2.263159e-001 1.810539e+001 -2.263155e-001
v -2.361076e-001 1.806063e+001 -2.361072e-001
v -2.507055e-001 1.802430e+001 -2.507051e-001
v -2.687008e-001 1.799500e+001 -2.687005e-001
v -2.886849e-001 1.797133e+001 -2.886845e-001
v -3.092490e-001 1.795188e+001 -3.092486e-001
v -3.289845e-001 1.793524e+001 -3.289841e-001
v -3.464826e-001 1.792000e+001 -3.464822e-001
v -3.610943e-001 1.789820e+001 -3.610939e-001
v -3.732201e-001 1.786563e+001 -3.732197e-001
v -3.830257e-001 1.782648e+001 -3.830253e-001
v -3.906768e-001 1.778500e+001 -3.906764e-001
v -3.963392e-001 1.774539e+001 -3.963388e-001
v -4.001786e-001 1.771188e+001 -4.001782e-001
v -4.023606e-001 1.768867e+001 -4.023603e-001
v -4.030512e-001 1.768000e+001 -4.030508e-001
v -3.997587e-001 1.768065e+001 -3.997583e-001
v -3.905000e-001 1.768106e+001 -3.904997e-001
v -3.762032e-001 1.767895e+001 -3.762028e-001
v -3.577963e-001 1.767200e+001 -3.577959e-001
v -3.362075e-001 1.765793e+001 -3.362071e-001
v -3.123647e-001 1.763444e+001 -3.123643e-001
v -2.871961e-001 1.759923e+001 -2.871957e-001
v -2.616298e-001 1.755000e+001 -2.616294e-001
v -2.466182e-001 1.751231e+001 -2.466178e-001
v -2.356215e-001 1.747692e+001 -2.356211e-001
v -2.280192e-001 1.744468e+001 -2.280188e-001
v -2.231907e-001 1.741643e+001 -2.231903e-001
v -2.205154e-001 1.739300e+001 -2.205150e-001
v -2.193728e-001 1.737522e+001 -2.193724e-001
v -2.191423e-001 1.736395e+001 -2.191419e-001
v -2.192034e-001 1.736000e+001 -2.192030e-001
v -2.235151e-001 1.735903e+001 -2.235147e-001
v -2.348702e-001 1.735525e+001 -2.348698e-001
v -2.508989e-001 1.734735e+001 -2.508985e-001
v -2.692312e-001 1.733400e+001 -2.692308e-001
v -2.874972e-001 1.731391e+001 -2.874968e-001
v -3.033270e-001 1.728575e+001 -3.033266e-001
v -3.143507e-001 1.724822e+001 -3.143503e-001
v -3.181984e-001 1.720000e+001 -3.181979e-001
v -3.174060e-001 1.715306e+001 -3.174056e-001
v -3.157895e-001 1.711683e+001 -3.157890e-001
v -3.129270e-001 1.708908e+001 -3.129266e-001
v -3.083968e-001 1.706760e+001 -3.083964e-001
v -3.017773e-001 1.705017e+001 -3.017769e-001
v -2.926467e-001 1.703457e+001 -2.926463e-001
v -2.805833e-001 1.701859e+001 -2.805829e-001
v -2.651654e-001 1.700000e+001 -2.651649e-001
v -2.473885e-001 1.696964e+001 -2.473881e-001
v -2.341063e-001 1.692978e+001 -2.341059e-001
v -2.246638e-001 1.688460e+001 -2.246634e-001
v -2.184065e-001 1.683828e+001 -2.184061e-001
v -2.146794e-001 1.679498e+001 -2.146790e-001
v -2.128279e-001 1.675889e+001 -2.128274e-001
v -2.121971e-001 1.673417e+001 -2.121966e-001
v -2.121323e-001 1.672500e+001 -2.121319e-001
v -1.944547e-001 1.672500e+001 -1.944542e-001
v -2.121325e-001 1.257500e+001 -2.121318e-001
v -2.828431e-001 1.257500e+001 -2.828425e-001
v -2.834923e-001 1.253018e+001 -2.834916e-001
v -2.853843e-001 1.240859e+001 -2.853837e-001
v -2.884364e-001 1.222959e+001 -2.884358e-001
v -2.925659e-001 1.201250e+001 -2.925652e-001
v -2.976896e-001 1.177666e+001 -2.976890e-001
v -3.037249e-001 1.154141e+001 -3.037242e-001
v -3.105888e-001 1.132607e+001 -3.105882e-001
v -3.181985e-001 1.115000e+001 -3.181978e-001
v -3.430771e-001 1.077964e+001 -3.430764e-001
v -3.726851e-001 1.048856e+001 -3.726843e-001
v -4.055230e-001 1.026145e+001 -4.055223e-001
v -4.400916e-001 1.008302e+001 -4.400909e-001
v -4.748916e-001 9.937965e+000 -4.748908e-001
v -5.084235e-001 9.810977e+000 -5.084227e-001
v -5.391881e-001 9.686756e+000 -5.391874e-001
v -5.656860e-001 9.550000e+000 -5.656853e-001
v -5.726108e-001 9.468824e+000 -5.726100e-001
v -5.692772e-001 9.388821e+000 -5.692764e-001
v -5.585625e-001 9.312965e+000 -5.585617e-001
v -5.433438e-001 9.244231e+000 -5.433430e-001
v -5.264984e-001 9.185591e+000 -5.264977e-001
v -5.109038e-001 9.140024e+000 -5.109030e-001
v -4.994369e-001 9.110502e+000 -4.994361e-001
v -4.949753e-001 9.100000e+000 -4.949746e-001
v -4.920751e-001 9.097969e+000 -4.920743e-001
v -4.850316e-001 9.091250e+000 -4.850309e-001
v -4.763309e-001 9.078907e+000 -4.763301e-001
v -4.684588e-001 9.060000e+000 -4.684580e-001
v -4.639013e-001 9.033594e+000 -4.639005e-001
v -4.651442e-001 8.998751e+000 -4.651434e-001
v -4.746736e-001 8.954532e+000 -4.746729e-001
v -4.949753e-001 8.900001e+000 -4.949746e-001
v -5.183154e-001 8.841172e+000 -5.183146e-001
v -5.358549e-001 8.785625e+000 -5.358542e-001
v -5.484226e-001 8.734766e+000 -5.484219e-001
v -5.568472e-001 8.690001e+000 -5.568464e-001
v -5.619571e-001 8.652735e+000 -5.619563e-001
v -5.645812e-001 8.624375e+000 -5.645803e-001
v -5.655479e-001 8.606329e+000 -5.655471e-001
v -5.656860e-001 8.600000e+000 -5.656852e-001
v -1.662939e-001 2.700000e+001 -1.111140e-001
v -1.662940e-001 2.640000e+001 -1.111140e-001
v -2.494409e-001 2.630000e+001 -1.666710e-001
v -2.494409e-001 2.610000e+001 -1.666710e-001
v -2.546420e-001 2.609583e+001 -1.701463e-001
v -2.689435e-001 2.608436e+001 -1.797023e-001
v -2.903930e-001 2.606717e+001 -1.940343e-001
v -3.170379e-001 2.604580e+001 -2.118379e-001
v -3.469257e-001 2.602184e+001 -2.318083e-001
v -3.781039e-001 2.599684e+001 -2.526409e-001
v -4.086201e-001 2.597237e+001 -2.730311e-001
v -4.365216e-001 2.595000e+001 -2.916743e-001
v -4.588917e-001 2.592383e+001 -3.066216e-001
v -4.790695e-001 2.588594e+001 -3.201039e-001
v -4.968113e-001 2.584102e+001 -3.319586e-001
v -5.118736e-001 2.579375e+001 -3.420229e-001
v -5.240127e-001 2.574883e+001 -3.501340e-001
v -5.329852e-001 2.571094e+001 -3.561292e-001
v -5.385472e-001 2.568477e+001 -3.598456e-001
v -5.404553e-001 2.567500e+001 -3.611206e-001
v -5.422418e-001 2.567449e+001 -3.623142e-001
v -5.469512e-001 2.567257e+001 -3.654610e-001
v -5.536095e-001 2.566868e+001 -3.699099e-001
v -5.612421e-001 2.566226e+001 -3.750099e-001
v -5.688747e-001 2.565275e+001 -3.801098e-001
v -5.755330e-001 2.563958e+001 -3.845587e-001
v -5.802425e-001 2.562218e+001 -3.877055e-001
v -5.820289e-001 2.560000e+001 -3.888991e-001
v -5.802425e-001 2.557668e+001 -3.877055e-001
v -5.755330e-001 2.555875e+001 -3.845587e-001
v -5.688747e-001 2.554551e+001 -3.801098e-001
v -5.612421e-001 2.553625e+001 -3.750099e-001
v -5.536095e-001 2.553028e+001 -3.699099e-001
v -5.469512e-001 2.552688e+001 -3.654610e-001
v -5.422418e-001 2.552535e+001 -3.623142e-001
v -5.404553e-001 2.552500e+001 -3.611206e-001
v -5.398350e-001 2.551720e+001 -3.607061e-001
v -5.373633e-001 2.549581e+001 -3.590546e-001
v -5.321244e-001 2.546383e+001 -3.555541e-001
v -5.232024e-001 2.542425e+001 -3.495925e-001
v -5.096812e-001 2.538008e+001 -3.405580e-001
v -4.906451e-001 2.533431e+001 -3.278385e-001
v -4.651781e-001 2.528996e+001 -3.108220e-001
v -4.323643e-001 2.525000e+001 -2.888965e-001
v -4.101718e-001 2.522928e+001 -2.740679e-001
v -3.854322e-001 2.520838e+001 -2.575375e-001
v -3.598426e-001 2.518821e+001 -2.404390e-001
v -3.351001e-001 2.516967e+001 -2.239066e-001
v -3.129017e-001 2.515368e+001 -2.090741e-001
v -2.949446e-001 2.514113e+001 -1.970756e-001
v -2.829258e-001 2.513293e+001 -1.890448e-001
v -2.785424e-001 2.513000e+001 -1.861160e-001
v -2.765287e-001 2.512301e+001 -1.847704e-001
v -2.717867e-001 2.510406e+001 -1.816020e-001
v -2.662652e-001 2.507621e+001 -1.779126e-001
v -2.619130e-001 2.504250e+001 -1.750046e-001
v -2.606788e-001 2.500598e+001 -1.741799e-001
v -2.645113e-001 2.496969e+001 -1.767407e-001
v -2.753594e-001 2.493668e+001 -1.839892e-001
v -2.951718e-001 2.491000e+001 -1.972274e-001
v -3.001314e-001 2.490507e+001 -2.005413e-001
v -3.049156e-001 2.489903e+001 -2.037380e-001
v -3.093490e-001 2.489154e+001 -2.067003e-001
v -3.132563e-001 2.488225e+001 -2.093110e-001
v -3.164620e-001 2.487080e+001 -2.114530e-001
v -3.187908e-001 2.485685e+001 -2.130090e-001
v -3.200672e-001 2.484003e+001 -2.138619e-001
v -3.201159e-001 2.482000e+001 -2.138945e-001
v -3.174689e-001 2.479857e+001 -2.121258e-001
v -3.115812e-001 2.478014e+001 -2.081918e-001
v -3.035605e-001 2.476465e+001 -2.028325e-001
v -2.945143e-001 2.475207e+001 -1.967881e-001
v -2.855504e-001 2.474235e+001 -1.907986e-001
v -2.777762e-001 2.473546e+001 -1.856040e-001
v -2.722994e-001 2.473136e+001 -1.819446e-001
v -2.702277e-001 2.473000e+001 -1.805603e-001
v -2.712313e-001 2.472690e+001 -1.812309e-001
v -2.738914e-001 2.471828e+001 -1.830083e-001
v -2.776817e-001 2.470522e+001 -1.855409e-001
v -2.820762e-001 2.468875e+001 -1.884771e-001
v -2.865486e-001 2.466994e+001 -1.914655e-001
v -2.905727e-001 2.464985e+001 -1.941544e-001
v -2.936226e-001 2.462951e+001 -1.961922e-001
v -2.951718e-001 2.461000e+001 -1.972274e-001
v -2.958277e-001 2.455630e+001 -1.976656e-001
v -2.936873e-001 2.451332e+001 -1.962354e-001
v -2.885703e-001 2.447837e+001 -1.928164e-001
v -2.802964e-001 2.444876e+001 -1.872879e-001
v -2.686853e-001 2.442181e+001 -1.795296e-001
v -2.535565e-001 2.439482e+001 -1.694209e-001
v -2.347298e-001 2.436512e+001 -1.568413e-001
v -2.120249e-001 2.433000e+001 -1.416704e-001
v -1.943107e-001 2.429891e+001 -1.298341e-001
v -1.819361e-001 2.426991e+001 -1.215657e-001
v -1.743165e-001 2.424264e+001 -1.164744e-001
v -1.708672e-001 2.421675e+001 -1.141696e-001
v -1.710036e-001 2.419190e+001 -1.142608e-001
v -1.741411e-001 2.416772e+001 -1.163572e-001
v -1.796950e-001 2.414387e+001 -1.200682e-001
v -1.870808e-001 2.412000e+001 -1.250032e-001
v -1.883543e-001 2.411213e+001 -1.258542e-001
v -1.897263e-001 2.409727e+001 -1.267709e-001
v -1.911141e-001 2.407788e+001 -1.276982e-001
v -1.924349e-001 2.405646e+001 -1.285808e-001
v -1.936062e-001 2.403548e+001 -1.293634e-001
v -1.945451e-001 2.401742e+001 -1.299907e-001
v -1.951691e-001 2.400477e+001 -1.304077e-001
v -1.953955e-001 2.400000e+001 -1.305589e-001
v -1.704514e-001 2.400000e+001 -1.138918e-001
v -1.953956e-001 1.949000e+001 -1.305588e-001
v -1.964175e-001 1.949047e+001 -1.312416e-001
v -1.996414e-001 1.949054e+001 -1.333958e-001
v -2.053053e-001 1.948819e+001 -1.371802e-001
v -2.136467e-001 1.948142e+001 -1.427538e-001
v -2.249034e-001 1.946823e+001 -1.502753e-001
v -2.393131e-001 1.944660e+001 -1.599035e-001
v -2.571136e-001 1.941453e+001 -1.717975e-001
v -2.785426e-001 1.937000e+001 -1.861159e-001
v -2.814073e-001 1.935552e+001 -1.880300e-001
v -2.827519e-001 1.933103e+001 -1.889284e-001
v -2.829273e-001 1.930022e+001 -1.890456e-001
v -2.822843e-001 1.926675e+001 -1.886159e-001
v -2.811734e-001 1.923432e+001 -1.878737e-001
v -2.799457e-001 1.920659e+001 -1.870534e-001
v -2.789519e-001 1.918726e+001 -1.863893e-001
v -2.785426e-001 1.918000e+001 -1.861159e-001
v -2.452838e-001 1.918000e+001 -1.638931e-001
v -2.456480e-001 1.916733e+001 -1.641364e-001
v -2.473490e-001 1.913261e+001 -1.652730e-001
v -2.512996e-001 1.908083e+001 -1.679127e-001
v -2.584127e-001 1.901696e+001 -1.726655e-001
v -2.696010e-001 1.894596e+001 -1.801413e-001
v -2.857774e-001 1.887283e+001 -1.909500e-001
v -3.078547e-001 1.880251e+001 -2.057015e-001
v -3.367455e-001 1.874000e+001 -2.250058e-001
v -3.989402e-001 1.860737e+001 -2.665629e-001
v -4.211658e-001 1.850397e+001 -2.814136e-001
v -4.131857e-001 1.842377e+001 -2.760814e-001
v -3.847630e-001 1.836075e+001 -2.570900e-001
v -3.456612e-001 1.830889e+001 -2.309630e-001
v -3.056434e-001 1.826216e+001 -2.042240e-001
v -2.744730e-001 1.821454e+001 -1.833966e-001
v -2.619132e-001 1.816000e+001 -1.750044e-001
v -2.661193e-001 1.810539e+001 -1.778148e-001
v -2.776332e-001 1.806063e+001 -1.855082e-001
v -2.947985e-001 1.802430e+001 -1.969777e-001
v -3.159588e-001 1.799500e+001 -2.111165e-001
v -3.394576e-001 1.797133e+001 -2.268178e-001
v -3.636384e-001 1.795188e+001 -2.429750e-001
v -3.868449e-001 1.793524e+001 -2.584810e-001
v -4.074205e-001 1.792000e+001 -2.722292e-001
v -4.246020e-001 1.789820e+001 -2.837096e-001
v -4.388605e-001 1.786563e+001 -2.932367e-001
v -4.503906e-001 1.782648e+001 -3.009409e-001
v -4.593874e-001 1.778500e+001 -3.069524e-001
v -4.660456e-001 1.774539e+001 -3.114013e-001
v -4.705602e-001 1.771188e+001 -3.144179e-001
v -4.731261e-001 1.768867e+001 -3.161323e-001
v -4.739381e-001 1.768000e+001 -3.166749e-001
v -4.700665e-001 1.768065e+001 -3.140880e-001
v -4.591795e-001 1.768106e+001 -3.068135e-001
v -4.423682e-001 1.767895e+001 -2.955805e-001
v -4.207240e-001 1.767200e+001 -2.811184e-001
v -3.953382e-001 1.765793e+001 -2.641561e-001
v -3.673021e-001 1.763444e+001 -2.454230e-001
v -3.377070e-001 1.759923e+001 -2.256481e-001
v -3.076441e-001 1.755000e+001 -2.055608e-001
v -2.899923e-001 1.751231e+001 -1.937663e-001
v -2.770616e-001 1.747692e+001 -1.851262e-001
v -2.681222e-001 1.744468e+001 -1.791531e-001
v -2.624445e-001 1.741643e+001 -1.753594e-001
v -2.592987e-001 1.739300e+001 -1.732574e-001
v -2.579551e-001 1.737522e+001 -1.723597e-001
v -2.576841e-001 1.736395e+001 -1.721786e-001
v -2.577559e-001 1.736000e+001 -1.722265e-001
v -2.628259e-001 1.735903e+001 -1.756142e-001
v -2.761782e-001 1.735525e+001 -1.845359e-001
v -2.950259e-001 1.734735e+001 -1.971296e-001
v -3.165824e-001 1.733400e+001 -2.115332e-001
v -3.380609e-001 1.731391e+001 -2.258847e-001
v -3.566748e-001 1.728575e+001 -2.383220e-001
v -3.696373e-001 1.724822e+001 -2.469833e-001
v -3.741617e-001 1.720000e+001 -2.500064e-001
v -3.732300e-001 1.715306e+001 -2.493839e-001
v -3.713292e-001 1.711683e+001 -2.481138e-001
v -3.679633e-001 1.708908e+001 -2.458647e-001
v -3.626363e-001 1.706760e+001 -2.423054e-001
v -3.548526e-001 1.705017e+001 -2.371044e-001
v -3.441161e-001 1.703457e+001 -2.299306e-001
v -3.299311e-001 1.701859e+001 -2.204524e-001
v -3.118015e-001 1.700000e+001 -2.083386e-001
v -2.908982e-001 1.696964e+001 -1.943715e-001
v -2.752799e-001 1.692978e+001 -1.839357e-001
v -2.641768e-001 1.688460e+001 -1.765168e-001
v -2.568189e-001 1.683828e+001 -1.716004e-001
v -2.524363e-001 1.679498e+001 -1.686721e-001
v -2.502591e-001 1.675889e+001 -1.672173e-001
v -2.495174e-001 1.673417e+001 -1.667217e-001
v -2.494413e-001 1.672500e+001 -1.666709e-001
v -2.286545e-001 1.672500e+001 -1.527816e-001
v -2.494414e-001 1.257500e+001 -1.666708e-001
v -3.325884e-001 1.257500e+001 -2.222278e-001
v -3.333516e-001 1.253018e+001 -2.227378e-001
v -3.355765e-001 1.240859e+001 -2.242244e-001
v -3.391654e-001 1.222959e+001 -2.266224e-001
v -3.440211e-001 1.201250e+001 -2.298668e-001
v -3.500460e-001 1.177666e+001 -2.338925e-001
v -3.571427e-001 1.154141e+001 -2.386344e-001
v -3.652138e-001 1.132607e+001 -2.440274e-001
v -3.741619e-001 1.115000e+001 -2.500063e-001
v -4.034161e-001 1.077964e+001 -2.695533e-001
v -4.382313e-001 1.048856e+001 -2.928160e-001
v -4.768447e-001 1.026145e+001 -3.186167e-001
v -5.174931e-001 1.008302e+001 -3.457770e-001
v -5.584135e-001 9.937965e+000 -3.731191e-001
v -5.978429e-001 9.810977e+000 -3.994650e-001
v -6.340182e-001 9.686756e+000 -4.236366e-001
v -6.651765e-001 9.550000e+000 -4.444559e-001
v -6.733191e-001 9.468824e+000 -4.498966e-001
v -6.693992e-001 9.388821e+000 -4.472774e-001
v -6.568000e-001 9.312965e+000 -4.388589e-001
v -6.389048e-001 9.244231e+000 -4.269017e-001
v -6.190967e-001 9.185591e+000 -4.136664e-001
v -6.007593e-001 9.140024e+000 -4.014137e-001
v -5.872758e-001 9.110502e+000 -3.924043e-001
v -5.820295e-001 9.100000e+000 -3.888988e-001
v -5.786191e-001 9.097969e+000 -3.866201e-001
v -5.703369e-001 9.091250e+000 -3.810861e-001
v -5.601059e-001 9.078907e+000 -3.742500e-001
v -5.508493e-001 9.060000e+000 -3.680649e-001
v -5.454903e-001 9.033594e+000 -3.644841e-001
v -5.469518e-001 8.998751e+000 -3.654607e-001
v -5.581572e-001 8.954532e+000 -3.729479e-001
v -5.820295e-001 8.900001e+000 -3.888988e-001
v -6.094745e-001 8.841172e+000 -4.072370e-001
v -6.300988e-001 8.785625e+000 -4.210177e-001
v -6.448768e-001 8.734766e+000 -4.308921e-001
v -6.547831e-001 8.690001e+000 -4.375112e-001
v -6.607917e-001 8.652735e+000 -4.415261e-001
v -6.638772e-001 8.624375e+000 -4.435877e-001
v -6.650140e-001 8.606329e+000 -4.443473e-001
v -6.651765e-001 8.600000e+000 -4.444558e-001
v -1.847759e-001 2.700000e+001 -7.653666e-002
v -1.847760e-001 2.640000e+001 -7.653665e-002
v -2.771639e-001 2.630000e+001 -1.148050e-001
v -2.771639e-001 2.610000e+001 -1.148050e-001
v -2.829430e-001 2.609583e+001 -1.171987e-001
v -2.988341e-001 2.608436e+001 -1.237810e-001
v -3.226674e-001 2.606717e+001 -1.336531e-001
v -3.522736e-001 2.604580e+001 -1.459164e-001
v -3.854832e-001 2.602184e+001 -1.596722e-001
v -4.201266e-001 2.599684e+001 -1.740220e-001
v -4.540343e-001 2.597237e+001 -1.880670e-001
v -4.850369e-001 2.595000e+001 -2.009087e-001
v -5.098932e-001 2.592383e+001 -2.112045e-001
v -5.323136e-001 2.588594e+001 -2.204913e-001
v -5.520272e-001 2.584102e+001 -2.286570e-001
v -5.687634e-001 2.579375e+001 -2.355894e-001
v -5.822517e-001 2.574883e+001 -2.411764e-001
v -5.922213e-001 2.571094e+001 -2.453059e-001
v -5.984016e-001 2.568477e+001 -2.478659e-001
v -6.005218e-001 2.567500e+001 -2.487441e-001
v -6.025068e-001 2.567449e+001 -2.495663e-001
v -6.077396e-001 2.567257e+001 -2.517338e-001
v -6.151379e-001 2.566868e+001 -2.547983e-001
v -6.236188e-001 2.566226e+001 -2.583112e-001
v -6.320997e-001 2.565275e+001 -2.618241e-001
v -6.394980e-001 2.563958e+001 -2.648886e-001
v -6.447309e-001 2.562218e+001 -2.670561e-001
v -6.467159e-001 2.560000e+001 -2.678783e-001
v -6.447309e-001 2.557668e+001 -2.670561e-001
v -6.394980e-001 2.555875e+001 -2.648886e-001
v -6.320997e-001 2.554551e+001 -2.618241e-001
v -6.236188e-001 2.553625e+001 -2.583112e-001
v -6.151379e-001 2.553028e+001 -2.547983e-001
v -6.077396e-001 2.552688e+001 -2.517338e-001
v -6.025068e-001 2.552535e+001 -2.495663e-001
v -6.005218e-001 2.552500e+001 -2.487441e-001
v -5.998325e-001 2.551720e+001 -2.484586e-001
v -5.970861e-001 2.549581e+001 -2.473210e-001
v -5.912650e-001 2.546383e+001 -2.449098e-001
v -5.813513e-001 2.542425e+001 -2.408034e-001
v -5.663275e-001 2.538008e+001 -2.345803e-001
v -5.451757e-001 2.533431e+001 -2.258190e-001
v -5.168782e-001 2.528996e+001 -2.140978e-001
v -4.804175e-001 2.525000e+001 -1.989953e-001
v -4.557585e-001 2.522928e+001 -1.887812e-001
v -4.282694e-001 2.520838e+001 -1.773948e-001
v -3.998357e-001 2.518821e+001 -1.656172e-001
v -3.723433e-001 2.516967e+001 -1.542295e-001
v -3.476778e-001 2.515368e+001 -1.440127e-001
v -3.277249e-001 2.514113e+001 -1.357479e-001
v -3.143703e-001 2.513293e+001 -1.302163e-001
v -3.094997e-001 2.513000e+001 -1.281988e-001
v -3.072622e-001 2.512301e+001 -1.272720e-001
v -3.019932e-001 2.510406e+001 -1.250895e-001
v -2.958581e-001 2.507621e+001 -1.225483e-001
v -2.910222e-001 2.504250e+001 -1.205452e-001
v -2.896508e-001 2.500598e+001 -1.199771e-001
v -2.939093e-001 2.496969e+001 -1.217411e-001
v -3.059630e-001 2.493668e+001 -1.267339e-001
v -3.279774e-001 2.491000e+001 -1.358525e-001
v -3.334882e-001 2.490507e+001 -1.381352e-001
v -3.388041e-001 2.489903e+001 -1.403371e-001
v -3.437302e-001 2.489154e+001 -1.423776e-001
v -3.480718e-001 2.488225e+001 -1.441759e-001
v -3.516338e-001 2.487080e+001 -1.456513e-001
v -3.542213e-001 2.485685e+001 -1.467231e-001
v -3.556396e-001 2.484003e+001 -1.473106e-001
v -3.556937e-001 2.482000e+001 -1.473330e-001
v -3.527525e-001 2.479857e+001 -1.461147e-001
v -3.462105e-001 2.478014e+001 -1.434049e-001
v -3.372984e-001 2.476465e+001 -1.397134e-001
v -3.272468e-001 2.475207e+001 -1.355499e-001
v -3.172866e-001 2.474235e+001 -1.314243e-001
v -3.086484e-001 2.473546e+001 -1.278462e-001
v -3.025630e-001 2.473136e+001 -1.253255e-001
v -3.002610e-001 2.473000e+001 -1.243720e-001
v -3.013761e-001 2.472690e+001 -1.248339e-001
v -3.043318e-001 2.471828e+001 -1.260582e-001
v -3.085434e-001 2.470522e+001 -1.278027e-001
v -3.134263e-001 2.468875e+001 -1.298252e-001
v -3.183957e-001 2.466994e+001 -1.318837e-001
v -3.228672e-001 2.464985e+001 -1.337358e-001
v -3.262559e-001 2.462951e+001 -1.351395e-001
v -3.279774e-001 2.461000e+001 -1.358525e-001
v -3.287061e-001 2.455630e+001 -1.361544e-001
v -3.263279e-001 2.451332e+001 -1.351693e-001
v -3.206422e-001 2.447837e+001 -1.328142e-001
v -3.114487e-001 2.444876e+001 -1.290061e-001
v -2.985471e-001 2.442181e+001 -1.236621e-001
v -2.817369e-001 2.439482e+001 -1.166991e-001
v -2.608178e-001 2.436512e+001 -1.080341e-001
v -2.355894e-001 2.433000e+001 -9.758417e-002
v -2.159065e-001 2.429891e+001 -8.943123e-002
v -2.021566e-001 2.426991e+001 -8.373584e-002
v -1.936901e-001 2.424264e+001 -8.022890e-002
v -1.898574e-001 2.421675e+001 -7.864136e-002
v -1.900090e-001 2.419190e+001 -7.870413e-002
v -1.934952e-001 2.416772e+001 -8.014817e-002
v -1.996664e-001 2.414387e+001 -8.270437e-002
v -2.078730e-001 2.412000e+001 -8.610366e-002
v -2.092882e-001 2.411213e+001 -8.668981e-002
v -2.108126e-001 2.409727e+001 -8.732128e-002
v -2.123546e-001 2.407788e+001 -8.795999e-002
v -2.138222e-001 2.405646e+001 -8.856790e-002
v -2.151237e-001 2.403548e+001 -8.910696e-002
v -2.161670e-001 2.401742e+001 -8.953911e-002
v -2.168603e-001 2.400477e+001 -8.982631e-002
v -2.171118e-001 2.400000e+001 -8.993050e-002
v -1.893955e-001 2.400000e+001 -7.845000e-002
v -2.171120e-001 1.949000e+001 -8.993038e-002
v -2.182474e-001 1.949047e+001 -9.040067e-002
v -2.218297e-001 1.949054e+001 -9.188449e-002
v -2.281230e-001 1.948819e+001 -9.449126e-002
v -2.373915e-001 1.948142e+001 -9.833038e-002
v -2.498992e-001 1.946823e+001 -1.035113e-001
v -2.659105e-001 1.944660e+001 -1.101433e-001
v -2.856894e-001 1.941453e+001 -1.183360e-001
v -3.095000e-001 1.937000e+001 -1.281987e-001
v -3.126830e-001 1.935552e+001 -1.295171e-001
v -3.141771e-001 1.933103e+001 -1.301360e-001
v -3.143720e-001 1.930022e+001 -1.302168e-001
v -3.136575e-001 1.926675e+001 -1.299208e-001
v -3.124232e-001 1.923432e+001 -1.294095e-001
v -3.110590e-001 1.920659e+001 -1.288445e-001
v -3.099547e-001 1.918726e+001 -1.283870e-001
v -3.095000e-001 1.918000e+001 -1.281987e-001
v -2.725448e-001 1.918000e+001 -1.128914e-001
v -2.729495e-001 1.916733e+001 -1.130590e-001
v -2.748395e-001 1.913261e+001 -1.138419e-001
v -2.792292e-001 1.908083e+001 -1.156601e-001
v -2.871329e-001 1.901696e+001 -1.189339e-001
v -2.995647e-001 1.894596e+001 -1.240833e-001
v -3.175389e-001 1.887283e+001 -1.315285e-001
v -3.420698e-001 1.880251e+001 -1.416895e-001
v -3.741716e-001 1.874000e+001 -1.549865e-001
v -4.432786e-001 1.860737e+001 -1.836116e-001
v -4.679744e-001 1.850397e+001 -1.938409e-001
v -4.591073e-001 1.842377e+001 -1.901680e-001
v -4.275258e-001 1.836075e+001 -1.770865e-001
v -3.840782e-001 1.830889e+001 -1.590899e-001
v -3.396128e-001 1.826216e+001 -1.406718e-001
v -3.049781e-001 1.821454e+001 -1.263256e-001
v -2.910224e-001 1.816000e+001 -1.205450e-001
v -2.956960e-001 1.810539e+001 -1.224808e-001
v -3.084896e-001 1.806063e+001 -1.277801e-001
v -3.275626e-001 1.802430e+001 -1.356804e-001
v -3.510746e-001 1.799500e+001 -1.454194e-001
v -3.771850e-001 1.797133e+001 -1.562347e-001
v -4.040534e-001 1.795188e+001 -1.673639e-001
v -4.298390e-001 1.793524e+001 -1.780447e-001
v -4.527014e-001 1.792000e+001 -1.875146e-001
v -4.717925e-001 1.789820e+001 -1.954224e-001
v -4.876356e-001 1.786563e+001 -2.019848e-001
v -5.004473e-001 1.782648e+001 -2.072915e-001
v -5.104439e-001 1.778500e+001 -2.114323e-001
v -5.178422e-001 1.774539e+001 -2.144967e-001
v -5.228586e-001 1.771188e+001 -2.165746e-001
v -5.257096e-001 1.768867e+001 -2.177555e-001
v -5.266118e-001 1.768000e+001 -2.181292e-001
v -5.223100e-001 1.768065e+001 -2.163474e-001
v -5.102130e-001 1.768106e+001 -2.113366e-001
v -4.915332e-001 1.767895e+001 -2.035992e-001
v -4.674835e-001 1.767200e+001 -1.936375e-001
v -4.392763e-001 1.765793e+001 -1.819537e-001
v -4.081242e-001 1.763444e+001 -1.690501e-001
v -3.752398e-001 1.759923e+001 -1.554289e-001
v -3.418358e-001 1.755000e+001 -1.415926e-001
v -3.222222e-001 1.751231e+001 -1.334683e-001
v -3.078544e-001 1.747692e+001 -1.275170e-001
v -2.979214e-001 1.744468e+001 -1.234026e-001
v -2.916127e-001 1.741643e+001 -1.207895e-001
v -2.881173e-001 1.739300e+001 -1.193416e-001
v -2.866244e-001 1.737522e+001 -1.187232e-001
v -2.863233e-001 1.736395e+001 -1.185985e-001
v -2.864031e-001 1.736000e+001 -1.186315e-001
v -2.920366e-001 1.735903e+001 -1.209650e-001
v -3.068728e-001 1.735525e+001 -1.271104e-001
v -3.278153e-001 1.734735e+001 -1.357850e-001
v -3.517676e-001 1.733400e+001 -1.457064e-001
v -3.756332e-001 1.731391e+001 -1.555919e-001
v -3.963159e-001 1.728575e+001 -1.641589e-001
v -4.107190e-001 1.724822e+001 -1.701249e-001
v -4.157462e-001 1.720000e+001 -1.722072e-001
v -4.147110e-001 1.715306e+001 -1.717784e-001
v -4.125989e-001 1.711683e+001 -1.709035e-001
v -4.088589e-001 1.708908e+001 -1.693544e-001
v -4.029399e-001 1.706760e+001 -1.669027e-001
v -3.942911e-001 1.705017e+001 -1.633202e-001
v -3.823614e-001 1.703457e+001 -1.583788e-001
v -3.665998e-001 1.701859e+001 -1.518501e-001
v -3.464553e-001 1.700000e+001 -1.435060e-001
v -3.232287e-001 1.696964e+001 -1.338852e-001
v -3.058746e-001 1.692978e+001 -1.266969e-001
v -2.935375e-001 1.688460e+001 -1.215867e-001
v -2.853619e-001 1.683828e+001 -1.182003e-001
v -2.804922e-001 1.679498e+001 -1.161832e-001
v -2.780730e-001 1.675889e+001 -1.151811e-001
v -2.772489e-001 1.673417e+001 -1.148397e-001
v -2.771643e-001 1.672500e+001 -1.148047e-001
v -2.540673e-001 1.672500e+001 -1.052376e-001
v -2.771645e-001 1.257500e+001 -1.148046e-001
v -3.695524e-001 1.257500e+001 -1.530729e-001
v -3.704005e-001 1.253018e+001 -1.534242e-001
v -3.728727e-001 1.240859e+001 -1.544482e-001
v -3.768604e-001 1.222959e+001 -1.561000e-001
v -3.822558e-001 1.201250e+001 -1.583348e-001
v -3.889503e-001 1.177666e+001 -1.611077e-001
v -3.968357e-001 1.154141e+001 -1.643740e-001
v -4.058039e-001 1.132607e+001 -1.680887e-001
v -4.157465e-001 1.115000e+001 -1.722071e-001
v -4.482519e-001 1.077964e+001 -1.856712e-001
v -4.869366e-001 1.048856e+001 -2.016949e-001
v -5.298415e-001 1.026145e+001 -2.194667e-001
v -5.750075e-001 1.008302e+001 -2.381751e-001
v -6.204758e-001 9.937965e+000 -2.570086e-001
v -6.642874e-001 9.810977e+000 -2.751560e-001
v -7.044833e-001 9.686756e+000 -2.918056e-001
v -7.391044e-001 9.550000e+000 -3.061462e-001
v -7.481521e-001 9.468824e+000 -3.098938e-001
v -7.437966e-001 9.388821e+000 -3.080897e-001
v -7.297971e-001 9.312965e+000 -3.022909e-001
v -7.099130e-001 9.244231e+000 -2.940546e-001
v -6.879035e-001 9.185591e+000 -2.849380e-001
v -6.675280e-001 9.140024e+000 -2.764982e-001
v -6.525459e-001 9.110502e+000 -2.702924e-001
v -6.467165e-001 9.100000e+000 -2.678778e-001
v -6.429272e-001 9.097969e+000 -2.663082e-001
v -6.337245e-001 9.091250e+000 -2.624963e-001
v -6.223564e-001 9.078907e+000 -2.577876e-001
v -6.120710e-001 9.060000e+000 -2.535272e-001
v -6.061163e-001 9.033594e+000 -2.510607e-001
v -6.077403e-001 8.998751e+000 -2.517334e-001
v -6.201911e-001 8.954532e+000 -2.568906e-001
v -6.467165e-001 8.900001e+000 -2.678778e-001
v -6.772118e-001 8.841172e+000 -2.805094e-001
v -7.001283e-001 8.785625e+000 -2.900017e-001
v -7.165488e-001 8.734766e+000 -2.968033e-001
v -7.275559e-001 8.690001e+000 -3.013626e-001
v -7.342325e-001 8.652735e+000 -3.041281e-001
v -7.376609e-001 8.624375e+000 -3.055482e-001
v -7.389240e-001 8.606329e+000 -3.060714e-001
v -7.391044e-001 8.600000e+000 -3.061461e-001
v -1.961571e-001 2.700000e+001 -3.901806e-002
v -1.961571e-001 2.640000e+001 -3.901804e-002
v -2.942356e-001 2.630000e+001 -5.852707e-002
v -2.942356e-001 2.610000e+001 -5.852706e-002
v -3.003707e-001 2.609583e+001 -5.974740e-002
v -3.172405e-001 2.608436e+001 -6.310302e-002
v -3.425419e-001 2.606717e+001 -6.813578e-002
v -3.739717e-001 2.604580e+001 -7.438754e-002
v -4.092268e-001 2.602184e+001 -8.140021e-002
v -4.460040e-001 2.599684e+001 -8.871566e-002
v -4.820002e-001 2.597237e+001 -9.587575e-002
v -5.149124e-001 2.595000e+001 -1.024224e-001
v -5.412997e-001 2.592383e+001 -1.076711e-001
v -5.651010e-001 2.588594e+001 -1.124055e-001
v -5.860289e-001 2.584102e+001 -1.165683e-001
v -6.037961e-001 2.579375e+001 -1.201024e-001
v -6.181151e-001 2.574883e+001 -1.229507e-001
v -6.286988e-001 2.571094e+001 -1.250559e-001
v -6.352597e-001 2.568477e+001 -1.263609e-001
v -6.375105e-001 2.567500e+001 -1.268087e-001
v -6.396177e-001 2.567449e+001 -1.272278e-001
v -6.451730e-001 2.567257e+001 -1.283328e-001
v -6.530269e-001 2.566868e+001 -1.298950e-001
v -6.620302e-001 2.566226e+001 -1.316859e-001
v -6.710335e-001 2.565275e+001 -1.334768e-001
v -6.788874e-001 2.563958e+001 -1.350390e-001
v -6.844426e-001 2.562218e+001 -1.361440e-001
v -6.865498e-001 2.560000e+001 -1.365632e-001
v -6.844426e-001 2.557668e+001 -1.361440e-001
v -6.788874e-001 2.555875e+001 -1.350390e-001
v -6.710335e-001 2.554551e+001 -1.334768e-001
v -6.620302e-001 2.553625e+001 -1.316859e-001
v -6.530269e-001 2.553028e+001 -1.298950e-001
v -6.451730e-001 2.552688e+001 -1.283328e-001
v -6.396177e-001 2.552535e+001 -1.272278e-001
v -6.375105e-001 2.552500e+001 -1.268087e-001
v -6.367788e-001 2.551720e+001 -1.266631e-001
v -6.338633e-001 2.549581e+001 -1.260832e-001
v -6.276836e-001 2.546383e+001 -1.248539e-001
v -6.171592e-001 2.542425e+001 -1.227605e-001
v -6.012100e-001 2.538008e+001 -1.195880e-001
v -5.787554e-001 2.533431e+001 -1.151215e-001
v -5.487150e-001 2.528996e+001 -1.091461e-001
v -5.100085e-001 2.525000e+001 -1.014469e-001
v -4.838306e-001 2.522928e+001 -9.623981e-002
v -4.546483e-001 2.520838e+001 -9.043509e-002
v -4.244633e-001 2.518821e+001 -8.443091e-002
v -3.952775e-001 2.516967e+001 -7.862550e-002
v -3.690927e-001 2.515368e+001 -7.341702e-002
v -3.479109e-001 2.514113e+001 -6.920368e-002
v -3.337337e-001 2.513293e+001 -6.638367e-002
v -3.285632e-001 2.513000e+001 -6.535518e-002
v -3.261878e-001 2.512301e+001 -6.488270e-002
v -3.205943e-001 2.510406e+001 -6.377008e-002
v -3.140813e-001 2.507621e+001 -6.247456e-002
v -3.089474e-001 2.504250e+001 -6.145338e-002
v -3.074916e-001 2.500598e+001 -6.116379e-002
v -3.120124e-001 2.496969e+001 -6.206303e-002
v -3.248086e-001 2.493668e+001 -6.460835e-002
v -3.481789e-001 2.491000e+001 -6.925699e-002
v -3.540291e-001 2.490507e+001 -7.042067e-002
v -3.596725e-001 2.489903e+001 -7.154320e-002
v -3.649020e-001 2.489154e+001 -7.258343e-002
v -3.695110e-001 2.488225e+001 -7.350020e-002
v -3.732924e-001 2.487080e+001 -7.425237e-002
v -3.760393e-001 2.485685e+001 -7.479877e-002
v -3.775450e-001 2.484003e+001 -7.509827e-002
v -3.776025e-001 2.482000e+001 -7.510970e-002
v -3.744801e-001 2.479857e+001 -7.448861e-002
v -3.675351e-001 2.478014e+001 -7.310717e-002
v -3.580740e-001 2.476465e+001 -7.122524e-002
v -3.474033e-001 2.475207e+001 -6.910272e-002
v -3.368296e-001 2.474235e+001 -6.699948e-002
v -3.276594e-001 2.473546e+001 -6.517539e-002
v -3.211991e-001 2.473136e+001 -6.389037e-002
v -3.187553e-001 2.473000e+001 -6.340427e-002
v -3.199392e-001 2.472690e+001 -6.363975e-002
v -3.230769e-001 2.471828e+001 -6.426389e-002
v -3.275479e-001 2.470522e+001 -6.515323e-002
v -3.327315e-001 2.468875e+001 -6.618430e-002
v -3.380071e-001 2.466994e+001 -6.723368e-002
v -3.427539e-001 2.464985e+001 -6.817789e-002
v -3.463514e-001 2.462951e+001 -6.889347e-002
v -3.481789e-001 2.461000e+001 -6.925698e-002
v -3.489526e-001 2.455630e+001 -6.941086e-002
v -3.464278e-001 2.451332e+001 -6.890865e-002
v -3.403919e-001 2.447837e+001 -6.770805e-002
v -3.306322e-001 2.444876e+001 -6.576671e-002
v -3.169359e-001 2.442181e+001 -6.304234e-002
v -2.990903e-001 2.439482e+001 -5.949263e-002
v -2.768827e-001 2.436512e+001 -5.507527e-002
v -2.501004e-001 2.433000e+001 -4.974794e-002
v -2.292051e-001 2.429891e+001 -4.559160e-002
v -2.146083e-001 2.426991e+001 -4.268812e-002
v -2.056203e-001 2.424264e+001 -4.090029e-002
v -2.015516e-001 2.421675e+001 -4.009097e-002
v -2.017125e-001 2.419190e+001 -4.012297e-002
v -2.054134e-001 2.416772e+001 -4.085914e-002
v -2.119647e-001 2.414387e+001 -4.216227e-002
v -2.206768e-001 2.412000e+001 -4.389522e-002
v -2.221791e-001 2.411213e+001 -4.419404e-002
v -2.237975e-001 2.409727e+001 -4.451596e-002
v -2.254344e-001 2.407788e+001 -4.484157e-002
v -2.269925e-001 2.405646e+001 -4.515148e-002
v -2.283740e-001 2.403548e+001 -4.542629e-002
v -2.294816e-001 2.401742e+001 -4.564660e-002
v -2.302177e-001 2.400477e+001 -4.579300e-002
v -2.304847e-001 2.400000e+001 -4.584612e-002
v -2.010611e-001 2.400000e+001 -3.999341e-002
v -2.304849e-001 1.949000e+001 -4.584596e-002
v -2.316902e-001 1.949047e+001 -4.608572e-002
v -2.354931e-001 1.949054e+001 -4.684216e-002
v -2.421741e-001 1.948819e+001 -4.817108e-002
v -2.520134e-001 1.948142e+001 -5.012825e-002
v -2.652916e-001 1.946823e+001 -5.276944e-002
v -2.822891e-001 1.944660e+001 -5.615045e-002
v -3.032862e-001 1.941453e+001 -6.032703e-002
v -3.285634e-001 1.937000e+001 -6.535498e-002
v -3.319425e-001 1.935552e+001 -6.602713e-002
v -3.335286e-001 1.933103e+001 -6.634263e-002
v -3.337355e-001 1.930022e+001 -6.638379e-002
v -3.329769e-001 1.926675e+001 -6.623289e-002
v -3.316667e-001 1.923432e+001 -6.597226e-002
v -3.302185e-001 1.920659e+001 -6.568419e-002
v -3.290462e-001 1.918726e+001 -6.545100e-002
v -3.285634e-001 1.918000e+001 -6.535497e-002
v -2.893320e-001 1.918000e+001 -5.755137e-002
v -2.897615e-001 1.916733e+001 -5.763680e-002
v -2.917680e-001 1.913261e+001 -5.803593e-002
v -2.964281e-001 1.908083e+001 -5.896287e-002
v -3.048186e-001 1.901696e+001 -6.063183e-002
v -3.180161e-001 1.894596e+001 -6.325699e-002
v -3.370975e-001 1.887283e+001 -6.705249e-002
v -3.631393e-001 1.880251e+001 -7.223253e-002
v -3.972184e-001 1.874000e+001 -7.901129e-002
v -4.705821e-001 1.860737e+001 -9.360421e-002
v -4.967989e-001 1.850397e+001 -9.881908e-002
v -4.873857e-001 1.842377e+001 -9.694666e-002
v -4.538589e-001 1.836075e+001 -9.027777e-002
v -4.077352e-001 1.830889e+001 -8.110318e-002
v -3.605310e-001 1.826216e+001 -7.171368e-002
v -3.237630e-001 1.821454e+001 -6.440008e-002
v -3.089477e-001 1.816000e+001 -6.145313e-002
v -3.139091e-001 1.810539e+001 -6.244002e-002
v -3.274907e-001 1.806063e+001 -6.514156e-002
v -3.477386e-001 1.802430e+001 -6.916911e-002
v -3.726988e-001 1.799500e+001 -7.413400e-002
v -4.004175e-001 1.797133e+001 -7.964759e-002
v -4.289407e-001 1.795188e+001 -8.532121e-002
v -4.563146e-001 1.793524e+001 -9.076621e-002
v -4.805852e-001 1.792000e+001 -9.559394e-002
v -5.008522e-001 1.789820e+001 -9.962530e-002
v -5.176712e-001 1.786563e+001 -1.029708e-001
v -5.312719e-001 1.782648e+001 -1.056761e-001
v -5.418843e-001 1.778500e+001 -1.077871e-001
v -5.497382e-001 1.774539e+001 -1.093493e-001
v -5.550636e-001 1.771188e+001 -1.104086e-001
v -5.580903e-001 1.768867e+001 -1.110106e-001
v -5.590481e-001 1.768000e+001 -1.112012e-001
v -5.544813e-001 1.768065e+001 -1.102928e-001
v -5.416391e-001 1.768106e+001 -1.077383e-001
v -5.218089e-001 1.767895e+001 -1.037938e-001
v -4.962778e-001 1.767200e+001 -9.871537e-002
v -4.663332e-001 1.765793e+001 -9.275901e-002
v -4.332623e-001 1.763444e+001 -8.618081e-002
v -3.983525e-001 1.759923e+001 -7.923682e-002
v -3.628910e-001 1.755000e+001 -7.218309e-002
v -3.420693e-001 1.751231e+001 -6.804139e-002
v -3.268164e-001 1.747692e+001 -6.500740e-002
v -3.162717e-001 1.744468e+001 -6.290993e-002
v -3.095744e-001 1.741643e+001 -6.157774e-002
v -3.058636e-001 1.739300e+001 -6.083964e-002
v -3.042788e-001 1.737522e+001 -6.052439e-002
v -3.039592e-001 1.736395e+001 -6.046081e-002
v -3.040438e-001 1.736000e+001 -6.047766e-002
v -3.100244e-001 1.735903e+001 -6.166725e-002
v -3.257744e-001 1.735525e+001 -6.480013e-002
v -3.480068e-001 1.734735e+001 -6.922243e-002
v -3.734344e-001 1.733400e+001 -7.428030e-002
v -3.987701e-001 1.731391e+001 -7.931987e-002
v -4.207267e-001 1.728575e+001 -8.368730e-002
v -4.360170e-001 1.724822e+001 -8.672874e-002
v -4.413538e-001 1.720000e+001 -8.779030e-002
v -4.402548e-001 1.715306e+001 -8.757169e-002
v -4.380126e-001 1.711683e+001 -8.712568e-002
v -4.340422e-001 1.708908e+001 -8.633593e-002
v -4.277587e-001 1.706760e+001 -8.508606e-002
v -4.185771e-001 1.705017e+001 -8.325973e-002
v -4.059126e-001 1.703457e+001 -8.074060e-002
v -3.891802e-001 1.701859e+001 -7.741232e-002
v -3.677949e-001 1.700000e+001 -7.315852e-002
v -3.431378e-001 1.696964e+001 -6.825391e-002
v -3.247148e-001 1.692978e+001 -6.458934e-002
v -3.116177e-001 1.688460e+001 -6.198417e-002
v -3.029385e-001 1.683828e+001 -6.025777e-002
v -2.977689e-001 1.679498e+001 -5.922947e-002
v -2.952007e-001 1.675889e+001 -5.871863e-002
v -2.943258e-001 1.673417e+001 -5.854459e-002
v -2.942360e-001 1.672500e+001 -5.852673e-002
v -2.697164e-001 1.672500e+001 -5.364947e-002
v -2.942362e-001 1.257500e+001 -5.852658e-002
v -3.923147e-001 1.257500e+001 -7.803561e-002
v -3.932151e-001 1.253018e+001 -7.821470e-002
v -3.958394e-001 1.240859e+001 -7.873672e-002
v -4.000729e-001 1.222959e+001 -7.957879e-002
v -4.058005e-001 1.201250e+001 -8.071808e-002
v -4.129074e-001 1.177666e+001 -8.213171e-002
v -4.212786e-001 1.154141e+001 -8.379683e-002
v -4.307991e-001 1.132607e+001 -8.569057e-002
v -4.413541e-001 1.115000e+001 -8.779008e-002
v -4.758617e-001 1.077964e+001 -9.465406e-002
v -5.169291e-001 1.048856e+001 -1.028228e-001
v -5.624766e-001 1.026145e+001 -1.118828e-001
v -6.104246e-001 1.008302e+001 -1.214203e-001
v -6.586936e-001 9.937965e+000 -1.310215e-001
v -7.052037e-001 9.810977e+000 -1.402730e-001
v -7.478754e-001 9.686756e+000 -1.487609e-001
v -7.846290e-001 9.550000e+000 -1.560716e-001
v -7.942340e-001 9.468824e+000 -1.579822e-001
v -7.896102e-001 9.388821e+000 -1.570625e-001
v -7.747484e-001 9.312965e+000 -1.541063e-001
v -7.536395e-001 9.244231e+000 -1.499074e-001
v -7.302744e-001 9.185591e+000 -1.452598e-001
v -7.086440e-001 9.140024e+000 -1.409573e-001
v -6.927390e-001 9.110502e+000 -1.377936e-001
v -6.865505e-001 9.100000e+000 -1.365626e-001
v -6.825278e-001 9.097969e+000 -1.357624e-001
v -6.727582e-001 9.091250e+000 -1.338191e-001
v -6.606899e-001 9.078907e+000 -1.314186e-001
v -6.497711e-001 9.060000e+000 -1.292467e-001
v -6.434496e-001 9.033594e+000 -1.279893e-001
v -6.451737e-001 8.998751e+000 -1.283322e-001
v -6.583912e-001 8.954532e+000 -1.309614e-001
v -6.865505e-001 8.900001e+000 -1.365626e-001
v -7.189241e-001 8.841172e+000 -1.430021e-001
v -7.432522e-001 8.785625e+000 -1.478412e-001
v -7.606841e-001 8.734766e+000 -1.513087e-001
v -7.723693e-001 8.690001e+000 -1.536330e-001
v -7.794570e-001 8.652735e+000 -1.550428e-001
v -7.830966e-001 8.624375e+000 -1.557668e-001
v -7.844375e-001 8.606329e+000 -1.560335e-001
v -7.846290e-001 8.600000e+000 -1.560716e-001
v -2.000000e-001 2.700000e+001 1.748456e-008
v -2.000000e-001 2.640000e+001 4.371140e-008
v -3.000000e-001 2.630000e+001 5.682481e-008
v -3.000000e-001 2.610000e+001 6.556709e-008
v -3.062553e-001 2.609583e+001 6.629622e-008
v -3.234556e-001 2.608436e+001 6.830114e-008
v -3.492527e-001 2.606717e+001 7.130815e-008
v -3.812982e-001 2.604580e+001 7.504347e-008
v -4.172440e-001 2.602184e+001 7.923345e-008
v -4.547417e-001 2.599684e+001 8.360433e-008
v -4.914432e-001 2.597237e+001 8.788240e-008
v -5.250001e-001 2.595000e+001 9.179392e-008
v -5.519044e-001 2.592383e+001 9.528998e-008
v -5.761719e-001 2.588594e+001 9.906777e-008
v -5.975099e-001 2.584102e+001 1.028968e-007
v -6.156251e-001 2.579375e+001 1.065465e-007
v -6.302247e-001 2.574883e+001 1.097865e-007
v -6.410157e-001 2.571094e+001 1.123861e-007
v -6.477052e-001 2.568477e+001 1.141149e-007
v -6.500001e-001 2.567500e+001 1.147424e-007
v -6.521485e-001 2.567449e+001 1.149527e-007
v -6.578126e-001 2.567257e+001 1.155317e-007
v -6.658204e-001 2.566868e+001 1.164017e-007
v -6.750001e-001 2.566226e+001 1.174848e-007
v -6.841798e-001 2.565275e+001 1.187031e-007
v -6.921876e-001 2.563958e+001 1.199790e-007
v -6.978517e-001 2.562218e+001 1.212345e-007
v -7.000001e-001 2.560000e+001 1.223919e-007
v -6.978517e-001 2.557668e+001 1.232234e-007
v -6.921876e-001 2.555875e+001 1.235120e-007
v -6.841798e-001 2.554551e+001 1.233908e-007
v -6.750001e-001 2.553625e+001 1.229929e-007
v -6.658204e-001 2.553028e+001 1.224517e-007
v -6.578126e-001 2.552688e+001 1.219001e-007
v -6.521485e-001 2.552535e+001 1.214716e-007
v -6.500001e-001 2.552500e+001 1.212991e-007
v -6.492540e-001 2.551720e+001 1.215747e-007
v -6.462814e-001 2.549581e+001 1.222498e-007
v -6.399806e-001 2.546383e+001 1.230971e-007
v -6.292501e-001 2.542425e+001 1.238890e-007
v -6.129884e-001 2.538008e+001 1.243982e-007
v -5.900939e-001 2.533431e+001 1.243972e-007
v -5.594649e-001 2.528996e+001 1.236585e-007
v -5.200002e-001 2.525000e+001 1.219548e-007
v -4.933094e-001 2.522928e+001 1.205272e-007
v -4.635554e-001 2.520838e+001 1.188395e-007
v -4.327790e-001 2.518821e+001 1.170307e-007
v -4.030215e-001 2.516967e+001 1.152395e-007
v -3.763237e-001 2.515368e+001 1.136047e-007
v -3.547268e-001 2.514113e+001 1.122651e-007
v -3.402719e-001 2.513293e+001 1.113596e-007
v -3.350001e-001 2.513000e+001 1.110269e-007
v -3.325782e-001 2.512301e+001 1.111208e-007
v -3.268751e-001 2.510406e+001 1.114504e-007
v -3.202344e-001 2.507621e+001 1.120873e-007
v -3.150001e-001 2.504250e+001 1.131032e-007
v -3.135157e-001 2.500598e+001 1.145700e-007
v -3.181251e-001 2.496969e+001 1.165592e-007
v -3.311720e-001 2.493668e+001 1.191426e-007
v -3.550001e-001 2.491000e+001 1.223919e-007
v -3.609650e-001 2.490507e+001 1.231290e-007
v -3.667189e-001 2.489903e+001 1.238959e-007
v -3.720509e-001 2.489154e+001 1.246893e-007
v -3.767501e-001 2.488225e+001 1.255063e-007
v -3.806056e-001 2.487080e+001 1.263438e-007
v -3.834064e-001 2.485685e+001 1.271988e-007
v -3.849415e-001 2.484003e+001 1.280681e-007
v -3.850001e-001 2.482000e+001 1.289486e-007
v -3.818166e-001 2.479857e+001 1.296068e-007
v -3.747355e-001 2.478014e+001 1.297936e-007
v -3.650891e-001 2.476465e+001 1.296274e-007
v -3.542094e-001 2.475207e+001 1.292262e-007
v -3.434285e-001 2.474235e+001 1.287084e-007
v -3.340786e-001 2.473546e+001 1.281922e-007
v -3.274917e-001 2.473136e+001 1.277957e-007
v -3.250001e-001 2.473000e+001 1.276373e-007
v -3.262071e-001 2.472690e+001 1.278785e-007
v -3.294064e-001 2.471828e+001 1.285347e-007
v -3.339649e-001 2.470522e+001 1.295044e-007
v -3.392501e-001 2.468875e+001 1.306861e-007
v -3.446290e-001 2.466994e+001 1.319785e-007
v -3.494689e-001 2.464985e+001 1.332801e-007
v -3.531368e-001 2.462951e+001 1.344895e-007
v -3.550001e-001 2.461000e+001 1.355053e-007
v -3.557889e-001 2.455630e+001 1.379215e-007
v -3.532147e-001 2.451332e+001 1.395751e-007
v -3.470605e-001 2.447837e+001 1.405649e-007
v -3.371096e-001 2.444876e+001 1.409892e-007
v -3.231450e-001 2.442181e+001 1.409465e-007
v -3.049498e-001 2.439482e+001 1.405355e-007
v -2.823071e-001 2.436512e+001 1.398545e-007
v -2.550001e-001 2.433000e+001 1.390022e-007
v -2.336955e-001 2.429891e+001 1.384987e-007
v -2.188127e-001 2.426991e+001 1.384654e-007
v -2.096486e-001 2.424264e+001 1.388563e-007
v -2.055002e-001 2.421675e+001 1.396251e-007
v -2.056642e-001 2.419190e+001 1.407259e-007
v -2.094377e-001 2.416772e+001 1.421126e-007
v -2.161173e-001 2.414387e+001 1.437389e-007
v -2.250001e-001 2.412000e+001 1.455589e-007
v -2.265318e-001 2.411213e+001 1.460368e-007
v -2.281819e-001 2.409727e+001 1.468309e-007
v -2.298509e-001 2.407788e+001 1.478242e-007
v -2.314395e-001 2.405646e+001 1.488994e-007
v -2.328481e-001 2.403548e+001 1.499396e-007
v -2.339774e-001 2.401742e+001 1.508276e-007
v -2.347279e-001 2.400477e+001 1.514463e-007
v -2.350001e-001 2.400000e+001 1.516785e-007
v -2.050001e-001 2.400000e+001 1.490559e-007
v -2.350003e-001 1.949000e+001 3.488169e-007
v -2.362293e-001 1.949047e+001 3.489039e-007
v -2.401067e-001 1.949054e+001 3.492400e-007
v -2.469185e-001 1.948819e+001 3.499380e-007
v -2.569506e-001 1.948142e+001 3.511107e-007
v -2.704890e-001 1.946823e+001 3.528710e-007
v -2.878194e-001 1.944660e+001 3.553315e-007
v -3.092279e-001 1.941453e+001 3.586051e-007
v -3.350003e-001 1.937000e+001 3.628046e-007
v -3.384456e-001 1.935552e+001 3.637387e-007
v -3.400629e-001 1.933103e+001 3.649505e-007
v -3.402738e-001 1.930022e+001 3.663160e-007
v -3.395003e-001 1.926675e+001 3.677112e-007
v -3.381644e-001 1.923432e+001 3.690121e-007
v -3.366879e-001 1.920659e+001 3.700948e-007
v -3.354926e-001 1.918726e+001 3.708353e-007
v -3.350004e-001 1.918000e+001 3.711097e-007
v -2.950003e-001 1.918000e+001 3.676128e-007
v -2.954383e-001 1.916733e+001 3.682052e-007
v -2.974841e-001 1.913261e+001 3.699016e-007
v -3.022355e-001 1.908083e+001 3.725803e-007
v -3.107903e-001 1.901696e+001 3.761202e-007
v -3.242464e-001 1.894596e+001 3.803997e-007
v -3.437016e-001 1.887283e+001 3.852975e-007
v -3.702536e-001 1.880251e+001 3.906922e-007
v -4.050004e-001 1.874000e+001 3.964624e-007
v -4.798013e-001 1.860737e+001 4.087991e-007
v -5.065318e-001 1.850397e+001 4.156557e-007
v -4.969342e-001 1.842377e+001 4.183223e-007
v -4.627505e-001 1.836075e+001 4.180886e-007
v -4.157232e-001 1.830889e+001 4.162443e-007
v -3.675942e-001 1.826216e+001 4.140794e-007
v -3.301058e-001 1.821454e+001 4.128837e-007
v -3.150004e-001 1.816000e+001 4.139469e-007
v -3.200590e-001 1.810539e+001 4.167762e-007
v -3.339066e-001 1.806063e+001 4.199435e-007
v -3.545512e-001 1.802430e+001 4.233363e-007
v -3.800004e-001 1.799500e+001 4.268418e-007
v -4.082621e-001 1.797133e+001 4.303472e-007
v -4.373442e-001 1.795188e+001 4.337400e-007
v -4.652543e-001 1.793524e+001 4.369073e-007
v -4.900004e-001 1.792000e+001 4.397366e-007
v -5.106645e-001 1.789820e+001 4.424959e-007
v -5.278130e-001 1.786563e+001 4.454191e-007
v -5.416802e-001 1.782648e+001 4.483423e-007
v -5.525004e-001 1.778500e+001 4.511016e-007
v -5.605083e-001 1.774539e+001 4.535330e-007
v -5.659379e-001 1.771188e+001 4.554727e-007
v -5.690239e-001 1.768867e+001 4.567567e-007
v -5.700005e-001 1.768000e+001 4.572212e-007
v -5.653442e-001 1.768065e+001 4.567858e-007
v -5.522504e-001 1.768106e+001 4.556230e-007
v -5.320317e-001 1.767895e+001 4.539480e-007
v -5.060004e-001 1.767200e+001 4.519758e-007
v -4.754692e-001 1.765793e+001 4.499217e-007
v -4.417504e-001 1.763444e+001 4.480008e-007
v -4.061567e-001 1.759923e+001 4.464282e-007
v -3.700004e-001 1.755000e+001 4.454191e-007
v -3.487708e-001 1.751231e+001 4.452109e-007
v -3.332191e-001 1.747692e+001 4.453981e-007
v -3.224678e-001 1.744468e+001 4.458673e-007
v -3.156393e-001 1.741643e+001 4.465053e-007
v -3.118559e-001 1.739300e+001 4.471988e-007
v -3.102400e-001 1.737522e+001 4.478344e-007
v -3.099141e-001 1.736395e+001 4.482989e-007
v -3.100004e-001 1.736000e+001 4.484789e-007
v -3.160981e-001 1.735903e+001 4.490543e-007
v -3.321567e-001 1.735525e+001 4.506235e-007
v -3.548246e-001 1.734735e+001 4.529508e-007
v -3.807504e-001 1.733400e+001 4.558005e-007
v -4.065824e-001 1.731391e+001 4.589372e-007
v -4.289692e-001 1.728575e+001 4.621251e-007
v -4.445590e-001 1.724822e+001 4.651285e-007
v -4.500004e-001 1.720000e+001 4.677119e-007
v -4.488799e-001 1.715306e+001 4.696657e-007
v -4.465938e-001 1.711683e+001 4.710496e-007
v -4.425456e-001 1.708908e+001 4.719087e-007
v -4.361390e-001 1.706760e+001 4.722876e-007
v -4.267775e-001 1.705017e+001 4.722312e-007
v -4.138649e-001 1.703457e+001 4.717841e-007
v -3.968047e-001 1.701859e+001 4.709913e-007
v -3.750004e-001 1.700000e+001 4.698975e-007
v -3.498603e-001 1.696964e+001 4.690268e-007
v -3.310763e-001 1.692978e+001 4.691269e-007
v -3.177227e-001 1.688460e+001 4.699343e-007
v -3.088734e-001 1.683828e+001 4.711856e-007
v -3.036025e-001 1.679498e+001 4.726174e-007
v -3.009841e-001 1.675889e+001 4.739662e-007
v -3.000920e-001 1.673417e+001 4.749687e-007
v -3.000004e-001 1.672500e+001 4.753614e-007
v -2.750005e-001 1.672500e+001 4.731758e-007
v -3.000006e-001 1.257500e+001 6.567636e-007
v -4.000006e-001 1.257500e+001 6.655060e-007
v -4.009186e-001 1.253018e+001 6.675455e-007
v -4.035944e-001 1.240859e+001 6.730940e-007
v -4.079108e-001 1.222959e+001 6.812958e-007
v -4.137506e-001 1.201250e+001 6.912957e-007
v -4.209967e-001 1.177666e+001 7.022380e-007
v -4.295319e-001 1.154141e+001 7.132675e-007
v -4.392389e-001 1.132607e+001 7.235286e-007
v -4.500007e-001 1.115000e+001 7.321659e-007
v -4.851843e-001 1.077964e+001 7.514307e-007
v -5.270563e-001 1.048856e+001 7.678148e-007
v -5.734962e-001 1.026145e+001 7.818018e-007
v -6.223836e-001 1.008302e+001 7.938751e-007
v -6.715981e-001 9.937965e+000 8.045183e-007
v -7.190195e-001 9.810977e+000 8.142148e-007
v -7.625271e-001 9.686756e+000 8.234482e-007
v -8.000008e-001 9.550000e+000 8.327021e-007
v -8.097940e-001 9.468824e+000 8.371065e-007
v -8.050796e-001 9.388821e+000 8.401914e-007
v -7.899266e-001 9.312965e+000 8.421825e-007
v -7.684041e-001 9.244231e+000 8.433054e-007
v -7.445813e-001 9.185591e+000 8.437860e-007
v -7.225271e-001 9.140024e+000 8.438497e-007
v -7.063105e-001 9.110502e+000 8.437225e-007
v -7.000008e-001 9.100000e+000 8.436299e-007
v -6.958992e-001 9.097969e+000 8.433601e-007
v -6.859383e-001 9.091250e+000 8.427830e-007
v -6.736336e-001 9.078907e+000 8.422468e-007
v -6.625008e-001 9.060000e+000 8.421000e-007
v -6.560555e-001 9.033594e+000 8.426907e-007
v -6.578133e-001 8.998751e+000 8.443675e-007
v -6.712899e-001 8.954532e+000 8.474785e-007
v -7.000008e-001 8.900001e+000 8.523722e-007
v -7.330086e-001 8.841172e+000 8.578293e-007
v -7.578133e-001 8.785625e+000 8.624258e-007
v -7.755868e-001 8.734766e+000 8.662028e-007
v -7.875009e-001 8.690001e+000 8.692011e-007
v -7.947274e-001 8.652735e+000 8.714617e-007
v -7.984383e-001 8.624375e+000 8.730258e-007
v -7.998055e-001 8.606329e+000 8.739342e-007
v -8.000008e-001 8.600000e+000 8.742279e-007
v -1.961571e-001 2.700000e+001 3.901810e-002
v -1.961571e-001 2.640000e+001 3.901813e-002
v -2.942356e-001 2.630000e+001 5.852719e-002
v -2.942356e-001 2.610000e+001 5.852719e-002
v -3.003707e-001 2.609583e+001 5.974753e-002
v -3.172405e-001 2.608436e+001 6.310315e-002
v -3.425418e-001 2.606717e+001 6.813591e-002
v -3.739717e-001 2.604580e+001 7.438769e-002
v -4.092267e-001 2.602184e+001 8.140038e-002
v -4.460039e-001 2.599684e+001 8.871583e-002
v -4.820002e-001 2.597237e+001 9.587593e-002
v -5.149123e-001 2.595000e+001 1.024226e-001
v -5.412997e-001 2.592383e+001 1.076713e-001
v -5.651010e-001 2.588594e+001 1.124057e-001
v -5.860288e-001 2.584102e+001 1.165685e-001
v -6.037960e-001 2.579375e+001 1.201027e-001
v -6.181151e-001 2.574883e+001 1.229509e-001
v -6.286988e-001 2.571094e+001 1.250561e-001
v -6.352597e-001 2.568477e+001 1.263612e-001
v -6.375105e-001 2.567500e+001 1.268089e-001
v -6.396176e-001 2.567449e+001 1.272280e-001
v -6.451729e-001 2.567257e+001 1.283330e-001
v -6.530268e-001 2.566868e+001 1.298953e-001
v -6.620301e-001 2.566226e+001 1.316862e-001
v -6.710334e-001 2.565275e+001 1.334770e-001
v -6.788874e-001 2.563958e+001 1.350393e-001
v -6.844426e-001 2.562218e+001 1.361443e-001
v -6.865498e-001 2.560000e+001 1.365634e-001
v -6.844426e-001 2.557668e+001 1.361443e-001
v -6.788874e-001 2.555875e+001 1.350393e-001
v -6.710334e-001 2.554551e+001 1.334770e-001
v -6.620301e-001 2.553625e+001 1.316862e-001
v -6.530268e-001 2.553028e+001 1.298953e-001
v -6.451729e-001 2.552688e+001 1.283330e-001
v -6.396176e-001 2.552535e+001 1.272280e-001
v -6.375105e-001 2.552500e+001 1.268089e-001
v -6.367787e-001 2.551720e+001 1.266633e-001
v -6.338632e-001 2.549581e+001 1.260834e-001
v -6.276835e-001 2.546383e+001 1.248542e-001
v -6.171592e-001 2.542425e+001 1.227608e-001
v -6.012099e-001 2.538008e+001 1.195883e-001
v -5.787553e-001 2.533431e+001 1.151218e-001
v -5.487149e-001 2.528996e+001 1.091464e-001
v -5.100085e-001 2.525000e+001 1.014472e-001
v -4.838306e-001 2.522928e+001 9.624005e-002
v -4.546483e-001 2.520838e+001 9.043532e-002
v -4.244633e-001 2.518821e+001 8.443114e-002
v -3.952775e-001 2.516967e+001 7.862573e-002
v -3.690927e-001 2.515368e+001 7.341725e-002
v -3.479109e-001 2.514113e+001 6.920391e-002
v -3.337337e-001 2.513293e+001 6.638390e-002
v -3.285631e-001 2.513000e+001 6.535541e-002
v -3.261878e-001 2.512301e+001 6.488293e-002
v -3.205943e-001 2.510406e+001 6.377030e-002
v -3.140812e-001 2.507621e+001 6.247478e-002
v -3.089474e-001 2.504250e+001 6.145360e-002
v -3.074916e-001 2.500598e+001 6.116402e-002
v -3.120124e-001 2.496969e+001 6.206326e-002
v -3.248086e-001 2.493668e+001 6.460859e-002
v -3.481789e-001 2.491000e+001 6.925724e-002
v -3.540291e-001 2.490507e+001 7.042091e-002
v -3.596724e-001 2.489903e+001 7.154346e-002
v -3.649020e-001 2.489154e+001 7.258368e-002
v -3.695109e-001 2.488225e+001 7.350045e-002
v -3.732924e-001 2.487080e+001 7.425262e-002
v -3.760393e-001 2.485685e+001 7.479902e-002
v -3.775450e-001 2.484003e+001 7.509852e-002
v -3.776024e-001 2.482000e+001 7.510995e-002
v -3.744801e-001 2.479857e+001 7.448888e-002
v -3.675351e-001 2.478014e+001 7.310744e-002
v -3.580739e-001 2.476465e+001 7.122551e-002
v -3.474033e-001 2.475207e+001 6.910298e-002
v -3.368296e-001 2.474235e+001 6.699973e-002
v -3.276593e-001 2.473546e+001 6.517565e-002
v -3.211991e-001 2.473136e+001 6.389062e-002
v -3.187553e-001 2.473000e+001 6.340453e-002
v -3.199392e-001 2.472690e+001 6.364001e-002
v -3.230769e-001 2.471828e+001 6.426415e-002
v -3.275479e-001 2.470522e+001 6.515349e-002
v -3.327315e-001 2.468875e+001 6.618457e-002
v -3.380071e-001 2.466994e+001 6.723394e-002
v -3.427539e-001 2.464985e+001 6.817815e-002
v -3.463514e-001 2.462951e+001 6.889374e-002
v -3.481789e-001 2.461000e+001 6.925725e-002
v -3.489525e-001 2.455630e+001 6.941114e-002
v -3.464278e-001 2.451332e+001 6.890894e-002
v -3.403919e-001 2.447837e+001 6.770831e-002
v -3.306321e-001 2.444876e+001 6.576699e-002
v -3.169359e-001 2.442181e+001 6.304263e-002
v -2.990903e-001 2.439482e+001 5.949292e-002
v -2.768826e-001 2.436512e+001 5.507554e-002
v -2.501004e-001 2.433000e+001 4.974822e-002
v -2.292051e-001 2.429891e+001 4.559188e-002
v -2.146083e-001 2.426991e+001 4.268840e-002
v -2.056203e-001 2.424264e+001 4.090058e-002
v -2.015515e-001 2.421675e+001 4.009125e-002
v -2.017124e-001 2.419190e+001 4.012325e-002
v -2.054134e-001 2.416772e+001 4.085942e-002
v -2.119647e-001 2.414387e+001 4.216256e-002
v -2.206768e-001 2.412000e+001 4.389551e-002
v -2.221791e-001 2.411213e+001 4.419433e-002
v -2.237975e-001 2.409727e+001 4.451625e-002
v -2.254344e-001 2.407788e+001 4.484186e-002
v -2.269925e-001 2.405646e+001 4.515178e-002
v -2.283740e-001 2.403548e+001 4.542659e-002
v -2.294816e-001 2.401742e+001 4.564690e-002
v -2.302177e-001 2.400477e+001 4.579331e-002
v -2.304847e-001 2.400000e+001 4.584642e-002
v -2.010611e-001 2.400000e+001 3.999371e-002
v -2.304849e-001 1.949000e+001 4.584666e-002
v -2.316902e-001 1.949047e+001 4.608642e-002
v -2.354931e-001 1.949054e+001 4.684286e-002
v -2.421741e-001 1.948819e+001 4.817178e-002
v -2.520134e-001 1.948142e+001 5.012896e-002
v -2.652916e-001 1.946823e+001 5.277015e-002
v -2.822891e-001 1.944660e+001 5.615116e-002
v -3.032861e-001 1.941453e+001 6.032775e-002
v -3.285634e-001 1.937000e+001 6.535571e-002
v -3.319425e-001 1.935552e+001 6.602786e-002
v -3.335286e-001 1.933103e+001 6.634337e-002
v -3.337355e-001 1.930022e+001 6.638452e-002
v -3.329769e-001 1.926675e+001 6.623362e-002
v -3.316667e-001 1.923432e+001 6.597300e-002
v -3.302185e-001 1.920659e+001 6.568494e-002
v -3.290461e-001 1.918726e+001 6.545175e-002
v -3.285634e-001 1.918000e+001 6.535573e-002
v -2.893320e-001 1.918000e+001 5.755210e-002
v -2.897615e-001 1.916733e+001 5.763755e-002
v -2.917680e-001 1.913261e+001 5.803667e-002
v -2.964281e-001 1.908083e+001 5.896362e-002
v -3.048186e-001 1.901696e+001 6.063258e-002
v -3.180161e-001 1.894596e+001 6.325775e-002
v -3.370975e-001 1.887283e+001 6.705327e-002
v -3.631393e-001 1.880251e+001 7.223332e-002
v -3.972184e-001 1.874000e+001 7.901207e-002
v -4.705820e-001 1.860737e+001 9.360503e-002
v -4.967989e-001 1.850397e+001 9.881990e-002
v -4.873857e-001 1.842377e+001 9.694750e-002
v -4.538589e-001 1.836075e+001 9.027860e-002
v -4.077352e-001 1.830889e+001 8.110402e-002
v -3.605310e-001 1.826216e+001 7.171451e-002
v -3.237630e-001 1.821454e+001 6.440089e-002
v -3.089477e-001 1.816000e+001 6.145396e-002
v -3.139091e-001 1.810539e+001 6.244085e-002
v -3.274907e-001 1.806063e+001 6.514240e-002
v -3.477385e-001 1.802430e+001 6.916995e-002
v -3.726988e-001 1.799500e+001 7.413486e-002
v -4.004174e-001 1.797133e+001 7.964845e-002
v -4.289407e-001 1.795188e+001 8.532209e-002
v -4.563146e-001 1.793524e+001 9.076709e-002
v -4.805852e-001 1.792000e+001 9.559482e-002
v -5.008522e-001 1.789820e+001 9.962618e-002
v -5.176712e-001 1.786563e+001 1.029717e-001
v -5.312719e-001 1.782648e+001 1.056770e-001
v -5.418843e-001 1.778500e+001 1.077880e-001
v -5.497382e-001 1.774539e+001 1.093502e-001
v -5.550636e-001 1.771188e+001 1.104095e-001
v -5.580902e-001 1.768867e+001 1.110116e-001
v -5.590481e-001 1.768000e+001 1.112021e-001
v -5.544812e-001 1.768065e+001 1.102937e-001
v -5.416391e-001 1.768106e+001 1.077392e-001
v -5.218089e-001 1.767895e+001 1.037947e-001
v -4.962777e-001 1.767200e+001 9.871627e-002
v -4.663332e-001 1.765793e+001 9.275992e-002
v -4.332623e-001 1.763444e+001 8.618172e-002
v -3.983525e-001 1.759923e+001 7.923771e-002
v -3.628910e-001 1.755000e+001 7.218397e-002
v -3.420693e-001 1.751231e+001 6.804228e-002
v -3.268164e-001 1.747692e+001 6.500831e-002
v -3.162717e-001 1.744468e+001 6.291082e-002
v -3.095743e-001 1.741643e+001 6.157864e-002
v -3.058636e-001 1.739300e+001 6.084054e-002
v -3.042788e-001 1.737522e+001 6.052529e-002
v -3.039591e-001 1.736395e+001 6.046170e-002
v -3.040438e-001 1.736000e+001 6.047855e-002
v -3.100244e-001 1.735903e+001 6.166815e-002
v -3.257744e-001 1.735525e+001 6.480103e-002
v -3.480068e-001 1.734735e+001 6.922333e-002
v -3.734344e-001 1.733400e+001 7.428120e-002
v -3.987701e-001 1.731391e+001 7.932079e-002
v -4.207267e-001 1.728575e+001 8.368823e-002
v -4.360169e-001 1.724822e+001 8.672966e-002
v -4.413538e-001 1.720000e+001 8.779123e-002
v -4.402548e-001 1.715306e+001 8.757263e-002
v -4.380126e-001 1.711683e+001 8.712663e-002
v -4.340422e-001 1.708908e+001 8.633687e-002
v -4.277587e-001 1.706760e+001 8.508700e-002
v -4.185771e-001 1.705017e+001 8.326068e-002
v -4.059126e-001 1.703457e+001 8.074155e-002
v -3.891802e-001 1.701859e+001 7.741326e-002
v -3.677949e-001 1.700000e+001 7.315946e-002
v -3.431378e-001 1.696964e+001 6.825484e-002
v -3.247148e-001 1.692978e+001 6.459028e-002
v -3.116177e-001 1.688460e+001 6.198511e-002
v -3.029385e-001 1.683828e+001 6.025871e-002
v -2.977689e-001 1.679498e+001 5.923042e-002
v -2.952007e-001 1.675889e+001 5.871957e-002
v -2.943258e-001 1.673417e+001 5.854554e-002
v -2.942360e-001 1.672500e+001 5.852768e-002
v -2.697164e-001 1.672500e+001 5.365042e-002
v -2.942362e-001 1.257500e+001 5.852789e-002
v -3.923147e-001 1.257500e+001 7.803696e-002
v -3.932151e-001 1.253018e+001 7.821604e-002
v -3.958394e-001 1.240859e+001 7.873806e-002
v -4.000729e-001 1.222959e+001 7.958016e-002
v -4.058005e-001 1.201250e+001 8.071946e-002
v -4.129073e-001 1.177666e+001 8.213311e-002
v -4.212785e-001 1.154141e+001 8.379826e-002
v -4.307990e-001 1.132607e+001 8.569202e-002
v -4.413541e-001 1.115000e+001 8.779155e-002
v -4.758617e-001 1.077964e+001 9.465556e-002
v -5.169290e-001 1.048856e+001 1.028244e-001
v -5.624766e-001 1.026145e+001 1.118844e-001
v -6.104246e-001 1.008302e+001 1.214219e-001
v -6.586935e-001 9.937965e+000 1.310232e-001
v -7.052037e-001 9.810977e+000 1.402746e-001
v -7.478753e-001 9.686756e+000 1.487626e-001
v -7.846290e-001 9.550000e+000 1.560733e-001
v -7.942340e-001 9.468824e+000 1.579839e-001
v -7.896101e-001 9.388821e+000 1.570641e-001
v -7.747484e-001 9.312965e+000 1.541079e-001
v -7.536395e-001 9.244231e+000 1.499091e-001
v -7.302743e-001 9.185591e+000 1.452615e-001
v -7.086439e-001 9.140024e+000 1.409589e-001
v -6.927390e-001 9.110502e+000 1.377953e-001
v -6.865505e-001 9.100000e+000 1.365643e-001
v -6.825277e-001 9.097969e+000 1.357641e-001
v -6.727582e-001 9.091250e+000 1.338208e-001
v -6.606899e-001 9.078907e+000 1.314203e-001
v -6.497710e-001 9.060000e+000 1.292484e-001
v -6.434495e-001 9.033594e+000 1.279910e-001
v -6.451736e-001 8.998751e+000 1.283339e-001
v -6.583912e-001 8.954532e+000 1.309631e-001
v -6.865505e-001 8.900001e+000 1.365643e-001
v -7.189240e-001 8.841172e+000 1.430038e-001
v -7.432521e-001 8.785625e+000 1.478430e-001
v -7.606841e-001 8.734766e+000 1.513104e-001
v -7.723692e-001 8.690001e+000 1.536347e-001
v -7.794569e-001 8.652735e+000 1.550446e-001
v -7.830966e-001 8.624375e+000 1.557685e-001
v -7.844375e-001 8.606329e+000 1.560353e-001
v -7.846290e-001 8.600000e+000 1.560734e-001
v -1.847759e-001 2.700000e+001 7.653669e-002
v -1.847759e-001 2.640000e+001 7.653672e-002
v -2.771639e-001 2.630000e+001 1.148051e-001
v -2.771639e-001 2.610000e+001 1.148051e-001
v -2.829430e-001 2.609583e+001 1.171989e-001
v -2.988340e-001 2.608436e+001 1.237811e-001
v -3.226674e-001 2.606717e+001 1.336533e-001
v -3.522736e-001 2.604580e+001 1.459166e-001
v -3.854832e-001 2.602184e+001 1.596724e-001
v -4.201266e-001 2.599684e+001 1.740222e-001
v -4.540343e-001 2.597237e+001 1.880672e-001
v -4.850368e-001 2.595000e+001 2.009089e-001
v -5.098932e-001 2.592383e+001 2.112047e-001
v -5.323135e-001 2.588594e+001 2.204915e-001
v -5.520271e-001 2.584102e+001 2.286572e-001
v -5.687634e-001 2.579375e+001 2.355896e-001
v -5.822517e-001 2.574883e+001 2.411766e-001
v -5.922213e-001 2.571094e+001 2.453061e-001
v -5.984015e-001 2.568477e+001 2.478661e-001
v -6.005217e-001 2.567500e+001 2.487443e-001
v -6.025067e-001 2.567449e+001 2.495665e-001
v -6.077396e-001 2.567257e+001 2.517340e-001
v -6.151379e-001 2.566868e+001 2.547985e-001
v -6.236187e-001 2.566226e+001 2.583114e-001
v -6.320997e-001 2.565275e+001 2.618243e-001
v -6.394979e-001 2.563958e+001 2.648888e-001
v -6.447309e-001 2.562218e+001 2.670563e-001
v -6.467157e-001 2.560000e+001 2.678785e-001
v -6.447309e-001 2.557668e+001 2.670563e-001
v -6.394979e-001 2.555875e+001 2.648888e-001
v -6.320997e-001 2.554551e+001 2.618243e-001
v -6.236187e-001 2.553625e+001 2.583114e-001
v -6.151379e-001 2.553028e+001 2.547985e-001
v -6.077396e-001 2.552688e+001 2.517340e-001
v -6.025067e-001 2.552535e+001 2.495665e-001
v -6.005217e-001 2.552500e+001 2.487443e-001
v -5.998325e-001 2.551720e+001 2.484588e-001
v -5.970861e-001 2.549581e+001 2.473212e-001
v -5.912649e-001 2.546383e+001 2.449100e-001
v -5.813513e-001 2.542425e+001 2.408037e-001
v -5.663274e-001 2.538008e+001 2.345806e-001
v -5.451756e-001 2.533431e+001 2.258192e-001
v -5.168782e-001 2.528996e+001 2.140980e-001
v -4.804175e-001 2.525000e+001 1.989955e-001
v -4.557585e-001 2.522928e+001 1.887814e-001
v -4.282693e-001 2.520838e+001 1.773950e-001
v -3.998356e-001 2.518821e+001 1.656174e-001
v -3.723432e-001 2.516967e+001 1.542297e-001
v -3.476777e-001 2.515368e+001 1.440129e-001
v -3.277248e-001 2.514113e+001 1.357481e-001
v -3.143702e-001 2.513293e+001 1.302165e-001
v -3.094997e-001 2.513000e+001 1.281991e-001
v -3.072622e-001 2.512301e+001 1.272722e-001
v -3.019932e-001 2.510406e+001 1.250898e-001
v -2.958581e-001 2.507621e+001 1.225485e-001
v -2.910221e-001 2.504250e+001 1.205454e-001
v -2.896507e-001 2.500598e+001 1.199773e-001
v -2.939092e-001 2.496969e+001 1.217413e-001
v -3.059630e-001 2.493668e+001 1.267341e-001
v -3.279773e-001 2.491000e+001 1.358527e-001
v -3.334881e-001 2.490507e+001 1.381354e-001
v -3.388040e-001 2.489903e+001 1.403373e-001
v -3.437302e-001 2.489154e+001 1.423778e-001
v -3.480717e-001 2.488225e+001 1.441761e-001
v -3.516337e-001 2.487080e+001 1.456515e-001
v -3.542213e-001 2.485685e+001 1.467233e-001
v -3.556396e-001 2.484003e+001 1.473108e-001
v -3.556937e-001 2.482000e+001 1.473333e-001
v -3.527525e-001 2.479857e+001 1.461150e-001
v -3.462105e-001 2.478014e+001 1.434052e-001
v -3.372983e-001 2.476465e+001 1.397136e-001
v -3.272468e-001 2.475207e+001 1.355501e-001
v -3.172866e-001 2.474235e+001 1.314245e-001
v -3.086483e-001 2.473546e+001 1.278464e-001
v -3.025629e-001 2.473136e+001 1.253258e-001
v -3.002609e-001 2.473000e+001 1.243723e-001
v -3.013761e-001 2.472690e+001 1.248342e-001
v -3.043318e-001 2.471828e+001 1.260585e-001
v -3.085434e-001 2.470522e+001 1.278030e-001
v -3.134262e-001 2.468875e+001 1.298255e-001
v -3.183957e-001 2.466994e+001 1.318839e-001
v -3.228671e-001 2.464985e+001 1.337360e-001
v -3.262559e-001 2.462951e+001 1.351397e-001
v -3.279773e-001 2.461000e+001 1.358528e-001
v -3.287061e-001 2.455630e+001 1.361546e-001
v -3.263278e-001 2.451332e+001 1.351695e-001
v -3.206421e-001 2.447837e+001 1.328144e-001
v -3.114487e-001 2.444876e+001 1.290064e-001
v -2.985470e-001 2.442181e+001 1.236624e-001
v -2.817369e-001 2.439482e+001 1.166993e-001
v -2.608178e-001 2.436512e+001 1.080344e-001
v -2.355894e-001 2.433000e+001 9.758444e-002
v -2.159065e-001 2.429891e+001 8.943150e-002
v -2.021566e-001 2.426991e+001 8.373611e-002
v -1.936901e-001 2.424264e+001 8.022918e-002
v -1.898574e-001 2.421675e+001 7.864164e-002
v -1.900090e-001 2.419190e+001 7.870441e-002
v -1.934952e-001 2.416772e+001 8.014844e-002
v -1.996664e-001 2.414387e+001 8.270464e-002
v -2.078730e-001 2.412000e+001 8.610395e-002
v -2.092881e-001 2.411213e+001 8.669011e-002
v -2.108126e-001 2.409727e+001 8.732156e-002
v -2.123546e-001 2.407788e+001 8.796028e-002
v -2.138222e-001 2.405646e+001 8.856820e-002
v -2.151236e-001 2.403548e+001 8.910725e-002
v -2.161669e-001 2.401742e+001 8.953941e-002
v -2.168603e-001 2.400477e+001 8.982661e-002
v -2.171118e-001 2.400000e+001 8.993079e-002
v -1.893954e-001 2.400000e+001 7.845029e-002
v -2.171120e-001 1.949000e+001 8.993106e-002
v -2.182474e-001 1.949047e+001 9.040137e-002
v -2.218297e-001 1.949054e+001 9.188518e-002
v -2.281230e-001 1.948819e+001 9.449196e-002
v -2.373914e-001 1.948142e+001 9.833107e-002
v -2.498992e-001 1.946823e+001 1.035120e-001
v -2.659104e-001 1.944660e+001 1.101440e-001
v -2.856893e-001 1.941453e+001 1.183367e-001
v -3.094999e-001 1.937000e+001 1.281994e-001
v -3.126830e-001 1.935552e+001 1.295179e-001
v -3.141771e-001 1.933103e+001 1.301368e-001
v -3.143720e-001 1.930022e+001 1.302175e-001
v -3.136574e-001 1.926675e+001 1.299215e-001
v -3.124232e-001 1.923432e+001 1.294103e-001
v -3.110590e-001 1.920659e+001 1.288452e-001
v -3.099547e-001 1.918726e+001 1.283878e-001
v -3.094999e-001 1.918000e+001 1.281994e-001
v -2.725448e-001 1.918000e+001 1.128921e-001
v -2.729494e-001 1.916733e+001 1.130597e-001
v -2.748395e-001 1.913261e+001 1.138426e-001
v -2.792292e-001 1.908083e+001 1.156609e-001
v -2.871328e-001 1.901696e+001 1.189347e-001
v -2.995646e-001 1.894596e+001 1.240841e-001
v -3.175389e-001 1.887283e+001 1.315293e-001
v -3.420697e-001 1.880251e+001 1.416903e-001
v -3.741715e-001 1.874000e+001 1.549873e-001
v -4.432786e-001 1.860737e+001 1.836124e-001
v -4.679743e-001 1.850397e+001 1.938417e-001
v -4.591073e-001 1.842377e+001 1.901688e-001
v -4.275257e-001 1.836075e+001 1.770873e-001
v -3.840781e-001 1.830889e+001 1.590908e-001
v -3.396128e-001 1.826216e+001 1.406726e-001
v -3.049780e-001 1.821454e+001 1.263264e-001
v -2.910224e-001 1.816000e+001 1.205458e-001
v -2.956959e-001 1.810539e+001 1.224817e-001
v -3.084895e-001 1.806063e+001 1.277809e-001
v -3.275625e-001 1.802430e+001 1.356813e-001
v -3.510746e-001 1.799500e+001 1.454203e-001
v -3.771850e-001 1.797133e+001 1.562355e-001
v -4.040533e-001 1.795188e+001 1.673648e-001
v -4.298390e-001 1.793524e+001 1.780455e-001
v -4.527014e-001 1.792000e+001 1.875154e-001
v -4.717924e-001 1.789820e+001 1.954232e-001
v -4.876356e-001 1.786563e+001 2.019857e-001
v -5.004472e-001 1.782648e+001 2.072924e-001
v -5.104439e-001 1.778500e+001 2.114332e-001
v -5.178421e-001 1.774539e+001 2.144976e-001
v -5.228585e-001 1.771188e+001 2.165755e-001
v -5.257095e-001 1.768867e+001 2.177564e-001
v -5.266117e-001 1.768000e+001 2.181301e-001
v -5.223099e-001 1.768065e+001 2.163483e-001
v -5.102129e-001 1.768106e+001 2.113375e-001
v -4.915332e-001 1.767895e+001 2.036001e-001
v -4.674834e-001 1.767200e+001 1.936384e-001
v -4.392762e-001 1.765793e+001 1.819546e-001
v -4.081242e-001 1.763444e+001 1.690510e-001
v -3.752398e-001 1.759923e+001 1.554298e-001
v -3.418358e-001 1.755000e+001 1.415934e-001
v -3.222222e-001 1.751231e+001 1.334692e-001
v -3.078543e-001 1.747692e+001 1.275179e-001
v -2.979214e-001 1.744468e+001 1.234035e-001
v -2.916127e-001 1.741643e+001 1.207903e-001
v -2.881173e-001 1.739300e+001 1.193425e-001
v -2.866243e-001 1.737522e+001 1.187241e-001
v -2.863232e-001 1.736395e+001 1.185994e-001
v -2.864030e-001 1.736000e+001 1.186324e-001
v -2.920365e-001 1.735903e+001 1.209659e-001
v -3.068727e-001 1.735525e+001 1.271113e-001
v -3.278152e-001 1.734735e+001 1.357859e-001
v -3.517675e-001 1.733400e+001 1.457073e-001
v -3.756332e-001 1.731391e+001 1.555928e-001
v -3.963158e-001 1.728575e+001 1.641598e-001
v -4.107190e-001 1.724822e+001 1.701258e-001
v -4.157462e-001 1.720000e+001 1.722081e-001
v -4.147110e-001 1.715306e+001 1.717793e-001
v -4.125988e-001 1.711683e+001 1.709045e-001
v -4.088588e-001 1.708908e+001 1.693553e-001
v -4.029399e-001 1.706760e+001 1.669036e-001
v -3.942910e-001 1.705017e+001 1.633211e-001
v -3.823614e-001 1.703457e+001 1.583797e-001
v -3.665997e-001 1.701859e+001 1.518510e-001
v -3.464552e-001 1.700000e+001 1.435069e-001
v -3.232287e-001 1.696964e+001 1.338862e-001
v -3.058746e-001 1.692978e+001 1.266979e-001
v -2.935375e-001 1.688460e+001 1.215876e-001
v -2.853618e-001 1.683828e+001 1.182012e-001
v -2.804922e-001 1.679498e+001 1.161841e-001
v -2.780730e-001 1.675889e+001 1.151821e-001
v -2.772489e-001 1.673417e+001 1.148407e-001
v -2.771643e-001 1.672500e+001 1.148056e-001
v -2.540673e-001 1.672500e+001 1.052386e-001
v -2.771644e-001 1.257500e+001 1.148059e-001
v -3.695524e-001 1.257500e+001 1.530742e-001
v -3.704005e-001 1.253018e+001 1.534255e-001
v -3.728726e-001 1.240859e+001 1.544495e-001
v -3.768604e-001 1.222959e+001 1.561013e-001
v -3.822557e-001 1.201250e+001 1.583362e-001
v -3.889502e-001 1.177666e+001 1.611091e-001
v -3.968357e-001 1.154141e+001 1.643754e-001
v -4.058038e-001 1.132607e+001 1.680901e-001
v -4.157464e-001 1.115000e+001 1.722085e-001
v -4.482519e-001 1.077964e+001 1.856727e-001
v -4.869365e-001 1.048856e+001 2.016964e-001
v -5.298414e-001 1.026145e+001 2.194682e-001
v -5.750074e-001 1.008302e+001 2.381766e-001
v -6.204757e-001 9.937965e+000 2.570102e-001
v -6.642873e-001 9.810977e+000 2.751576e-001
v -7.044832e-001 9.686756e+000 2.918073e-001
v -7.391043e-001 9.550000e+000 3.061478e-001
v -7.481521e-001 9.468824e+000 3.098955e-001
v -7.437965e-001 9.388821e+000 3.080914e-001
v -7.297970e-001 9.312965e+000 3.022926e-001
v -7.099129e-001 9.244231e+000 2.940563e-001
v -6.879033e-001 9.185591e+000 2.849397e-001
v -6.675279e-001 9.140024e+000 2.764999e-001
v -6.525458e-001 9.110502e+000 2.702941e-001
v -6.467164e-001 9.100000e+000 2.678795e-001
v -6.429271e-001 9.097969e+000 2.663099e-001
v -6.337243e-001 9.091250e+000 2.624980e-001
v -6.223563e-001 9.078907e+000 2.577892e-001
v -6.120710e-001 9.060000e+000 2.535289e-001
v -6.061162e-001 9.033594e+000 2.510623e-001
v -6.077403e-001 8.998751e+000 2.517350e-001
v -6.201909e-001 8.954532e+000 2.568923e-001
v -6.467164e-001 8.900001e+000 2.678795e-001
v -6.772116e-001 8.841172e+000 2.805111e-001
v -7.001282e-001 8.785625e+000 2.900034e-001
v -7.165487e-001 8.734766e+000 2.968050e-001
v -7.275559e-001 8.690001e+000 3.013643e-001
v -7.342323e-001 8.652735e+000 3.041298e-001
v -7.376608e-001 8.624375e+000 3.055499e-001
v -7.389239e-001 8.606329e+000 3.060731e-001
v -7.391043e-001 8.600000e+000 3.061478e-001
v -1.662939e-001 2.700000e+001 1.111141e-001
v -1.662939e-001 2.640000e+001 1.111141e-001
v -2.494409e-001 2.630000e+001 1.666712e-001
v -2.494409e-001 2.610000e+001 1.666712e-001
v -2.546420e-001 2.609583e+001 1.701464e-001
v -2.689435e-001 2.608436e+001 1.797024e-001
v -2.903930e-001 2.606717e+001 1.940345e-001
v -3.170379e-001 2.604580e+001 2.118380e-001
v -3.469256e-001 2.602184e+001 2.318084e-001
v -3.781039e-001 2.599684e+001 2.526411e-001
v -4.086200e-001 2.597237e+001 2.730313e-001
v -4.365216e-001 2.595000e+001 2.916745e-001
v -4.588917e-001 2.592383e+001 3.066218e-001
v -4.790694e-001 2.588594e+001 3.201041e-001
v -4.968112e-001 2.584102e+001 3.319588e-001
v -5.118735e-001 2.579375e+001 3.420231e-001
v -5.240127e-001 2.574883e+001 3.501342e-001
v -5.329850e-001 2.571094e+001 3.561293e-001
v -5.385472e-001 2.568477e+001 3.598458e-001
v -5.404553e-001 2.567500e+001 3.611208e-001
v -5.422417e-001 2.567449e+001 3.623144e-001
v -5.469511e-001 2.567257e+001 3.654612e-001
v -5.536094e-001 2.566868e+001 3.699101e-001
v -5.612420e-001 2.566226e+001 3.750100e-001
v -5.688747e-001 2.565275e+001 3.801100e-001
v -5.755329e-001 2.563958e+001 3.845589e-001
v -5.802424e-001 2.562218e+001 3.877057e-001
v -5.820287e-001 2.560000e+001 3.888993e-001
v -5.802424e-001 2.557668e+001 3.877057e-001
v -5.755329e-001 2.555875e+001 3.845589e-001
v -5.688747e-001 2.554551e+001 3.801100e-001
v -5.612420e-001 2.553625e+001 3.750100e-001
v -5.536094e-001 2.553028e+001 3.699101e-001
v -5.469511e-001 2.552688e+001 3.654612e-001
v -5.422417e-001 2.552535e+001 3.623144e-001
v -5.404553e-001 2.552500e+001 3.611208e-001
v -5.398349e-001 2.551720e+001 3.607063e-001
v -5.373632e-001 2.549581e+001 3.590548e-001
v -5.321243e-001 2.546383e+001 3.555543e-001
v -5.232023e-001 2.542425e+001 3.495927e-001
v -5.096812e-001 2.538008e+001 3.405582e-001
v -4.906451e-001 2.533431e+001 3.278387e-001
v -4.651781e-001 2.528996e+001 3.108222e-001
v -4.323643e-001 2.525000e+001 2.888967e-001
v -4.101717e-001 2.522928e+001 2.740681e-001
v -3.854322e-001 2.520838e+001 2.575377e-001
v -3.598426e-001 2.518821e+001 2.404393e-001
v -3.351001e-001 2.516967e+001 2.239068e-001
v -3.129017e-001 2.515368e+001 2.090743e-001
v -2.949445e-001 2.514113e+001 1.970758e-001
v -2.829257e-001 2.513293e+001 1.890451e-001
v -2.785424e-001 2.513000e+001 1.861162e-001
v -2.765286e-001 2.512301e+001 1.847707e-001
v -2.717867e-001 2.510406e+001 1.816022e-001
v -2.662652e-001 2.507621e+001 1.779128e-001
v -2.619130e-001 2.504250e+001 1.750048e-001
v -2.606788e-001 2.500598e+001 1.741801e-001
v -2.645113e-001 2.496969e+001 1.767409e-001
v -2.753594e-001 2.493668e+001 1.839894e-001
v -2.951718e-001 2.491000e+001 1.972276e-001
v -3.001314e-001 2.490507e+001 2.005415e-001
v -3.049156e-001 2.489903e+001 2.037382e-001
v -3.093490e-001 2.489154e+001 2.067005e-001
v -3.132562e-001 2.488225e+001 2.093113e-001
v -3.164619e-001 2.487080e+001 2.114532e-001
v -3.187907e-001 2.485685e+001 2.130093e-001
v -3.200672e-001 2.484003e+001 2.138622e-001
v -3.201159e-001 2.482000e+001 2.138947e-001
v -3.174689e-001 2.479857e+001 2.121260e-001
v -3.115812e-001 2.478014e+001 2.081920e-001
v -3.035604e-001 2.476465e+001 2.028327e-001
v -2.945143e-001 2.475207e+001 1.967883e-001
v -2.855503e-001 2.474235e+001 1.907988e-001
v -2.777762e-001 2.473546e+001 1.856042e-001
v -2.722994e-001 2.473136e+001 1.819448e-001
v -2.702277e-001 2.473000e+001 1.805605e-001
v -2.712313e-001 2.472690e+001 1.812311e-001
v -2.738913e-001 2.471828e+001 1.830085e-001
v -2.776817e-001 2.470522e+001 1.855411e-001
v -2.820761e-001 2.468875e+001 1.884774e-001
v -2.865485e-001 2.466994e+001 1.914658e-001
v -2.905727e-001 2.464985e+001 1.941546e-001
v -2.936225e-001 2.462951e+001 1.961924e-001
v -2.951718e-001 2.461000e+001 1.972276e-001
v -2.958277e-001 2.455630e+001 1.976659e-001
v -2.936873e-001 2.451332e+001 1.962357e-001
v -2.885703e-001 2.447837e+001 1.928166e-001
v -2.802964e-001 2.444876e+001 1.872882e-001
v -2.686852e-001 2.442181e+001 1.795299e-001
v -2.535565e-001 2.439482e+001 1.694212e-001
v -2.347298e-001 2.436512e+001 1.568416e-001
v -2.120248e-001 2.433000e+001 1.416706e-001
v -1.943107e-001 2.429891e+001 1.298344e-001
v -1.819361e-001 2.426991e+001 1.215660e-001
v -1.743165e-001 2.424264e+001 1.164747e-001
v -1.708671e-001 2.421675e+001 1.141699e-001
v -1.710035e-001 2.419190e+001 1.142611e-001
v -1.741410e-001 2.416772e+001 1.163575e-001
v -1.796950e-001 2.414387e+001 1.200685e-001
v -1.870808e-001 2.412000e+001 1.250035e-001
v -1.883543e-001 2.411213e+001 1.258545e-001
v -1.897263e-001 2.409727e+001 1.267712e-001
v -1.911141e-001 2.407788e+001 1.276985e-001
v -1.924349e-001 2.405646e+001 1.285810e-001
v -1.936061e-001 2.403548e+001 1.293636e-001
v -1.945451e-001 2.401742e+001 1.299910e-001
v -1.951691e-001 2.400477e+001 1.304080e-001
v -1.953955e-001 2.400000e+001 1.305592e-001
v -1.704514e-001 2.400000e+001 1.138921e-001
v -1.953956e-001 1.949000e+001 1.305595e-001
v -1.964175e-001 1.949047e+001 1.312423e-001
v -1.996414e-001 1.949054e+001 1.333965e-001
v -2.053052e-001 1.948819e+001 1.371809e-001
v -2.136466e-001 1.948142e+001 1.427545e-001
v -2.249033e-001 1.946823e+001 1.502760e-001
v -2.393131e-001 1.944660e+001 1.599043e-001
v -2.571136e-001 1.941453e+001 1.717982e-001
v -2.785425e-001 1.937000e+001 1.861166e-001
v -2.814072e-001 1.935552e+001 1.880307e-001
v -2.827519e-001 1.933103e+001 1.889292e-001
v -2.829273e-001 1.930022e+001 1.890464e-001
v -2.822842e-001 1.926675e+001 1.886166e-001
v -2.811734e-001 1.923432e+001 1.878745e-001
v -2.799457e-001 1.920659e+001 1.870541e-001
v -2.789518e-001 1.918726e+001 1.863900e-001
v -2.785426e-001 1.918000e+001 1.861166e-001
v -2.452838e-001 1.918000e+001 1.638938e-001
v -2.456480e-001 1.916733e+001 1.641371e-001
v -2.473490e-001 1.913261e+001 1.652737e-001
v -2.512996e-001 1.908083e+001 1.679134e-001
v -2.584127e-001 1.901696e+001 1.726662e-001
v -2.696010e-001 1.894596e+001 1.801420e-001
v -2.857774e-001 1.887283e+001 1.909507e-001
v -3.078546e-001 1.880251e+001 2.057023e-001
v -3.367455e-001 1.874000e+001 2.250065e-001
v -3.989401e-001 1.860737e+001 2.665637e-001
v -4.211658e-001 1.850397e+001 2.814144e-001
v -4.131856e-001 1.842377e+001 2.760822e-001
v -3.847630e-001 1.836075e+001 2.570908e-001
v -3.456612e-001 1.830889e+001 2.309638e-001
v -3.056434e-001 1.826216e+001 2.042248e-001
v -2.744730e-001 1.821454e+001 1.833974e-001
v -2.619132e-001 1.816000e+001 1.750052e-001
v -2.661193e-001 1.810539e+001 1.778156e-001
v -2.776332e-001 1.806063e+001 1.855090e-001
v -2.947985e-001 1.802430e+001 1.969785e-001
v -3.159588e-001 1.799500e+001 2.111173e-001
v -3.394575e-001 1.797133e+001 2.268187e-001
v -3.636383e-001 1.795188e+001 2.429758e-001
v -3.868448e-001 1.793524e+001 2.584819e-001
v -4.074204e-001 1.792000e+001 2.722301e-001
v -4.246019e-001 1.789820e+001 2.837104e-001
v -4.388604e-001 1.786563e+001 2.932376e-001
v -4.503905e-001 1.782648e+001 3.009418e-001
v -4.593873e-001 1.778500e+001 3.069532e-001
v -4.660456e-001 1.774539e+001 3.114021e-001
v -4.705602e-001 1.771188e+001 3.144187e-001
v -4.731260e-001 1.768867e+001 3.161332e-001
v -4.739380e-001 1.768000e+001 3.166757e-001
v -4.700665e-001 1.768065e+001 3.140889e-001
v -4.591794e-001 1.768106e+001 3.068143e-001
v -4.423681e-001 1.767895e+001 2.955814e-001
v -4.207239e-001 1.767200e+001 2.811192e-001
v -3.953381e-001 1.765793e+001 2.641569e-001
v -3.673020e-001 1.763444e+001 2.454238e-001
v -3.377069e-001 1.759923e+001 2.256490e-001
v -3.076441e-001 1.755000e+001 2.055617e-001
v -2.899923e-001 1.751231e+001 1.937671e-001
v -2.770616e-001 1.747692e+001 1.851271e-001
v -2.681222e-001 1.744468e+001 1.791539e-001
v -2.624444e-001 1.741643e+001 1.753602e-001
v -2.592987e-001 1.739300e+001 1.732583e-001
v -2.579551e-001 1.737522e+001 1.723605e-001
v -2.576841e-001 1.736395e+001 1.721795e-001
v -2.577559e-001 1.736000e+001 1.722275e-001
v -2.628259e-001 1.735903e+001 1.756151e-001
v -2.761782e-001 1.735525e+001 1.845368e-001
v -2.950259e-001 1.734735e+001 1.971305e-001
v -3.165824e-001 1.733400e+001 2.115341e-001
v -3.380609e-001 1.731391e+001 2.258856e-001
v -3.566748e-001 1.728575e+001 2.383230e-001
v -3.696373e-001 1.724822e+001 2.469842e-001
v -3.741617e-001 1.720000e+001 2.500073e-001
v -3.732300e-001 1.715306e+001 2.493848e-001
v -3.713291e-001 1.711683e+001 2.481147e-001
v -3.679632e-001 1.708908e+001 2.458656e-001
v -3.626363e-001 1.706760e+001 2.423063e-001
v -3.548525e-001 1.705017e+001 2.371054e-001
v -3.441161e-001 1.703457e+001 2.299315e-001
v -3.299310e-001 1.701859e+001 2.204534e-001
v -3.118014e-001 1.700000e+001 2.083395e-001
v -2.908981e-001 1.696964e+001 1.943724e-001
v -2.752798e-001 1.692978e+001 1.839366e-001
v -2.641767e-001 1.688460e+001 1.765177e-001
v -2.568189e-001 1.683828e+001 1.716013e-001
v -2.524363e-001 1.679498e+001 1.686730e-001
v -2.502591e-001 1.675889e+001 1.672182e-001
v -2.495174e-001 1.673417e+001 1.667227e-001
v -2.494412e-001 1.672500e+001 1.666718e-001
v -2.286545e-001 1.672500e+001 1.527825e-001
v -2.494414e-001 1.257500e+001 1.666721e-001
v -3.325883e-001 1.257500e+001 2.222291e-001
v -3.333516e-001 1.253018e+001 2.227391e-001
v -3.355764e-001 1.240859e+001 2.242257e-001
v -3.391654e-001 1.222959e+001 2.266237e-001
v -3.440210e-001 1.201250e+001 2.298682e-001
v -3.500459e-001 1.177666e+001 2.338939e-001
v -3.571427e-001 1.154141e+001 2.386358e-001
v -3.652138e-001 1.132607e+001 2.440288e-001
v -3.741618e-001 1.115000e+001 2.500077e-001
v -4.034160e-001 1.077964e+001 2.695547e-001
v -4.382313e-001 1.048856e+001 2.928176e-001
v -4.768446e-001 1.026145e+001 3.186182e-001
v -5.174930e-001 1.008302e+001 3.457786e-001
v -5.584134e-001 9.937965e+000 3.731207e-001
v -5.978428e-001 9.810977e+000 3.994666e-001
v -6.340181e-001 9.686756e+000 4.236382e-001
v -6.651763e-001 9.550000e+000 4.444575e-001
v -6.733190e-001 9.468824e+000 4.498982e-001
v -6.693991e-001 9.388821e+000 4.472791e-001
v -6.567999e-001 9.312965e+000 4.388605e-001
v -6.389046e-001 9.244231e+000 4.269033e-001
v -6.190966e-001 9.185591e+000 4.136680e-001
v -6.007593e-001 9.140024e+000 4.014154e-001
v -5.872757e-001 9.110502e+000 3.924059e-001
v -5.820294e-001 9.100000e+000 3.889005e-001
v -5.786191e-001 9.097969e+000 3.866217e-001
v -5.703368e-001 9.091250e+000 3.810878e-001
v -5.601059e-001 9.078907e+000 3.742516e-001
v -5.508493e-001 9.060000e+000 3.680666e-001
v -5.454902e-001 9.033594e+000 3.644858e-001
v -5.469518e-001 8.998751e+000 3.654623e-001
v -5.581571e-001 8.954532e+000 3.729495e-001
v -5.820294e-001 8.900001e+000 3.889005e-001
v -6.094744e-001 8.841172e+000 4.072386e-001
v -6.300987e-001 8.785625e+000 4.210194e-001
v -6.448767e-001 8.734766e+000 4.308937e-001
v -6.547830e-001 8.690001e+000 4.375129e-001
v -6.607916e-001 8.652735e+000 4.415277e-001
v -6.638772e-001 8.624375e+000 4.435894e-001
v -6.650140e-001 8.606329e+000 4.443490e-001
v -6.651763e-001 8.600000e+000 4.444575e-001
v -1.414213e-001 2.700000e+001 1.414214e-001
v -1.414214e-001 2.640000e+001 1.414214e-001
v -2.121320e-001 2.630000e+001 2.121321e-001
v -2.121320e-001 2.610000e+001 2.121322e-001
v -2.165551e-001 2.609583e+001 2.165553e-001
v -2.287176e-001 2.608436e+001 2.287177e-001
v -2.469589e-001 2.606717e+001 2.469590e-001
v -2.696185e-001 2.604580e+001 2.696186e-001
v -2.950360e-001 2.602184e+001 2.950361e-001
v -3.215509e-001 2.599684e+001 3.215511e-001
v -3.475027e-001 2.597237e+001 3.475029e-001
v -3.712311e-001 2.595000e+001 3.712313e-001
v -3.902553e-001 2.592383e+001 3.902555e-001
v -4.074150e-001 2.588594e+001 4.074152e-001
v -4.225032e-001 2.584102e+001 4.225034e-001
v -4.353126e-001 2.579375e+001 4.353128e-001
v -4.456361e-001 2.574883e+001 4.456363e-001
v -4.532665e-001 2.571094e+001 4.532667e-001
v -4.579966e-001 2.568477e+001 4.579968e-001
v -4.596194e-001 2.567500e+001 4.596196e-001
v -4.611386e-001 2.567449e+001 4.611388e-001
v -4.651437e-001 2.567257e+001 4.651439e-001
v -4.708060e-001 2.566868e+001 4.708063e-001
v -4.772970e-001 2.566226e+001 4.772973e-001
v -4.837881e-001 2.565275e+001 4.837883e-001
v -4.894505e-001 2.563958e+001 4.894507e-001
v -4.934556e-001 2.562218e+001 4.934558e-001
v -4.949747e-001 2.560000e+001 4.949749e-001
v -4.934556e-001 2.557668e+001 4.934558e-001
v -4.894505e-001 2.555875e+001 4.894507e-001
v -4.837881e-001 2.554551e+001 4.837883e-001
v -4.772970e-001 2.553625e+001 4.772973e-001
v -4.708060e-001 2.553028e+001 4.708063e-001
v -4.651437e-001 2.552688e+001 4.651439e-001
v -4.611386e-001 2.552535e+001 4.611388e-001
v -4.596194e-001 2.552500e+001 4.596196e-001
v -4.590918e-001 2.551720e+001 4.590920e-001
v -4.569898e-001 2.549581e+001 4.569900e-001
v -4.525345e-001 2.546383e+001 4.525347e-001
v -4.449469e-001 2.542425e+001 4.449471e-001
v -4.334481e-001 2.538008e+001 4.334483e-001
v -4.172593e-001 2.533431e+001 4.172595e-001
v -3.956014e-001 2.528996e+001 3.956016e-001
v -3.676956e-001 2.525000e+001 3.676958e-001
v -3.488224e-001 2.522928e+001 3.488226e-001
v -3.277831e-001 2.520838e+001 3.277833e-001
v -3.060209e-001 2.518821e+001 3.060211e-001
v -2.849791e-001 2.516967e+001 2.849793e-001
v -2.661010e-001 2.515368e+001 2.661012e-001
v -2.508297e-001 2.514113e+001 2.508299e-001
v -2.406085e-001 2.513293e+001 2.406087e-001
v -2.368808e-001 2.513000e+001 2.368809e-001
v -2.351682e-001 2.512301e+001 2.351684e-001
v -2.311355e-001 2.510406e+001 2.311357e-001
v -2.264399e-001 2.507621e+001 2.264401e-001
v -2.227386e-001 2.504250e+001 2.227388e-001
v -2.216890e-001 2.500598e+001 2.216892e-001
v -2.249484e-001 2.496969e+001 2.249485e-001
v -2.341739e-001 2.493668e+001 2.341741e-001
v -2.510229e-001 2.491000e+001 2.510231e-001
v -2.552407e-001 2.490507e+001 2.552409e-001
v -2.593094e-001 2.489903e+001 2.593095e-001
v -2.630797e-001 2.489154e+001 2.630799e-001
v -2.664025e-001 2.488225e+001 2.664027e-001
v -2.691287e-001 2.487080e+001 2.691289e-001
v -2.711092e-001 2.485685e+001 2.711093e-001
v -2.721947e-001 2.484003e+001 2.721949e-001
v -2.722361e-001 2.482000e+001 2.722363e-001
v -2.699850e-001 2.479857e+001 2.699852e-001
v -2.649780e-001 2.478014e+001 2.649782e-001
v -2.581569e-001 2.476465e+001 2.581571e-001
v -2.504638e-001 2.475207e+001 2.504640e-001
v -2.428406e-001 2.474235e+001 2.428408e-001
v -2.362292e-001 2.473546e+001 2.362294e-001
v -2.315716e-001 2.473136e+001 2.315718e-001
v -2.298097e-001 2.473000e+001 2.298099e-001
v -2.306632e-001 2.472690e+001 2.306634e-001
v -2.329254e-001 2.471828e+001 2.329256e-001
v -2.361488e-001 2.470522e+001 2.361490e-001
v -2.398860e-001 2.468875e+001 2.398862e-001
v -2.436895e-001 2.466994e+001 2.436897e-001
v -2.471118e-001 2.464985e+001 2.471119e-001
v -2.497054e-001 2.462951e+001 2.497056e-001
v -2.510229e-001 2.461000e+001 2.510231e-001
v -2.515807e-001 2.455630e+001 2.515809e-001
v -2.497605e-001 2.451332e+001 2.497607e-001
v -2.454088e-001 2.447837e+001 2.454090e-001
v -2.383724e-001 2.444876e+001 2.383726e-001
v -2.284980e-001 2.442181e+001 2.284982e-001
v -2.156320e-001 2.439482e+001 2.156322e-001
v -1.996212e-001 2.436512e+001 1.996214e-001
v -1.803123e-001 2.433000e+001 1.803125e-001
v -1.652476e-001 2.429891e+001 1.652478e-001
v -1.547239e-001 2.426991e+001 1.547241e-001
v -1.482439e-001 2.424264e+001 1.482441e-001
v -1.453105e-001 2.421675e+001 1.453107e-001
v -1.454265e-001 2.419190e+001 1.454267e-001
v -1.480948e-001 2.416772e+001 1.480949e-001
v -1.528180e-001 2.414387e+001 1.528182e-001
v -1.590991e-001 2.412000e+001 1.590993e-001
v -1.601822e-001 2.411213e+001 1.601824e-001
v -1.613490e-001 2.409727e+001 1.613491e-001
v -1.625291e-001 2.407788e+001 1.625293e-001
v -1.636524e-001 2.405646e+001 1.636526e-001
v -1.646485e-001 2.403548e+001 1.646486e-001
v -1.654470e-001 2.401742e+001 1.654472e-001
v -1.659777e-001 2.400477e+001 1.659778e-001
v -1.661702e-001 2.400000e+001 1.661704e-001
v -1.449570e-001 2.400000e+001 1.449572e-001
v -1.661703e-001 1.949000e+001 1.661707e-001
v -1.670393e-001 1.949047e+001 1.670397e-001
v -1.697810e-001 1.949054e+001 1.697814e-001
v -1.745977e-001 1.948819e+001 1.745981e-001
v -1.816915e-001 1.948142e+001 1.816919e-001
v -1.912646e-001 1.946823e+001 1.912649e-001
v -2.035190e-001 1.944660e+001 2.035194e-001
v -2.186571e-001 1.941453e+001 2.186575e-001
v -2.368810e-001 1.937000e+001 2.368814e-001
v -2.393172e-001 1.935552e+001 2.393176e-001
v -2.404607e-001 1.933103e+001 2.404611e-001
v -2.406099e-001 1.930022e+001 2.406103e-001
v -2.400630e-001 1.926675e+001 2.400634e-001
v -2.391183e-001 1.923432e+001 2.391187e-001
v -2.380742e-001 1.920659e+001 2.380746e-001
v -2.372290e-001 1.918726e+001 2.372294e-001
v -2.368810e-001 1.918000e+001 2.368814e-001
v -2.085967e-001 1.918000e+001 2.085971e-001
v -2.089064e-001 1.916733e+001 2.089068e-001
v -2.103530e-001 1.913261e+001 2.103534e-001
v -2.137128e-001 1.908083e+001 2.137132e-001
v -2.197619e-001 1.901696e+001 2.197623e-001
v -2.292768e-001 1.894596e+001 2.292772e-001
v -2.430337e-001 1.887283e+001 2.430341e-001
v -2.618088e-001 1.880251e+001 2.618093e-001
v -2.863784e-001 1.874000e+001 2.863789e-001
v -3.392707e-001 1.860737e+001 3.392712e-001
v -3.581720e-001 1.850397e+001 3.581725e-001
v -3.513854e-001 1.842377e+001 3.513860e-001
v -3.272140e-001 1.836075e+001 3.272144e-001
v -2.939606e-001 1.830889e+001 2.939611e-001
v -2.599283e-001 1.826216e+001 2.599288e-001
v -2.334200e-001 1.821454e+001 2.334205e-001
v -2.227389e-001 1.816000e+001 2.227393e-001
v -2.263158e-001 1.810539e+001 2.263163e-001
v -2.361076e-001 1.806063e+001 2.361081e-001
v -2.507055e-001 1.802430e+001 2.507060e-001
v -2.687008e-001 1.799500e+001 2.687013e-001
v -2.886848e-001 1.797133e+001 2.886854e-001
v -3.092490e-001 1.795188e+001 3.092495e-001
v -3.289844e-001 1.793524e+001 3.289849e-001
v -3.464826e-001 1.792000e+001 3.464831e-001
v -3.610943e-001 1.789820e+001 3.610948e-001
v -3.732201e-001 1.786563e+001 3.732206e-001
v -3.830256e-001 1.782648e+001 3.830262e-001
v -3.906767e-001 1.778500e+001 3.906773e-001
v -3.963391e-001 1.774539e+001 3.963397e-001
v -4.001785e-001 1.771188e+001 4.001790e-001
v -4.023606e-001 1.768867e+001 4.023611e-001
v -4.030511e-001 1.768000e+001 4.030516e-001
v -3.997587e-001 1.768065e+001 3.997592e-001
v -3.904999e-001 1.768106e+001 3.905005e-001
v -3.762031e-001 1.767895e+001 3.762037e-001
v -3.577963e-001 1.767200e+001 3.577968e-001
v -3.362074e-001 1.765793e+001 3.362079e-001
v -3.123647e-001 1.763444e+001 3.123651e-001
v -2.871961e-001 1.759923e+001 2.871966e-001
v -2.616297e-001 1.755000e+001 2.616303e-001
v -2.466182e-001 1.751231e+001 2.466186e-001
v -2.356215e-001 1.747692e+001 2.356220e-001
v -2.280191e-001 1.744468e+001 2.280196e-001
v -2.231906e-001 1.741643e+001 2.231911e-001
v -2.205154e-001 1.739300e+001 2.205159e-001
v -2.193727e-001 1.737522e+001 2.193733e-001
v -2.191423e-001 1.736395e+001 2.191428e-001
v -2.192034e-001 1.736000e+001 2.192039e-001
v -2.235150e-001 1.735903e+001 2.235155e-001
v -2.348702e-001 1.735525e+001 2.348707e-001
v -2.508989e-001 1.734735e+001 2.508994e-001
v -2.692311e-001 1.733400e+001 2.692317e-001
v -2.874971e-001 1.731391e+001 2.874977e-001
v -3.033269e-001 1.728575e+001 3.033275e-001
v -3.143507e-001 1.724822e+001 3.143512e-001
v -3.181983e-001 1.720000e+001 3.181988e-001
v -3.174060e-001 1.715306e+001 3.174065e-001
v -3.157894e-001 1.711683e+001 3.157900e-001
v -3.129269e-001 1.708908e+001 3.129275e-001
v -3.083968e-001 1.706760e+001 3.083973e-001
v -3.017772e-001 1.705017e+001 3.017778e-001
v -2.926466e-001 1.703457e+001 2.926472e-001
v -2.805832e-001 1.701859e+001 2.805837e-001
v -2.651653e-001 1.700000e+001 2.651658e-001
v -2.473885e-001 1.696964e+001 2.473890e-001
v -2.341063e-001 1.692978e+001 2.341068e-001
v -2.246638e-001 1.688460e+001 2.246643e-001
v -2.184065e-001 1.683828e+001 2.184070e-001
v -2.146794e-001 1.679498e+001 2.146799e-001
v -2.128278e-001 1.675889e+001 2.128283e-001
v -2.121971e-001 1.673417e+001 2.121976e-001
v -2.121323e-001 1.672500e+001 2.121328e-001
v -1.944546e-001 1.672500e+001 1.944551e-001
v -2.121324e-001 1.257500e+001 2.121331e-001
v -2.828431e-001 1.257500e+001 2.828439e-001
v -2.834922e-001 1.253018e+001 2.834929e-001
v -2.853843e-001 1.240859e+001 2.853850e-001
v -2.884364e-001 1.222959e+001 2.884372e-001
v -2.925658e-001 1.201250e+001 2.925665e-001
v -2.976896e-001 1.177666e+001 2.976903e-001
v -3.037248e-001 1.154141e+001 3.037256e-001
v -3.105887e-001 1.132607e+001 3.105895e-001
v -3.181985e-001 1.115000e+001 3.181993e-001
v -3.430771e-001 1.077964e+001 3.430779e-001
v -3.726850e-001 1.048856e+001 3.726859e-001
v -4.055230e-001 1.026145e+001 4.055238e-001
v -4.400916e-001 1.008302e+001 4.400924e-001
v -4.748915e-001 9.937965e+000 4.748924e-001
v -5.084234e-001 9.810977e+000 5.084243e-001
v -5.391880e-001 9.686756e+000 5.391889e-001
v -5.656859e-001 9.550000e+000 5.656869e-001
v -5.726107e-001 9.468824e+000 5.726117e-001
v -5.692771e-001 9.388821e+000 5.692781e-001
v -5.585623e-001 9.312965e+000 5.585633e-001
v -5.433437e-001 9.244231e+000 5.433447e-001
v -5.264984e-001 9.185591e+000 5.264993e-001
v -5.109037e-001 9.140024e+000 5.109047e-001
v -4.994369e-001 9.110502e+000 4.994378e-001
v -4.949752e-001 9.100000e+000 4.949762e-001
v -4.920750e-001 9.097969e+000 4.920759e-001
v -4.850315e-001 9.091250e+000 4.850325e-001
v -4.763308e-001 9.078907e+000 4.763318e-001
v -4.684587e-001 9.060000e+000 4.684597e-001
v -4.639012e-001 9.033594e+000 4.639021e-001
v -4.651442e-001 8.998751e+000 4.651451e-001
v -4.746735e-001 8.954532e+000 4.746745e-001
v -4.949752e-001 8.900001e+000 4.949762e-001
v -5.183153e-001 8.841172e+000 5.183163e-001
v -5.358548e-001 8.785625e+000 5.358558e-001
v -5.484226e-001 8.734766e+000 5.484235e-001
v -5.568471e-001 8.690001e+000 5.568480e-001
v -5.619570e-001 8.652735e+000 5.619580e-001
v -5.645811e-001 8.624375e+000 5.645820e-001
v -5.655478e-001 8.606329e+000 5.655488e-001
v -5.656859e-001 8.600000e+000 5.656869e-001
v -1.111140e-001 2.700000e+001 1.662940e-001
v -1.111140e-001 2.640000e+001 1.662940e-001
v -1.666710e-001 2.630000e+001 2.494410e-001
v -1.666710e-001 2.610000e+001 2.494410e-001
v -1.701462e-001 2.609583e+001 2.546421e-001
v -1.797022e-001 2.608436e+001 2.689436e-001
v -1.940343e-001 2.606717e+001 2.903931e-001
v -2.118378e-001 2.604580e+001 3.170379e-001
v -2.318082e-001 2.602184e+001 3.469258e-001
v -2.526409e-001 2.599684e+001 3.781040e-001
v -2.730311e-001 2.597237e+001 4.086202e-001
v -2.916743e-001 2.595000e+001 4.365217e-001
v -3.066215e-001 2.592383e+001 4.588919e-001
v -3.201039e-001 2.588594e+001 4.790696e-001
v -3.319585e-001 2.584102e+001 4.968114e-001
v -3.420228e-001 2.579375e+001 5.118737e-001
v -3.501339e-001 2.574883e+001 5.240129e-001
v -3.561291e-001 2.571094e+001 5.329853e-001
v -3.598456e-001 2.568477e+001 5.385473e-001
v -3.611206e-001 2.567500e+001 5.404555e-001
v -3.623142e-001 2.567449e+001 5.422419e-001
v -3.654610e-001 2.567257e+001 5.469513e-001
v -3.699099e-001 2.566868e+001 5.536096e-001
v -3.750098e-001 2.566226e+001 5.612422e-001
v -3.801098e-001 2.565275e+001 5.688748e-001
v -3.845587e-001 2.563958e+001 5.755331e-001
v -3.877055e-001 2.562218e+001 5.802426e-001
v -3.888991e-001 2.560000e+001 5.820290e-001
v -3.877055e-001 2.557668e+001 5.802426e-001
v -3.845587e-001 2.555875e+001 5.755331e-001
v -3.801098e-001 2.554551e+001 5.688748e-001
v -3.750098e-001 2.553625e+001 5.612422e-001
v -3.699099e-001 2.553028e+001 5.536096e-001
v -3.654610e-001 2.552688e+001 5.469513e-001
v -3.623142e-001 2.552535e+001 5.422419e-001
v -3.611206e-001 2.552500e+001 5.404555e-001
v -3.607060e-001 2.551720e+001 5.398351e-001
v -3.590545e-001 2.549581e+001 5.373635e-001
v -3.555540e-001 2.546383e+001 5.321245e-001
v -3.495925e-001 2.542425e+001 5.232025e-001
v -3.405579e-001 2.538008e+001 5.096813e-001
v -3.278384e-001 2.533431e+001 4.906453e-001
v -3.108220e-001 2.528996e+001 4.651783e-001
v -2.888965e-001 2.525000e+001 4.323645e-001
v -2.740679e-001 2.522928e+001 4.101720e-001
v -2.575375e-001 2.520838e+001 3.854324e-001
v -2.404390e-001 2.518821e+001 3.598427e-001
v -2.239066e-001 2.516967e+001 3.351002e-001
v -2.090742e-001 2.515368e+001 3.129019e-001
v -1.970756e-001 2.514113e+001 2.949447e-001
v -1.890449e-001 2.513293e+001 2.829259e-001
v -1.861160e-001 2.513000e+001 2.785425e-001
v -1.847705e-001 2.512301e+001 2.765288e-001
v -1.816020e-001 2.510406e+001 2.717868e-001
v -1.779127e-001 2.507621e+001 2.662654e-001
v -1.750046e-001 2.504250e+001 2.619131e-001
v -1.741799e-001 2.500598e+001 2.606789e-001
v -1.767408e-001 2.496969e+001 2.645115e-001
v -1.839892e-001 2.493668e+001 2.753596e-001
v -1.972274e-001 2.491000e+001 2.951719e-001
v -2.005413e-001 2.490507e+001 3.001316e-001
v -2.037380e-001 2.489903e+001 3.049157e-001
v -2.067003e-001 2.489154e+001 3.093492e-001
v -2.093111e-001 2.488225e+001 3.132564e-001
v -2.114531e-001 2.487080e+001 3.164621e-001
v -2.130091e-001 2.485685e+001 3.187909e-001
v -2.138620e-001 2.484003e+001 3.200673e-001
v -2.138945e-001 2.482000e+001 3.201160e-001
v -2.121258e-001 2.479857e+001 3.174690e-001
v -2.081918e-001 2.478014e+001 3.115813e-001
v -2.028325e-001 2.476465e+001 3.035606e-001
v -1.967881e-001 2.475207e+001 2.945145e-001
v -1.907986e-001 2.474235e+001 2.855505e-001
v -1.856040e-001 2.473546e+001 2.777764e-001
v -1.819446e-001 2.473136e+001 2.722996e-001
v -1.805603e-001 2.473000e+001 2.702278e-001
v -1.812309e-001 2.472690e+001 2.712315e-001
v -1.830083e-001 2.471828e+001 2.738915e-001
v -1.855409e-001 2.470522e+001 2.776819e-001
v -1.884772e-001 2.468875e+001 2.820763e-001
v -1.914655e-001 2.466994e+001 2.865487e-001
v -1.941544e-001 2.464985e+001 2.905729e-001
v -1.961922e-001 2.462951e+001 2.936227e-001
v -1.972274e-001 2.461000e+001 2.951719e-001
v -1.976657e-001 2.455630e+001 2.958279e-001
v -1.962355e-001 2.451332e+001 2.936875e-001
v -1.928164e-001 2.447837e+001 2.885705e-001
v -1.872880e-001 2.444876e+001 2.802966e-001
v -1.795297e-001 2.442181e+001 2.686854e-001
v -1.694210e-001 2.439482e+001 2.535566e-001
v -1.568414e-001 2.436512e+001 2.347299e-001
v -1.416704e-001 2.433000e+001 2.120250e-001
v -1.298342e-001 2.429891e+001 1.943108e-001
v -1.215658e-001 2.426991e+001 1.819363e-001
v -1.164745e-001 2.424264e+001 1.743166e-001
v -1.141697e-001 2.421675e+001 1.708673e-001
v -1.142609e-001 2.419190e+001 1.710037e-001
v -1.163573e-001 2.416772e+001 1.741412e-001
v -1.200683e-001 2.414387e+001 1.796951e-001
v -1.250033e-001 2.412000e+001 1.870809e-001
v -1.258543e-001 2.411213e+001 1.883545e-001
v -1.267710e-001 2.409727e+001 1.897265e-001
v -1.276983e-001 2.407788e+001 1.911142e-001
v -1.285809e-001 2.405646e+001 1.924351e-001
v -1.293634e-001 2.403548e+001 1.936063e-001
v -1.299908e-001 2.401742e+001 1.945453e-001
v -1.304078e-001 2.400477e+001 1.951693e-001
v -1.305590e-001 2.400000e+001 1.953956e-001
v -1.138919e-001 2.400000e+001 1.704516e-001
v -1.305591e-001 1.949000e+001 1.953960e-001
v -1.312419e-001 1.949047e+001 1.964179e-001
v -1.333961e-001 1.949054e+001 1.996418e-001
v -1.371805e-001 1.948819e+001 2.053056e-001
v -1.427541e-001 1.948142e+001 2.136470e-001
v -1.502755e-001 1.946823e+001 2.249037e-001
v -1.599038e-001 1.944660e+001 2.393135e-001
v -1.717977e-001 1.941453e+001 2.571140e-001
v -1.861161e-001 1.937000e+001 2.785430e-001
v -1.880302e-001 1.935552e+001 2.814076e-001
v -1.889287e-001 1.933103e+001 2.827523e-001
v -1.890459e-001 1.930022e+001 2.829277e-001
v -1.886162e-001 1.926675e+001 2.822846e-001
v -1.878740e-001 1.923432e+001 2.811738e-001
v -1.870537e-001 1.920659e+001 2.799461e-001
v -1.863896e-001 1.918726e+001 2.789522e-001
v -1.861161e-001 1.918000e+001 2.785430e-001
v -1.638933e-001 1.918000e+001 2.452842e-001
v -1.641367e-001 1.916733e+001 2.456484e-001
v -1.652732e-001 1.913261e+001 2.473494e-001
v -1.679130e-001 1.908083e+001 2.513000e-001
v -1.726658e-001 1.901696e+001 2.584131e-001
v -1.801416e-001 1.894596e+001 2.696015e-001
v -1.909503e-001 1.887283e+001 2.857778e-001
v -2.057018e-001 1.880251e+001 3.078551e-001
v -2.250061e-001 1.874000e+001 3.367459e-001
v -2.665632e-001 1.860737e+001 3.989406e-001
v -2.814139e-001 1.850397e+001 4.211662e-001
v -2.760817e-001 1.842377e+001 4.131861e-001
v -2.570903e-001 1.836075e+001 3.847634e-001
v -2.309633e-001 1.830889e+001 3.456616e-001
v -2.042243e-001 1.826216e+001 3.056439e-001
v -1.833969e-001 1.821454e+001 2.744734e-001
v -1.750048e-001 1.816000e+001 2.619137e-001
v -1.778152e-001 1.810539e+001 2.661198e-001
v -1.855085e-001 1.806063e+001 2.776337e-001
v -1.969780e-001 1.802430e+001 2.947990e-001
v -2.111168e-001 1.799500e+001 3.159592e-001
v -2.268182e-001 1.797133e+001 3.394580e-001
v -2.429753e-001 1.795188e+001 3.636388e-001
v -2.584813e-001 1.793524e+001 3.868453e-001
v -2.722295e-001 1.792000e+001 4.074210e-001
v -2.837099e-001 1.789820e+001 4.246025e-001
v -2.932370e-001 1.786563e+001 4.388609e-001
v -3.009412e-001 1.782648e+001 4.503911e-001
v -3.069527e-001 1.778500e+001 4.593878e-001
v -3.114016e-001 1.774539e+001 4.660461e-001
v -3.144182e-001 1.771188e+001 4.705607e-001
v -3.161326e-001 1.768867e+001 4.731266e-001
v -3.166752e-001 1.768000e+001 4.739386e-001
v -3.140883e-001 1.768065e+001 4.700670e-001
v -3.068138e-001 1.768106e+001 4.591800e-001
v -2.955809e-001 1.767895e+001 4.423687e-001
v -2.811187e-001 1.767200e+001 4.207245e-001
v -2.641564e-001 1.765793e+001 3.953387e-001
v -2.454233e-001 1.763444e+001 3.673025e-001
v -2.256485e-001 1.759923e+001 3.377074e-001
v -2.055611e-001 1.755000e+001 3.076446e-001
v -1.937666e-001 1.751231e+001 2.899928e-001
v -1.851265e-001 1.747692e+001 2.770621e-001
v -1.791535e-001 1.744468e+001 2.681227e-001
v -1.753597e-001 1.741643e+001 2.624449e-001
v -1.732578e-001 1.739300e+001 2.592992e-001
v -1.723600e-001 1.737522e+001 2.579556e-001
v -1.721790e-001 1.736395e+001 2.576846e-001
v -1.722269e-001 1.736000e+001 2.577564e-001
v -1.756146e-001 1.735903e+001 2.628264e-001
v -1.845363e-001 1.735525e+001 2.761787e-001
v -1.971299e-001 1.734735e+001 2.950264e-001
v -2.115335e-001 1.733400e+001 3.165829e-001
v -2.258850e-001 1.731391e+001 3.380615e-001
v -2.383224e-001 1.728575e+001 3.566753e-001
v -2.469837e-001 1.724822e+001 3.696378e-001
v -2.500068e-001 1.720000e+001 3.741622e-001
v -2.493842e-001 1.715306e+001 3.732305e-001
v -2.481141e-001 1.711683e+001 3.713296e-001
v -2.458651e-001 1.708908e+001 3.679637e-001
v -2.423058e-001 1.706760e+001 3.626368e-001
v -2.371048e-001 1.705017e+001 3.548530e-001
v -2.299310e-001 1.703457e+001 3.441166e-001
v -2.204528e-001 1.701859e+001 3.299315e-001
v -2.083390e-001 1.700000e+001 3.118020e-001
v -1.943719e-001 1.696964e+001 2.908986e-001
v -1.839361e-001 1.692978e+001 2.752804e-001
v -1.765172e-001 1.688460e+001 2.641772e-001
v -1.716008e-001 1.683828e+001 2.568194e-001
v -1.686725e-001 1.679498e+001 2.524368e-001
v -1.672177e-001 1.675889e+001 2.502596e-001
v -1.667221e-001 1.673417e+001 2.495179e-001
v -1.666712e-001 1.672500e+001 2.494417e-001
v -1.527820e-001 1.672500e+001 2.286550e-001
v -1.666714e-001 1.257500e+001 2.494421e-001
v -2.222284e-001 1.257500e+001 3.325891e-001
v -2.227384e-001 1.253018e+001 3.333523e-001
v -2.242249e-001 1.240859e+001 3.355772e-001
v -2.266230e-001 1.222959e+001 3.391661e-001
v -2.298674e-001 1.201250e+001 3.440217e-001
v -2.338931e-001 1.177666e+001 3.500467e-001
v -2.386350e-001 1.154141e+001 3.571435e-001
v -2.440280e-001 1.132607e+001 3.652146e-001
v -2.500069e-001 1.115000e+001 3.741627e-001
v -2.695539e-001 1.077964e+001 4.034168e-001
v -2.928167e-001 1.048856e+001 4.382321e-001
v -3.186173e-001 1.026145e+001 4.768455e-001
v -3.457776e-001 1.008302e+001 5.174938e-001
v -3.731198e-001 9.937965e+000 5.584143e-001
v -3.994656e-001 9.810977e+000 5.978436e-001
v -4.236372e-001 9.686756e+000 6.340190e-001
v -4.444565e-001 9.550000e+000 6.651772e-001
v -4.498972e-001 9.468824e+000 6.733201e-001
v -4.472781e-001 9.388821e+000 6.694001e-001
v -4.388595e-001 9.312965e+000 6.568009e-001
v -4.269023e-001 9.244231e+000 6.389056e-001
v -4.136670e-001 9.185591e+000 6.190977e-001
v -4.014144e-001 9.140024e+000 6.007602e-001
v -3.924049e-001 9.110502e+000 5.872766e-001
v -3.888995e-001 9.100000e+000 5.820303e-001
v -3.866208e-001 9.097969e+000 5.786200e-001
v -3.810867e-001 9.091250e+000 5.703378e-001
v -3.742507e-001 9.078907e+000 5.601068e-001
v -3.680656e-001 9.060000e+000 5.508502e-001
v -3.644848e-001 9.033594e+000 5.454911e-001
v -3.654613e-001 8.998751e+000 5.469527e-001
v -3.729485e-001 8.954532e+000 5.581580e-001
v -3.888995e-001 8.900001e+000 5.820303e-001
v -4.072376e-001 8.841172e+000 6.094753e-001
v -4.210184e-001 8.785625e+000 6.300997e-001
v -4.308928e-001 8.734766e+000 6.448778e-001
v -4.375118e-001 8.690001e+000 6.547839e-001
v -4.415267e-001 8.652735e+000 6.607926e-001
v -4.435884e-001 8.624375e+000 6.638781e-001
v -4.443479e-001 8.606329e+000 6.650149e-001
v -4.444565e-001 8.600000e+000 6.651773e-001
v -7.653663e-002 2.700000e+001 1.847759e-001
v -7.653664e-002 2.640000e+001 1.847760e-001
v -1.148050e-001 2.630000e+001 2.771640e-001
v -1.148050e-001 2.610000e+001 2.771640e-001
v -1.171987e-001 2.609583e+001 2.829431e-001
v -1.237810e-001 2.608436e+001 2.988341e-001
v -1.336531e-001 2.606717e+001 3.226675e-001
v -1.459164e-001 2.604580e+001 3.522737e-001
v -1.596722e-001 2.602184e+001 3.854833e-001
v -1.740220e-001 2.599684e+001 4.201267e-001
v -1.880670e-001 2.597237e+001 4.540344e-001
v -2.009087e-001 2.595000e+001 4.850370e-001
v -2.112045e-001 2.592383e+001 5.098933e-001
v -2.204913e-001 2.588594e+001 5.323136e-001
v -2.286569e-001 2.584102e+001 5.520272e-001
v -2.355893e-001 2.579375e+001 5.687636e-001
v -2.411764e-001 2.574883e+001 5.822518e-001
v -2.453059e-001 2.571094e+001 5.922214e-001
v -2.478658e-001 2.568477e+001 5.984017e-001
v -2.487441e-001 2.567500e+001 6.005219e-001
v -2.495662e-001 2.567449e+001 6.025069e-001
v -2.517338e-001 2.567257e+001 6.077397e-001
v -2.547982e-001 2.566868e+001 6.151381e-001
v -2.583112e-001 2.566226e+001 6.236189e-001
v -2.618240e-001 2.565275e+001 6.320999e-001
v -2.648885e-001 2.563958e+001 6.394981e-001
v -2.670560e-001 2.562218e+001 6.447310e-001
v -2.678782e-001 2.560000e+001 6.467159e-001
v -2.670560e-001 2.557668e+001 6.447310e-001
v -2.648885e-001 2.555875e+001 6.394981e-001
v -2.618240e-001 2.554551e+001 6.320999e-001
v -2.583112e-001 2.553625e+001 6.236189e-001
v -2.547982e-001 2.553028e+001 6.151381e-001
v -2.517338e-001 2.552688e+001 6.077397e-001
v -2.495662e-001 2.552535e+001 6.025069e-001
v -2.487441e-001 2.552500e+001 6.005219e-001
v -2.484585e-001 2.551720e+001 5.998326e-001
v -2.473210e-001 2.549581e+001 5.970863e-001
v -2.449098e-001 2.546383e+001 5.912651e-001
v -2.408034e-001 2.542425e+001 5.813514e-001
v -2.345803e-001 2.538008e+001 5.663275e-001
v -2.258189e-001 2.533431e+001 5.451757e-001
v -2.140978e-001 2.528996e+001 5.168783e-001
v -1.989953e-001 2.525000e+001 4.804177e-001
v -1.887812e-001 2.522928e+001 4.557586e-001
v -1.773948e-001 2.520838e+001 4.282695e-001
v -1.656172e-001 2.518821e+001 3.998358e-001
v -1.542295e-001 2.516967e+001 3.723434e-001
v -1.440127e-001 2.515368e+001 3.476779e-001
v -1.357480e-001 2.514113e+001 3.277250e-001
v -1.302163e-001 2.513293e+001 3.143704e-001
v -1.281989e-001 2.513000e+001 3.094999e-001
v -1.272721e-001 2.512301e+001 3.072623e-001
v -1.250896e-001 2.510406e+001 3.019933e-001
v -1.225483e-001 2.507621e+001 2.958582e-001
v -1.205452e-001 2.504250e+001 2.910223e-001
v -1.199772e-001 2.500598e+001 2.896509e-001
v -1.217411e-001 2.496969e+001 2.939094e-001
v -1.267339e-001 2.493668e+001 3.059631e-001
v -1.358525e-001 2.491000e+001 3.279775e-001
v -1.381352e-001 2.490507e+001 3.334883e-001
v -1.403371e-001 2.489903e+001 3.388042e-001
v -1.423776e-001 2.489154e+001 3.437304e-001
v -1.441759e-001 2.488225e+001 3.480718e-001
v -1.456513e-001 2.487080e+001 3.516339e-001
v -1.467232e-001 2.485685e+001 3.542215e-001
v -1.473106e-001 2.484003e+001 3.556397e-001
v -1.473330e-001 2.482000e+001 3.556939e-001
v -1.461148e-001 2.479857e+001 3.527527e-001
v -1.434050e-001 2.478014e+001 3.462106e-001
v -1.397134e-001 2.476465e+001 3.372985e-001
v -1.355499e-001 2.475207e+001 3.272469e-001
v -1.314243e-001 2.474235e+001 3.172867e-001
v -1.278462e-001 2.473546e+001 3.086485e-001
v -1.253256e-001 2.473136e+001 3.025631e-001
v -1.243721e-001 2.473000e+001 3.002611e-001
v -1.248340e-001 2.472690e+001 3.013762e-001
v -1.260583e-001 2.471828e+001 3.043319e-001
v -1.278028e-001 2.470522e+001 3.085435e-001
v -1.298253e-001 2.468875e+001 3.134264e-001
v -1.318837e-001 2.466994e+001 3.183958e-001
v -1.337358e-001 2.464985e+001 3.228673e-001
v -1.351395e-001 2.462951e+001 3.262560e-001
v -1.358525e-001 2.461000e+001 3.279775e-001
v -1.361544e-001 2.455630e+001 3.287063e-001
v -1.351693e-001 2.451332e+001 3.263280e-001
v -1.328142e-001 2.447837e+001 3.206423e-001
v -1.290062e-001 2.444876e+001 3.114488e-001
v -1.236621e-001 2.442181e+001 2.985472e-001
v -1.166991e-001 2.439482e+001 2.817370e-001
v -1.080342e-001 2.436512e+001 2.608179e-001
v -9.758425e-002 2.433000e+001 2.355896e-001
v -8.943132e-002 2.429891e+001 2.159066e-001
v -8.373593e-002 2.426991e+001 2.021567e-001
v -8.022899e-002 2.424264e+001 1.936902e-001
v -7.864145e-002 2.421675e+001 1.898576e-001
v -7.870423e-002 2.419190e+001 1.900091e-001
v -8.014826e-002 2.416772e+001 1.934953e-001
v -8.270445e-002 2.414387e+001 1.996665e-001
v -8.610376e-002 2.412000e+001 2.078732e-001
v -8.668991e-002 2.411213e+001 2.092883e-001
v -8.732137e-002 2.409727e+001 2.108128e-001
v -8.796008e-002 2.407788e+001 2.123547e-001
v -8.856799e-002 2.405646e+001 2.138224e-001
v -8.910705e-002 2.403548e+001 2.151238e-001
v -8.953921e-002 2.401742e+001 2.161671e-001
v -8.982641e-002 2.400477e+001 2.168605e-001
v -8.993059e-002 2.400000e+001 2.171120e-001
v -7.845010e-002 2.400000e+001 1.893956e-001
v -8.993067e-002 1.949000e+001 2.171124e-001
v -9.040096e-002 1.949047e+001 2.182478e-001
v -9.188478e-002 1.949054e+001 2.218300e-001
v -9.449156e-002 1.948819e+001 2.281234e-001
v -9.833067e-002 1.948142e+001 2.373918e-001
v -1.035116e-001 1.946823e+001 2.498996e-001
v -1.101436e-001 1.944660e+001 2.659108e-001
v -1.183363e-001 1.941453e+001 2.856897e-001
v -1.281990e-001 1.937000e+001 3.095003e-001
v -1.295174e-001 1.935552e+001 3.126834e-001
v -1.301363e-001 1.933103e+001 3.141775e-001
v -1.302170e-001 1.930022e+001 3.143724e-001
v -1.299211e-001 1.926675e+001 3.136578e-001
v -1.294098e-001 1.923432e+001 3.124236e-001
v -1.288448e-001 1.920659e+001 3.110594e-001
v -1.283873e-001 1.918726e+001 3.099551e-001
v -1.281990e-001 1.918000e+001 3.095003e-001
v -1.128917e-001 1.918000e+001 2.725452e-001
v -1.130593e-001 1.916733e+001 2.729498e-001
v -1.138422e-001 1.913261e+001 2.748398e-001
v -1.156604e-001 1.908083e+001 2.792296e-001
v -1.189342e-001 1.901696e+001 2.871332e-001
v -1.240836e-001 1.894596e+001 2.995650e-001
v -1.315288e-001 1.887283e+001 3.175393e-001
v -1.416898e-001 1.880251e+001 3.420702e-001
v -1.549868e-001 1.874000e+001 3.741719e-001
v -1.836119e-001 1.860737e+001 4.432791e-001
v -1.938412e-001 1.850397e+001 4.679748e-001
v -1.901683e-001 1.842377e+001 4.591078e-001
v -1.770868e-001 1.836075e+001 4.275262e-001
v -1.590903e-001 1.830889e+001 3.840785e-001
v -1.406721e-001 1.826216e+001 3.396132e-001
v -1.263259e-001 1.821454e+001 3.049785e-001
v -1.205453e-001 1.816000e+001 2.910228e-001
v -1.224812e-001 1.810539e+001 2.956964e-001
v -1.277804e-001 1.806063e+001 3.084899e-001
v -1.356808e-001 1.802430e+001 3.275630e-001
v -1.454197e-001 1.799500e+001 3.510750e-001
v -1.562350e-001 1.797133e+001 3.771855e-001
v -1.673642e-001 1.795188e+001 4.040538e-001
v -1.780450e-001 1.793524e+001 4.298394e-001
v -1.875149e-001 1.792000e+001 4.527018e-001
v -1.954227e-001 1.789820e+001 4.717929e-001
v -2.019851e-001 1.786563e+001 4.876361e-001
v -2.072919e-001 1.782648e+001 5.004477e-001
v -2.114326e-001 1.778500e+001 5.104443e-001
v -2.144970e-001 1.774539e+001 5.178426e-001
v -2.165749e-001 1.771188e+001 5.228590e-001
v -2.177558e-001 1.768867e+001 5.257100e-001
v -2.181296e-001 1.768000e+001 5.266123e-001
v -2.163477e-001 1.768065e+001 5.223104e-001
v -2.113369e-001 1.768106e+001 5.102134e-001
v -2.035996e-001 1.767895e+001 4.915337e-001
v -1.936378e-001 1.767200e+001 4.674839e-001
v -1.819540e-001 1.765793e+001 4.392767e-001
v -1.690504e-001 1.763444e+001 4.081246e-001
v -1.554293e-001 1.759923e+001 3.752403e-001
v -1.415929e-001 1.755000e+001 3.418363e-001
v -1.334687e-001 1.751231e+001 3.222227e-001
v -1.275173e-001 1.747692e+001 3.078548e-001
v -1.234030e-001 1.744468e+001 2.979219e-001
v -1.207898e-001 1.741643e+001 2.916131e-001
v -1.193420e-001 1.739300e+001 2.881177e-001
v -1.187236e-001 1.737522e+001 2.866248e-001
v -1.185989e-001 1.736395e+001 2.863237e-001
v -1.186319e-001 1.736000e+001 2.864035e-001
v -1.209654e-001 1.735903e+001 2.920370e-001
v -1.271107e-001 1.735525e+001 3.068732e-001
v -1.357854e-001 1.734735e+001 3.278157e-001
v -1.457068e-001 1.733400e+001 3.517680e-001
v -1.555922e-001 1.731391e+001 3.756337e-001
v -1.641593e-001 1.728575e+001 3.963163e-001
v -1.701252e-001 1.724822e+001 4.107195e-001
v -1.722076e-001 1.720000e+001 4.157467e-001
v -1.717788e-001 1.715306e+001 4.147114e-001
v -1.709039e-001 1.711683e+001 4.125993e-001
v -1.693548e-001 1.708908e+001 4.088593e-001
v -1.669030e-001 1.706760e+001 4.029404e-001
v -1.633206e-001 1.705017e+001 3.942915e-001
v -1.583791e-001 1.703457e+001 3.823618e-001
v -1.518505e-001 1.701859e+001 3.666002e-001
v -1.435063e-001 1.700000e+001 3.464557e-001
v -1.338856e-001 1.696964e+001 3.232292e-001
v -1.266973e-001 1.692978e+001 3.058751e-001
v -1.215871e-001 1.688460e+001 2.935379e-001
v -1.182007e-001 1.683828e+001 2.853624e-001
v -1.161836e-001 1.679498e+001 2.804927e-001
v -1.151815e-001 1.675889e+001 2.780735e-001
v -1.148401e-001 1.673417e+001 2.772493e-001
v -1.148051e-001 1.672500e+001 2.771648e-001
v -1.052380e-001 1.672500e+001 2.540677e-001
v -1.148052e-001 1.257500e+001 2.771651e-001
v -1.530735e-001 1.257500e+001 3.695531e-001
v -1.534248e-001 1.253018e+001 3.704012e-001
v -1.544487e-001 1.240859e+001 3.728733e-001
v -1.561006e-001 1.222959e+001 3.768611e-001
v -1.583354e-001 1.201250e+001 3.822564e-001
v -1.611083e-001 1.177666e+001 3.889510e-001
v -1.643746e-001 1.154141e+001 3.968364e-001
v -1.680893e-001 1.132607e+001 4.058046e-001
v -1.722077e-001 1.115000e+001 4.157472e-001
v -1.856719e-001 1.077964e+001 4.482527e-001
v -2.016955e-001 1.048856e+001 4.869373e-001
v -2.194673e-001 1.026145e+001 5.298422e-001
v -2.381757e-001 1.008302e+001 5.750083e-001
v -2.570093e-001 9.937965e+000 6.204766e-001
v -2.751566e-001 9.810977e+000 6.642882e-001
v -2.918063e-001 9.686756e+000 7.044840e-001
v -3.061468e-001 9.550000e+000 7.391053e-001
v -3.098945e-001 9.468824e+000 7.481530e-001
v -3.080904e-001 9.388821e+000 7.437975e-001
v -3.022916e-001 9.312965e+000 7.297980e-001
v -2.940553e-001 9.244231e+000 7.099138e-001
v -2.849387e-001 9.185591e+000 6.879044e-001
v -2.764989e-001 9.140024e+000 6.675289e-001
v -2.702931e-001 9.110502e+000 6.525467e-001
v -2.678785e-001 9.100000e+000 6.467173e-001
v -2.663089e-001 9.097969e+000 6.429280e-001
v -2.624970e-001 9.091250e+000 6.337252e-001
v -2.577882e-001 9.078907e+000 6.223572e-001
v -2.535279e-001 9.060000e+000 6.120719e-001
v -2.510614e-001 9.033594e+000 6.061171e-001
v -2.517341e-001 8.998751e+000 6.077412e-001
v -2.568913e-001 8.954532e+000 6.201919e-001
v -2.678785e-001 8.900001e+000 6.467173e-001
v -2.805101e-001 8.841172e+000 6.772125e-001
v -2.900024e-001 8.785625e+000 7.001292e-001
v -2.968040e-001 8.734766e+000 7.165496e-001
v -3.013633e-001 8.690001e+000 7.275568e-001
v -3.041288e-001 8.652735e+000 7.342333e-001
v -3.055489e-001 8.624375e+000 7.376617e-001
v -3.060721e-001 8.606329e+000 7.389249e-001
v -3.061468e-001 8.600000e+000 7.391053e-001
v -3.901808e-002 2.700000e+001 1.961571e-001
v -3.901808e-002 2.640000e+001 1.961571e-001
v -5.852713e-002 2.630000e+001 2.942356e-001
v -5.852713e-002 2.610000e+001 2.942356e-001
v -5.974746e-002 2.609583e+001 3.003707e-001
v -6.310308e-002 2.608436e+001 3.172405e-001
v -6.813584e-002 2.606717e+001 3.425419e-001
v -7.438762e-002 2.604580e+001 3.739717e-001
v -8.140029e-002 2.602184e+001 4.092268e-001
v -8.871573e-002 2.599684e+001 4.460040e-001
v -9.587584e-002 2.597237e+001 4.820002e-001
v -1.024225e-001 2.595000e+001 5.149124e-001
v -1.076712e-001 2.592383e+001 5.412998e-001
v -1.124056e-001 2.588594e+001 5.651010e-001
v -1.165684e-001 2.584102e+001 5.860289e-001
v -1.201025e-001 2.579375e+001 6.037961e-001
v -1.229508e-001 2.574883e+001 6.181151e-001
v -1.250560e-001 2.571094e+001 6.286988e-001
v -1.263611e-001 2.568477e+001 6.352597e-001
v -1.268088e-001 2.567500e+001 6.375106e-001
v -1.272279e-001 2.567449e+001 6.396177e-001
v -1.283329e-001 2.567257e+001 6.451730e-001
v -1.298952e-001 2.566868e+001 6.530269e-001
v -1.316860e-001 2.566226e+001 6.620302e-001
v -1.334769e-001 2.565275e+001 6.710335e-001
v -1.350392e-001 2.563958e+001 6.788874e-001
v -1.361441e-001 2.562218e+001 6.844426e-001
v -1.365633e-001 2.560000e+001 6.865498e-001
v -1.361441e-001 2.557668e+001 6.844426e-001
v -1.350392e-001 2.555875e+001 6.788874e-001
v -1.334769e-001 2.554551e+001 6.710335e-001
v -1.316860e-001 2.553625e+001 6.620302e-001
v -1.298952e-001 2.553028e+001 6.530269e-001
v -1.283329e-001 2.552688e+001 6.451730e-001
v -1.272279e-001 2.552535e+001 6.396177e-001
v -1.268088e-001 2.552500e+001 6.375106e-001
v -1.266632e-001 2.551720e+001 6.367788e-001
v -1.260833e-001 2.549581e+001 6.338633e-001
v -1.248541e-001 2.546383e+001 6.276836e-001
v -1.227606e-001 2.542425e+001 6.171592e-001
v -1.195881e-001 2.538008e+001 6.012100e-001
v -1.151216e-001 2.533431e+001 5.787554e-001
v -1.091462e-001 2.528996e+001 5.487150e-001
v -1.014470e-001 2.525000e+001 5.100086e-001
v -9.623992e-002 2.522928e+001 4.838307e-001
v -9.043520e-002 2.520838e+001 4.546484e-001
v -8.443103e-002 2.518821e+001 4.244634e-001
v -7.862560e-002 2.516967e+001 3.952776e-001
v -7.341713e-002 2.515368e+001 3.690928e-001
v -6.920379e-002 2.514113e+001 3.479109e-001
v -6.638379e-002 2.513293e+001 3.337338e-001
v -6.535529e-002 2.513000e+001 3.285632e-001
v -6.488281e-002 2.512301e+001 3.261879e-001
v -6.377018e-002 2.510406e+001 3.205943e-001
v -6.247466e-002 2.507621e+001 3.140813e-001
v -6.145349e-002 2.504250e+001 3.089475e-001
v -6.116390e-002 2.500598e+001 3.074917e-001
v -6.206314e-002 2.496969e+001 3.120125e-001
v -6.460846e-002 2.493668e+001 3.248087e-001
v -6.925710e-002 2.491000e+001 3.481790e-001
v -7.042079e-002 2.490507e+001 3.540292e-001
v -7.154332e-002 2.489903e+001 3.596725e-001
v -7.258356e-002 2.489154e+001 3.649021e-001
v -7.350032e-002 2.488225e+001 3.695110e-001
v -7.425249e-002 2.487080e+001 3.732924e-001
v -7.479889e-002 2.485685e+001 3.760394e-001
v -7.509839e-002 2.484003e+001 3.775451e-001
v -7.510982e-002 2.482000e+001 3.776025e-001
v -7.448874e-002 2.479857e+001 3.744802e-001
v -7.310729e-002 2.478014e+001 3.675352e-001
v -7.122537e-002 2.476465e+001 3.580740e-001
v -6.910284e-002 2.475207e+001 3.474034e-001
v -6.699960e-002 2.474235e+001 3.368297e-001
v -6.517553e-002 2.473546e+001 3.276594e-001
v -6.389049e-002 2.473136e+001 3.211992e-001
v -6.340440e-002 2.473000e+001 3.187554e-001
v -6.363988e-002 2.472690e+001 3.199393e-001
v -6.426401e-002 2.471828e+001 3.230770e-001
v -6.515335e-002 2.470522e+001 3.275480e-001
v -6.618444e-002 2.468875e+001 3.327316e-001
v -6.723381e-002 2.466994e+001 3.380072e-001
v -6.817801e-002 2.464985e+001 3.427540e-001
v -6.889360e-002 2.462951e+001 3.463515e-001
v -6.925710e-002 2.461000e+001 3.481790e-001
v -6.941100e-002 2.455630e+001 3.489527e-001
v -6.890880e-002 2.451332e+001 3.464279e-001
v -6.770817e-002 2.447837e+001 3.403920e-001
v -6.576684e-002 2.444876e+001 3.306322e-001
v -6.304248e-002 2.442181e+001 3.169360e-001
v -5.949277e-002 2.439482e+001 2.990904e-001
v -5.507540e-002 2.436512e+001 2.768828e-001
v -4.974807e-002 2.433000e+001 2.501005e-001
v -4.559174e-002 2.429891e+001 2.292052e-001
v -4.268825e-002 2.426991e+001 2.146084e-001
v -4.090043e-002 2.424264e+001 2.056204e-001
v -4.009111e-002 2.421675e+001 2.015517e-001
v -4.012311e-002 2.419190e+001 2.017126e-001
v -4.085927e-002 2.416772e+001 2.054135e-001
v -4.216241e-002 2.414387e+001 2.119648e-001
v -4.389536e-002 2.412000e+001 2.206769e-001
v -4.419418e-002 2.411213e+001 2.221792e-001
v -4.451610e-002 2.409727e+001 2.237976e-001
v -4.484171e-002 2.407788e+001 2.254345e-001
v -4.515162e-002 2.405646e+001 2.269926e-001
v -4.542643e-002 2.403548e+001 2.283741e-001
v -4.564674e-002 2.401742e+001 2.294817e-001
v -4.579315e-002 2.400477e+001 2.302178e-001
v -4.584627e-002 2.400000e+001 2.304848e-001
v -3.999356e-002 2.400000e+001 2.010613e-001
v -4.584631e-002 1.949000e+001 2.304852e-001
v -4.608606e-002 1.949047e+001 2.316905e-001
v -4.684251e-002 1.949054e+001 2.354935e-001
v -4.817143e-002 1.948819e+001 2.421744e-001
v -5.012860e-002 1.948142e+001 2.520137e-001
v -5.276980e-002 1.946823e+001 2.652919e-001
v -5.615080e-002 1.944660e+001 2.822894e-001
v -6.032739e-002 1.941453e+001 3.032865e-001
v -6.535535e-002 1.937000e+001 3.285637e-001
v -6.602749e-002 1.935552e+001 3.319428e-001
v -6.634299e-002 1.933103e+001 3.335290e-001
v -6.638414e-002 1.930022e+001 3.337359e-001
v -6.623325e-002 1.926675e+001 3.329773e-001
v -6.597263e-002 1.923432e+001 3.316670e-001
v -6.568456e-002 1.920659e+001 3.302188e-001
v -6.545137e-002 1.918726e+001 3.290465e-001
v -6.535535e-002 1.918000e+001 3.285637e-001
v -5.755173e-002 1.918000e+001 2.893323e-001
v -5.763717e-002 1.916733e+001 2.897619e-001
v -5.803629e-002 1.913261e+001 2.917683e-001
v -5.896324e-002 1.908083e+001 2.964285e-001
v -6.063221e-002 1.901696e+001 3.048189e-001
v -6.325736e-002 1.894596e+001 3.180165e-001
v -6.705288e-002 1.887283e+001 3.370978e-001
v -7.223292e-002 1.880251e+001 3.631397e-001
v -7.901168e-002 1.874000e+001 3.972187e-001
v -9.360462e-002 1.860737e+001 4.705824e-001
v -9.881948e-002 1.850397e+001 4.967993e-001
v -9.694708e-002 1.842377e+001 4.873861e-001
v -9.027817e-002 1.836075e+001 4.538592e-001
v -8.110359e-002 1.830889e+001 4.077355e-001
v -7.171409e-002 1.826216e+001 3.605314e-001
v -6.440048e-002 1.821454e+001 3.237633e-001
v -6.145354e-002 1.816000e+001 3.089481e-001
v -6.244043e-002 1.810539e+001 3.139095e-001
v -6.514197e-002 1.806063e+001 3.274911e-001
v -6.916952e-002 1.802430e+001 3.477390e-001
v -7.413442e-002 1.799500e+001 3.726992e-001
v -7.964801e-002 1.797133e+001 4.004178e-001
v -8.532164e-002 1.795188e+001 4.289411e-001
v -9.076665e-002 1.793524e+001 4.563150e-001
v -9.559437e-002 1.792000e+001 4.805856e-001
v -9.962573e-002 1.789820e+001 5.008526e-001
v -1.029712e-001 1.786563e+001 5.176716e-001
v -1.056766e-001 1.782648e+001 5.312723e-001
v -1.077875e-001 1.778500e+001 5.418847e-001
v -1.093498e-001 1.774539e+001 5.497386e-001
v -1.104091e-001 1.771188e+001 5.550640e-001
v -1.110111e-001 1.768867e+001 5.580907e-001
v -1.112016e-001 1.768000e+001 5.590485e-001
v -1.102932e-001 1.768065e+001 5.544816e-001
v -1.077387e-001 1.768106e+001 5.416396e-001
v -1.037943e-001 1.767895e+001 5.218093e-001
v -9.871582e-002 1.767200e+001 4.962782e-001
v -9.275947e-002 1.765793e+001 4.663335e-001
v -8.618125e-002 1.763444e+001 4.332627e-001
v -7.923726e-002 1.759923e+001 3.983529e-001
v -7.218352e-002 1.755000e+001 3.628914e-001
v -6.804183e-002 1.751231e+001 3.420697e-001
v -6.500784e-002 1.747692e+001 3.268169e-001
v -6.291037e-002 1.744468e+001 3.162721e-001
v -6.157818e-002 1.741643e+001 3.095748e-001
v -6.084008e-002 1.739300e+001 3.058641e-001
v -6.052484e-002 1.737522e+001 3.042792e-001
v -6.046125e-002 1.736395e+001 3.039595e-001
v -6.047810e-002 1.736000e+001 3.040443e-001
v -6.166769e-002 1.735903e+001 3.100248e-001
v -6.480057e-002 1.735525e+001 3.257748e-001
v -6.922287e-002 1.734735e+001 3.480072e-001
v -7.428074e-002 1.733400e+001 3.734348e-001
v -7.932033e-002 1.731391e+001 3.987705e-001
v -8.368775e-002 1.728575e+001 4.207271e-001
v -8.672919e-002 1.724822e+001 4.360174e-001
v -8.779076e-002 1.720000e+001 4.413542e-001
v -8.757216e-002 1.715306e+001 4.402552e-001
v -8.712615e-002 1.711683e+001 4.380130e-001
v -8.633639e-002 1.708908e+001 4.340427e-001
v -8.508652e-002 1.706760e+001 4.277591e-001
v -8.326019e-002 1.705017e+001 4.185776e-001
v -8.074107e-002 1.703457e+001 4.059131e-001
v -7.741278e-002 1.701859e+001 3.891806e-001
v -7.315898e-002 1.700000e+001 3.677953e-001
v -6.825437e-002 1.696964e+001 3.431382e-001
v -6.458980e-002 1.692978e+001 3.247152e-001
v -6.198464e-002 1.688460e+001 3.116181e-001
v -6.025824e-002 1.683828e+001 3.029389e-001
v -5.922994e-002 1.679498e+001 2.977694e-001
v -5.871909e-002 1.675889e+001 2.952012e-001
v -5.854506e-002 1.673417e+001 2.943262e-001
v -5.852720e-002 1.672500e+001 2.942365e-001
v -5.364994e-002 1.672500e+001 2.697168e-001
v -5.852723e-002 1.257500e+001 2.942368e-001
v -7.803627e-002 1.257500e+001 3.923154e-001
v -7.821537e-002 1.253018e+001 3.932157e-001
v -7.873739e-002 1.240859e+001 3.958400e-001
v -7.957947e-002 1.222959e+001 4.000735e-001
v -8.071876e-002 1.201250e+001 4.058011e-001
v -8.213241e-002 1.177666e+001 4.129080e-001
v -8.379754e-002 1.154141e+001 4.212792e-001
v -8.569129e-002 1.132607e+001 4.307997e-001
v -8.779081e-002 1.115000e+001 4.413548e-001
v -9.465480e-002 1.077964e+001 4.758624e-001
v -1.028236e-001 1.048856e+001 5.169297e-001
v -1.118836e-001 1.026145e+001 5.624774e-001
v -1.214210e-001 1.008302e+001 6.104254e-001
v -1.310223e-001 9.937965e+000 6.586943e-001
v -1.402738e-001 9.810977e+000 7.052044e-001
v -1.487617e-001 9.686756e+000 7.478760e-001
v -1.560725e-001 9.550000e+000 7.846298e-001
v -1.579830e-001 9.468824e+000 7.942348e-001
v -1.570633e-001 9.388821e+000 7.896109e-001
v -1.541071e-001 9.312965e+000 7.747492e-001
v -1.499083e-001 9.244231e+000 7.536402e-001
v -1.452606e-001 9.185591e+000 7.302751e-001
v -1.409581e-001 9.140024e+000 7.086447e-001
v -1.377944e-001 9.110502e+000 6.927397e-001
v -1.365634e-001 9.100000e+000 6.865513e-001
v -1.357633e-001 9.097969e+000 6.825286e-001
v -1.338200e-001 9.091250e+000 6.727590e-001
v -1.314194e-001 9.078907e+000 6.606907e-001
v -1.292475e-001 9.060000e+000 6.497718e-001
v -1.279901e-001 9.033594e+000 6.434503e-001
v -1.283331e-001 8.998751e+000 6.451744e-001
v -1.309622e-001 8.954532e+000 6.583920e-001
v -1.365634e-001 8.900001e+000 6.865513e-001
v -1.430029e-001 8.841172e+000 7.189248e-001
v -1.478421e-001 8.785625e+000 7.432529e-001
v -1.513095e-001 8.734766e+000 7.606848e-001
v -1.536338e-001 8.690001e+000 7.723700e-001
v -1.550437e-001 8.652735e+000 7.794577e-001
v -1.557676e-001 8.624375e+000 7.830973e-001
v -1.560344e-001 8.606329e+000 7.844383e-001
v -1.560725e-001 8.600000e+000 7.846298e-001
v 2.384976e-009 2.700000e+001 2.000000e-001
v 2.384977e-009 2.640000e+001 2.000001e-001
v 3.577465e-009 2.630000e+001 3.000001e-001
v 3.577465e-009 2.610000e+001 3.000001e-001
v 3.652058e-009 2.609583e+001 3.062553e-001
v 3.857170e-009 2.608436e+001 3.234556e-001
v 4.164797e-009 2.606717e+001 3.492527e-001
v 4.546936e-009 2.604580e+001 3.812982e-001
v 4.975585e-009 2.602184e+001 4.172440e-001
v 5.422740e-009 2.599684e+001 4.547417e-001
v 5.860401e-009 2.597237e+001 4.914432e-001
v 6.260564e-009 2.595000e+001 5.250002e-001
v 6.581394e-009 2.592383e+001 5.519044e-001
v 6.870782e-009 2.588594e+001 5.761721e-001
v 7.125234e-009 2.584102e+001 5.975099e-001
v 7.341256e-009 2.579375e+001 6.156251e-001
v 7.515355e-009 2.574883e+001 6.302248e-001
v 7.644036e-009 2.571094e+001 6.410158e-001
v 7.723806e-009 2.568477e+001 6.477053e-001
v 7.751174e-009 2.567500e+001 6.500002e-001
v 7.776793e-009 2.567449e+001 6.521486e-001
v 7.844337e-009 2.567257e+001 6.578127e-001
v 7.939829e-009 2.566868e+001 6.658205e-001
v 8.049295e-009 2.566226e+001 6.750001e-001
v 8.158763e-009 2.565275e+001 6.841798e-001
v 8.254254e-009 2.563958e+001 6.921877e-001
v 8.321797e-009 2.562218e+001 6.978517e-001
v 8.347417e-009 2.560000e+001 7.000002e-001
v 8.321797e-009 2.557668e+001 6.978517e-001
v 8.254254e-009 2.555875e+001 6.921877e-001
v 8.158763e-009 2.554551e+001 6.841798e-001
v 8.049295e-009 2.553625e+001 6.750001e-001
v 7.939829e-009 2.553028e+001 6.658205e-001
v 7.844337e-009 2.552688e+001 6.578127e-001
v 7.776793e-009 2.552535e+001 6.521486e-001
v 7.751174e-009 2.552500e+001 6.500002e-001
v 7.742277e-009 2.551720e+001 6.492541e-001
v 7.706827e-009 2.549581e+001 6.462814e-001
v 7.631692e-009 2.546383e+001 6.399806e-001
v 7.503732e-009 2.542425e+001 6.292502e-001
v 7.309813e-009 2.538008e+001 6.129884e-001
v 7.036799e-009 2.533431e+001 5.900939e-001
v 6.671552e-009 2.528996e+001 5.594650e-001
v 6.200940e-009 2.525000e+001 5.200002e-001
v 5.882656e-009 2.522928e+001 4.933095e-001
v 5.527843e-009 2.520838e+001 4.635555e-001
v 5.160838e-009 2.518821e+001 4.327791e-001
v 4.805983e-009 2.516967e+001 4.030215e-001
v 4.487615e-009 2.515368e+001 3.763238e-001
v 4.230075e-009 2.514113e+001 3.547269e-001
v 4.057702e-009 2.513293e+001 3.402720e-001
v 3.994836e-009 2.513000e+001 3.350002e-001
v 3.965956e-009 2.512301e+001 3.325783e-001
v 3.897946e-009 2.510406e+001 3.268752e-001
v 3.818757e-009 2.507621e+001 3.202345e-001
v 3.756338e-009 2.504250e+001 3.150002e-001
v 3.738637e-009 2.500598e+001 3.135158e-001
v 3.793604e-009 2.496969e+001 3.181252e-001
v 3.949186e-009 2.493668e+001 3.311720e-001
v 4.233334e-009 2.491000e+001 3.550002e-001
v 4.304464e-009 2.490507e+001 3.609650e-001
v 4.373078e-009 2.489903e+001 3.667189e-001
v 4.436662e-009 2.489154e+001 3.720510e-001
v 4.492700e-009 2.488225e+001 3.767502e-001
v 4.538676e-009 2.487080e+001 3.806057e-001
v 4.572075e-009 2.485685e+001 3.834065e-001
v 4.590381e-009 2.484003e+001 3.849416e-001
v 4.591080e-009 2.482000e+001 3.850002e-001
v 4.553117e-009 2.479857e+001 3.818167e-001
v 4.468677e-009 2.478014e+001 3.747356e-001
v 4.353644e-009 2.476465e+001 3.650891e-001
v 4.223905e-009 2.475207e+001 3.542095e-001
v 4.095344e-009 2.474235e+001 3.434286e-001
v 3.983847e-009 2.473546e+001 3.340787e-001
v 3.905300e-009 2.473136e+001 3.274918e-001
v 3.875588e-009 2.473000e+001 3.250002e-001
v 3.889981e-009 2.472690e+001 3.262072e-001
v 3.928132e-009 2.471828e+001 3.294064e-001
v 3.982493e-009 2.470522e+001 3.339650e-001
v 4.045517e-009 2.468875e+001 3.392502e-001
v 4.109660e-009 2.466994e+001 3.446291e-001
v 4.167374e-009 2.464985e+001 3.494689e-001
v 4.211115e-009 2.462951e+001 3.531369e-001
v 4.233334e-009 2.461000e+001 3.550002e-001
v 4.242741e-009 2.455630e+001 3.557890e-001
v 4.212044e-009 2.451332e+001 3.532148e-001
v 4.138655e-009 2.447837e+001 3.470607e-001
v 4.019992e-009 2.444876e+001 3.371097e-001
v 3.853466e-009 2.442181e+001 3.231451e-001
v 3.636490e-009 2.439482e+001 3.049499e-001
v 3.366479e-009 2.436512e+001 2.823072e-001
v 3.040846e-009 2.433000e+001 2.550003e-001
v 2.786791e-009 2.429891e+001 2.336956e-001
v 2.609315e-009 2.426991e+001 2.188128e-001
v 2.500035e-009 2.424264e+001 2.096488e-001
v 2.450565e-009 2.421675e+001 2.055003e-001
v 2.452521e-009 2.419190e+001 2.056644e-001
v 2.497519e-009 2.416772e+001 2.094378e-001
v 2.577173e-009 2.414387e+001 2.161174e-001
v 2.683100e-009 2.412000e+001 2.250003e-001
v 2.701365e-009 2.411213e+001 2.265320e-001
v 2.721042e-009 2.409727e+001 2.281820e-001
v 2.740945e-009 2.407788e+001 2.298511e-001
v 2.759889e-009 2.405646e+001 2.314396e-001
v 2.776686e-009 2.403548e+001 2.328483e-001
v 2.790153e-009 2.401742e+001 2.339776e-001
v 2.799102e-009 2.400477e+001 2.347280e-001
v 2.802349e-009 2.400000e+001 2.350003e-001
v 2.444602e-009 2.400000e+001 2.050003e-001
v 2.802351e-009 1.949000e+001 2.350007e-001
v 2.817006e-009 1.949047e+001 2.362296e-001
v 2.863244e-009 1.949054e+001 2.401070e-001
v 2.944474e-009 1.948819e+001 2.469189e-001
v 3.064106e-009 1.948142e+001 2.569510e-001
v 3.225548e-009 1.946823e+001 2.704893e-001
v 3.432212e-009 1.944660e+001 2.878197e-001
v 3.687506e-009 1.941453e+001 3.092282e-001
v 3.994839e-009 1.937000e+001 3.350007e-001
v 4.035924e-009 1.935552e+001 3.384460e-001
v 4.055209e-009 1.933103e+001 3.400632e-001
v 4.057724e-009 1.930022e+001 3.402741e-001
v 4.048501e-009 1.926675e+001 3.395007e-001
v 4.032570e-009 1.923432e+001 3.381647e-001
v 4.014962e-009 1.920659e+001 3.366882e-001
v 4.000709e-009 1.918726e+001 3.354929e-001
v 3.994839e-009 1.918000e+001 3.350007e-001
v 3.517844e-009 1.918000e+001 2.950007e-001
v 3.523067e-009 1.916733e+001 2.954386e-001
v 3.547463e-009 1.913261e+001 2.974845e-001
v 3.604123e-009 1.908083e+001 3.022358e-001
v 3.706138e-009 1.901696e+001 3.107907e-001
v 3.866599e-009 1.894596e+001 3.242468e-001
v 4.098600e-009 1.887283e+001 3.437020e-001
v 4.415230e-009 1.880251e+001 3.702540e-001
v 4.829581e-009 1.874000e+001 4.050007e-001
v 5.721573e-009 1.860737e+001 4.798017e-001
v 6.040331e-009 1.850397e+001 5.065321e-001
v 5.925881e-009 1.842377e+001 4.969345e-001
v 5.518245e-009 1.836075e+001 4.627509e-001
v 4.957449e-009 1.830889e+001 4.157235e-001
v 4.383517e-009 1.826216e+001 3.675946e-001
v 3.936473e-009 1.821454e+001 3.301063e-001
v 3.756342e-009 1.816000e+001 3.150008e-001
v 3.816665e-009 1.810539e+001 3.200594e-001
v 3.981797e-009 1.806063e+001 3.339070e-001
v 4.227981e-009 1.802430e+001 3.545516e-001
v 4.531459e-009 1.799500e+001 3.800008e-001
v 4.868477e-009 1.797133e+001 4.082625e-001
v 5.215277e-009 1.795188e+001 4.373446e-001
v 5.548102e-009 1.793524e+001 4.652547e-001
v 5.843196e-009 1.792000e+001 4.900008e-001
v 6.089613e-009 1.789820e+001 5.106649e-001
v 6.294107e-009 1.786563e+001 5.278134e-001
v 6.459471e-009 1.782648e+001 5.416806e-001
v 6.588502e-009 1.778500e+001 5.525009e-001
v 6.683994e-009 1.774539e+001 5.605087e-001
v 6.748742e-009 1.771188e+001 5.659384e-001
v 6.785542e-009 1.768867e+001 5.690243e-001
v 6.797187e-009 1.768000e+001 5.700009e-001
v 6.741662e-009 1.768065e+001 5.653446e-001
v 6.585521e-009 1.768106e+001 5.522509e-001
v 6.344414e-009 1.767895e+001 5.320321e-001
v 6.033995e-009 1.767200e+001 5.060008e-001
v 5.669913e-009 1.765793e+001 4.754696e-001
v 5.267821e-009 1.763444e+001 4.417508e-001
v 4.843370e-009 1.759923e+001 4.061571e-001
v 4.412211e-009 1.755000e+001 3.700008e-001
v 4.159050e-009 1.751231e+001 3.487712e-001
v 3.973598e-009 1.747692e+001 3.332196e-001
v 3.845390e-009 1.744468e+001 3.224683e-001
v 3.763961e-009 1.741643e+001 3.156397e-001
v 3.718844e-009 1.739300e+001 3.118563e-001
v 3.699575e-009 1.737522e+001 3.102404e-001
v 3.695688e-009 1.736395e+001 3.099145e-001
v 3.696718e-009 1.736000e+001 3.100008e-001
v 3.769432e-009 1.735903e+001 3.160985e-001
v 3.960929e-009 1.735525e+001 3.321571e-001
v 4.231242e-009 1.734735e+001 3.548250e-001
v 4.540403e-009 1.733400e+001 3.807508e-001
v 4.848447e-009 1.731391e+001 4.065829e-001
v 5.115406e-009 1.728575e+001 4.289696e-001
v 5.301314e-009 1.724822e+001 4.445595e-001
v 5.366202e-009 1.720000e+001 4.500009e-001
v 5.352839e-009 1.715306e+001 4.488803e-001
v 5.325577e-009 1.711683e+001 4.465942e-001
v 5.277303e-009 1.708908e+001 4.425460e-001
v 5.200905e-009 1.706760e+001 4.361394e-001
v 5.089271e-009 1.705017e+001 4.267780e-001
v 4.935290e-009 1.703457e+001 4.138654e-001
v 4.731849e-009 1.701859e+001 3.968051e-001
v 4.471836e-009 1.700000e+001 3.750009e-001
v 4.172041e-009 1.696964e+001 3.498607e-001
v 3.948045e-009 1.692978e+001 3.310767e-001
v 3.788805e-009 1.688460e+001 3.177231e-001
v 3.683279e-009 1.683828e+001 3.088739e-001
v 3.620424e-009 1.679498e+001 3.036030e-001
v 3.589199e-009 1.675889e+001 3.009845e-001
v 3.578561e-009 1.673417e+001 3.000925e-001
v 3.577469e-009 1.672500e+001 3.000009e-001
v 3.279347e-009 1.672500e+001 2.750009e-001
v 3.577472e-009 1.257500e+001 3.000013e-001
v 4.769960e-009 1.257500e+001 4.000013e-001
v 4.780906e-009 1.253018e+001 4.009192e-001
v 4.812815e-009 1.240859e+001 4.035950e-001
v 4.864287e-009 1.222959e+001 4.079114e-001
v 4.933927e-009 1.201250e+001 4.137512e-001
v 5.020336e-009 1.177666e+001 4.209974e-001
v 5.122117e-009 1.154141e+001 4.295326e-001
v 5.237871e-009 1.132607e+001 4.392396e-001
v 5.366204e-009 1.115000e+001 4.500014e-001
v 5.785765e-009 1.077964e+001 4.851851e-001
v 6.285084e-009 1.048856e+001 5.270571e-001
v 6.838873e-009 1.026145e+001 5.734969e-001
v 7.421850e-009 1.008302e+001 6.223843e-001
v 8.008727e-009 9.937965e+000 6.715989e-001
v 8.574220e-009 9.810977e+000 7.190202e-001
v 9.093045e-009 9.686756e+000 7.625279e-001
v 9.539914e-009 9.550000e+000 8.000016e-001
v 9.656697e-009 9.468824e+000 8.097948e-001
v 9.600478e-009 9.388821e+000 8.050804e-001
v 9.419781e-009 9.312965e+000 7.899274e-001
v 9.163128e-009 9.244231e+000 7.684050e-001
v 8.879042e-009 9.185591e+000 7.445821e-001
v 8.616049e-009 9.140024e+000 7.225279e-001
v 8.422669e-009 9.110502e+000 7.063113e-001
v 8.347427e-009 9.100000e+000 7.000016e-001
v 8.298516e-009 9.097969e+000 6.959001e-001
v 8.179733e-009 9.091250e+000 6.859391e-001
v 8.033000e-009 9.078907e+000 6.736344e-001
v 7.900243e-009 9.060000e+000 6.625016e-001
v 7.823384e-009 9.033594e+000 6.560563e-001
v 7.844346e-009 8.998751e+000 6.578141e-001
v 8.005052e-009 8.954532e+000 6.712907e-001
v 8.347427e-009 8.900001e+000 7.000016e-001
v 8.741040e-009 8.841172e+000 7.330095e-001
v 9.036834e-009 8.785625e+000 7.578141e-001
v 9.248780e-009 8.734766e+000 7.755876e-001
v 9.390853e-009 8.690001e+000 7.875016e-001
v 9.477029e-009 8.652735e+000 7.947282e-001
v 9.521282e-009 8.624375e+000 7.984391e-001
v 9.537585e-009 8.606329e+000 7.998063e-001
v 9.539914e-009 8.600000e+000 8.000016e-001
v 3.901808e-002 2.700000e+001 1.961571e-001
v 3.901809e-002 2.640000e+001 1.961571e-001
v 5.852713e-002 2.630000e+001 2.942356e-001
v 5.852713e-002 2.610000e+001 2.942356e-001
v 5.974747e-002 2.609583e+001 3.003707e-001
v 6.310309e-002 2.608436e+001 3.172405e-001
v 6.813584e-002 2.606717e+001 3.425419e-001
v 7.438762e-002 2.604580e+001 3.739717e-001
v 8.140031e-002 2.602184e+001 4.092268e-001
v 8.871575e-002 2.599684e+001 4.460040e-001
v 9.587585e-002 2.597237e+001 4.820002e-001
v 1.024225e-001 2.595000e+001 5.149124e-001
v 1.076713e-001 2.592383e+001 5.412998e-001
v 1.124056e-001 2.588594e+001 5.651010e-001
v 1.165684e-001 2.584102e+001 5.860289e-001
v 1.201026e-001 2.579375e+001 6.037961e-001
v 1.229508e-001 2.574883e+001 6.181151e-001
v 1.250560e-001 2.571094e+001 6.286988e-001
v 1.263611e-001 2.568477e+001 6.352597e-001
v 1.268088e-001 2.567500e+001 6.375106e-001
v 1.272279e-001 2.567449e+001 6.396177e-001
v 1.283329e-001 2.567257e+001 6.451730e-001
v 1.298952e-001 2.566868e+001 6.530269e-001
v 1.316860e-001 2.566226e+001 6.620302e-001
v 1.334769e-001 2.565275e+001 6.710335e-001
v 1.350392e-001 2.563958e+001 6.788874e-001
v 1.361442e-001 2.562218e+001 6.844426e-001
v 1.365633e-001 2.560000e+001 6.865498e-001
v 1.361442e-001 2.557668e+001 6.844426e-001
v 1.350392e-001 2.555875e+001 6.788874e-001
v 1.334769e-001 2.554551e+001 6.710335e-001
v 1.316860e-001 2.553625e+001 6.620302e-001
v 1.298952e-001 2.553028e+001 6.530269e-001
v 1.283329e-001 2.552688e+001 6.451730e-001
v 1.272279e-001 2.552535e+001 6.396177e-001
v 1.268088e-001 2.552500e+001 6.375106e-001
v 1.266632e-001 2.551720e+001 6.367788e-001
v 1.260833e-001 2.549581e+001 6.338633e-001
v 1.248541e-001 2.546383e+001 6.276836e-001
v 1.227607e-001 2.542425e+001 6.171592e-001
v 1.195882e-001 2.538008e+001 6.012100e-001
v 1.151216e-001 2.533431e+001 5.787554e-001
v 1.091462e-001 2.528996e+001 5.487150e-001
v 1.014470e-001 2.525000e+001 5.100086e-001
v 9.623993e-002 2.522928e+001 4.838307e-001
v 9.043521e-002 2.520838e+001 4.546484e-001
v 8.443104e-002 2.518821e+001 4.244634e-001
v 7.862562e-002 2.516967e+001 3.952776e-001
v 7.341714e-002 2.515368e+001 3.690928e-001
v 6.920380e-002 2.514113e+001 3.479109e-001
v 6.638379e-002 2.513293e+001 3.337338e-001
v 6.535530e-002 2.513000e+001 3.285632e-001
v 6.488281e-002 2.512301e+001 3.261879e-001
v 6.377020e-002 2.510406e+001 3.205943e-001
v 6.247467e-002 2.507621e+001 3.140813e-001
v 6.145350e-002 2.504250e+001 3.089475e-001
v 6.116391e-002 2.500598e+001 3.074917e-001
v 6.206315e-002 2.496969e+001 3.120125e-001
v 6.460847e-002 2.493668e+001 3.248087e-001
v 6.925712e-002 2.491000e+001 3.481790e-001
v 7.042080e-002 2.490507e+001 3.540292e-001
v 7.154333e-002 2.489903e+001 3.596725e-001
v 7.258356e-002 2.489154e+001 3.649021e-001
v 7.350034e-002 2.488225e+001 3.695110e-001
v 7.425250e-002 2.487080e+001 3.732924e-001
v 7.479890e-002 2.485685e+001 3.760394e-001
v 7.509840e-002 2.484003e+001 3.775451e-001
v 7.510983e-002 2.482000e+001 3.776025e-001
v 7.448875e-002 2.479857e+001 3.744802e-001
v 7.310731e-002 2.478014e+001 3.675352e-001
v 7.122537e-002 2.476465e+001 3.580740e-001
v 6.910285e-002 2.475207e+001 3.474034e-001
v 6.699961e-002 2.474235e+001 3.368297e-001
v 6.517553e-002 2.473546e+001 3.276594e-001
v 6.389050e-002 2.473136e+001 3.211992e-001
v 6.340440e-002 2.473000e+001 3.187554e-001
v 6.363989e-002 2.472690e+001 3.199393e-001
v 6.426403e-002 2.471828e+001 3.230770e-001
v 6.515336e-002 2.470522e+001 3.275480e-001
v 6.618445e-002 2.468875e+001 3.327316e-001
v 6.723382e-002 2.466994e+001 3.380072e-001
v 6.817803e-002 2.464985e+001 3.427540e-001
v 6.889361e-002 2.462951e+001 3.463515e-001
v 6.925712e-002 2.461000e+001 3.481790e-001
v 6.941101e-002 2.455630e+001 3.489527e-001
v 6.890880e-002 2.451332e+001 3.464279e-001
v 6.770819e-002 2.447837e+001 3.403920e-001
v 6.576685e-002 2.444876e+001 3.306322e-001
v 6.304249e-002 2.442181e+001 3.169360e-001
v 5.949278e-002 2.439482e+001 2.990904e-001
v 5.507541e-002 2.436512e+001 2.768828e-001
v 4.974808e-002 2.433000e+001 2.501005e-001
v 4.559175e-002 2.429891e+001 2.292052e-001
v 4.268826e-002 2.426991e+001 2.146084e-001
v 4.090044e-002 2.424264e+001 2.056204e-001
v 4.009112e-002 2.421675e+001 2.015517e-001
v 4.012312e-002 2.419190e+001 2.017126e-001
v 4.085928e-002 2.416772e+001 2.054135e-001
v 4.216242e-002 2.414387e+001 2.119648e-001
v 4.389537e-002 2.412000e+001 2.206769e-001
v 4.419419e-002 2.411213e+001 2.221792e-001
v 4.451611e-002 2.409727e+001 2.237976e-001
v 4.484171e-002 2.407788e+001 2.254345e-001
v 4.515163e-002 2.405646e+001 2.269926e-001
v 4.542644e-002 2.403548e+001 2.283741e-001
v 4.564675e-002 2.401742e+001 2.294817e-001
v 4.579316e-002 2.400477e+001 2.302178e-001
v 4.584628e-002 2.400000e+001 2.304848e-001
v 3.999356e-002 2.400000e+001 2.010613e-001
v 4.584632e-002 1.949000e+001 2.304852e-001
v 4.608607e-002 1.949047e+001 2.316905e-001
v 4.684252e-002 1.949054e+001 2.354935e-001
v 4.817144e-002 1.948819e+001 2.421744e-001
v 5.012861e-002 1.948142e+001 2.520137e-001
v 5.276981e-002 1.946823e+001 2.652919e-001
v 5.615081e-002 1.944660e+001 2.822894e-001
v 6.032740e-002 1.941453e+001 3.032865e-001
v 6.535535e-002 1.937000e+001 3.285637e-001
v 6.602750e-002 1.935552e+001 3.319428e-001
v 6.634300e-002 1.933103e+001 3.335290e-001
v 6.638415e-002 1.930022e+001 3.337359e-001
v 6.623326e-002 1.926675e+001 3.329773e-001
v 6.597263e-002 1.923432e+001 3.316670e-001
v 6.568457e-002 1.920659e+001 3.302188e-001
v 6.545138e-002 1.918726e+001 3.290465e-001
v 6.535536e-002 1.918000e+001 3.285637e-001
v 5.755174e-002 1.918000e+001 2.893323e-001
v 5.763718e-002 1.916733e+001 2.897619e-001
v 5.803630e-002 1.913261e+001 2.917683e-001
v 5.896325e-002 1.908083e+001 2.964285e-001
v 6.063221e-002 1.901696e+001 3.048189e-001
v 6.325737e-002 1.894596e+001 3.180165e-001
v 6.705289e-002 1.887283e+001 3.370978e-001
v 7.223293e-002 1.880251e+001 3.631397e-001
v 7.901169e-002 1.874000e+001 3.972187e-001
v 9.360463e-002 1.860737e+001 4.705824e-001
v 9.881949e-002 1.850397e+001 4.967993e-001
v 9.694710e-002 1.842377e+001 4.873861e-001
v 9.027819e-002 1.836075e+001 4.538592e-001
v 8.110360e-002 1.830889e+001 4.077355e-001
v 7.171411e-002 1.826216e+001 3.605314e-001
v 6.440049e-002 1.821454e+001 3.237633e-001
v 6.145355e-002 1.816000e+001 3.089481e-001
v 6.244044e-002 1.810539e+001 3.139095e-001
v 6.514198e-002 1.806063e+001 3.274911e-001
v 6.916954e-002 1.802430e+001 3.477390e-001
v 7.413443e-002 1.799500e+001 3.726992e-001
v 7.964803e-002 1.797133e+001 4.004178e-001
v 8.532165e-002 1.795188e+001 4.289411e-001
v 9.076666e-002 1.793524e+001 4.563150e-001
v 9.559439e-002 1.792000e+001 4.805856e-001
v 9.962574e-002 1.789820e+001 5.008526e-001
v 1.029712e-001 1.786563e+001 5.176716e-001
v 1.056766e-001 1.782648e+001 5.312723e-001
v 1.077875e-001 1.778500e+001 5.418847e-001
v 1.093498e-001 1.774539e+001 5.497386e-001
v 1.104091e-001 1.771188e+001 5.550640e-001
v 1.110111e-001 1.768867e+001 5.580907e-001
v 1.112016e-001 1.768000e+001 5.590485e-001
v 1.102932e-001 1.768065e+001 5.544816e-001
v 1.077388e-001 1.768106e+001 5.416396e-001
v 1.037943e-001 1.767895e+001 5.218093e-001
v 9.871583e-002 1.767200e+001 4.962782e-001
v 9.275948e-002 1.765793e+001 4.663335e-001
v 8.618127e-002 1.763444e+001 4.332627e-001
v 7.923727e-002 1.759923e+001 3.983529e-001
v 7.218353e-002 1.755000e+001 3.628914e-001
v 6.804185e-002 1.751231e+001 3.420697e-001
v 6.500786e-002 1.747692e+001 3.268169e-001
v 6.291038e-002 1.744468e+001 3.162721e-001
v 6.157820e-002 1.741643e+001 3.095748e-001
v 6.084009e-002 1.739300e+001 3.058641e-001
v 6.052484e-002 1.737522e+001 3.042792e-001
v 6.046126e-002 1.736395e+001 3.039595e-001
v 6.047811e-002 1.736000e+001 3.040443e-001
v 6.166770e-002 1.735903e+001 3.100248e-001
v 6.480058e-002 1.735525e+001 3.257748e-001
v 6.922288e-002 1.734735e+001 3.480072e-001
v 7.428076e-002 1.733400e+001 3.734348e-001
v 7.932034e-002 1.731391e+001 3.987705e-001
v 8.368777e-002 1.728575e+001 4.207271e-001
v 8.672921e-002 1.724822e+001 4.360174e-001
v 8.779077e-002 1.720000e+001 4.413542e-001
v 8.757216e-002 1.715306e+001 4.402552e-001
v 8.712617e-002 1.711683e+001 4.380130e-001
v 8.633640e-002 1.708908e+001 4.340427e-001
v 8.508654e-002 1.706760e+001 4.277591e-001
v 8.326020e-002 1.705017e+001 4.185776e-001
v 8.074109e-002 1.703457e+001 4.059131e-001
v 7.741279e-002 1.701859e+001 3.891806e-001
v 7.315899e-002 1.700000e+001 3.677953e-001
v 6.825438e-002 1.696964e+001 3.431382e-001
v 6.458981e-002 1.692978e+001 3.247152e-001
v 6.198465e-002 1.688460e+001 3.116181e-001
v 6.025825e-002 1.683828e+001 3.029389e-001
v 5.922995e-002 1.679498e+001 2.977694e-001
v 5.871910e-002 1.675889e+001 2.952012e-001
v 5.854507e-002 1.673417e+001 2.943262e-001
v 5.852721e-002 1.672500e+001 2.942365e-001
v 5.364995e-002 1.672500e+001 2.697168e-001
v 5.852725e-002 1.257500e+001 2.942368e-001
v 7.803629e-002 1.257500e+001 3.923154e-001
v 7.821538e-002 1.253018e+001 3.932157e-001
v 7.873739e-002 1.240859e+001 3.958400e-001
v 7.957948e-002 1.222959e+001 4.000735e-001
v 8.071878e-002 1.201250e+001 4.058011e-001
v 8.213242e-002 1.177666e+001 4.129080e-001
v 8.379755e-002 1.154141e+001 4.212792e-001
v 8.569130e-002 1.132607e+001 4.307997e-001
v 8.779082e-002 1.115000e+001 4.413548e-001
v 9.465481e-002 1.077964e+001 4.758624e-001
v 1.028236e-001 1.048856e+001 5.169297e-001
v 1.118836e-001 1.026145e+001 5.624774e-001
v 1.214211e-001 1.008302e+001 6.104254e-001
v 1.310224e-001 9.937965e+000 6.586943e-001
v 1.402738e-001 9.810977e+000 7.052044e-001
v 1.487617e-001 9.686756e+000 7.478760e-001
v 1.560725e-001 9.550000e+000 7.846298e-001
v 1.579830e-001 9.468824e+000 7.942348e-001
v 1.570633e-001 9.388821e+000 7.896109e-001
v 1.541071e-001 9.312965e+000 7.747492e-001
v 1.499083e-001 9.244231e+000 7.536402e-001
v 1.452607e-001 9.185591e+000 7.302751e-001
v 1.409581e-001 9.140024e+000 7.086447e-001
v 1.377944e-001 9.110502e+000 6.927397e-001
v 1.365635e-001 9.100000e+000 6.865513e-001
v 1.357633e-001 9.097969e+000 6.825286e-001
v 1.338200e-001 9.091250e+000 6.727590e-001
v 1.314195e-001 9.078907e+000 6.606907e-001
v 1.292476e-001 9.060000e+000 6.497718e-001
v 1.279901e-001 9.033594e+000 6.434503e-001
v 1.283331e-001 8.998751e+000 6.451744e-001
v 1.309622e-001 8.954532e+000 6.583920e-001
v 1.365635e-001 8.900001e+000 6.865513e-001
v 1.430030e-001 8.841172e+000 7.189248e-001
v 1.478421e-001 8.785625e+000 7.432529e-001
v 1.513095e-001 8.734766e+000 7.606848e-001
v 1.536339e-001 8.690001e+000 7.723700e-001
v 1.550437e-001 8.652735e+000 7.794577e-001
v 1.557677e-001 8.624375e+000 7.830973e-001
v 1.560344e-001 8.606329e+000 7.844383e-001
v 1.560725e-001 8.600000e+000 7.846298e-001
v 7.653672e-002 2.700000e+001 1.847759e-001
v 7.653674e-002 2.640000e+001 1.847760e-001
v 1.148051e-001 2.630000e+001 2.771639e-001
v 1.148051e-001 2.610000e+001 2.771639e-001
v 1.171989e-001 2.609583e+001 2.829430e-001
v 1.237812e-001 2.608436e+001 2.988340e-001
v 1.336533e-001 2.606717e+001 3.226674e-001
v 1.459166e-001 2.604580e+001 3.522736e-001
v 1.596724e-001 2.602184e+001 3.854832e-001
v 1.740222e-001 2.599684e+001 4.201266e-001
v 1.880672e-001 2.597237e+001 4.540343e-001
v 2.009089e-001 2.595000e+001 4.850368e-001
v 2.112048e-001 2.592383e+001 5.098932e-001
v 2.204916e-001 2.588594e+001 5.323135e-001
v 2.286572e-001 2.584102e+001 5.520271e-001
v 2.355896e-001 2.579375e+001 5.687634e-001
v 2.411767e-001 2.574883e+001 5.822517e-001
v 2.453062e-001 2.571094e+001 5.922213e-001
v 2.478662e-001 2.568477e+001 5.984016e-001
v 2.487444e-001 2.567500e+001 6.005217e-001
v 2.495666e-001 2.567449e+001 6.025067e-001
v 2.517341e-001 2.567257e+001 6.077396e-001
v 2.547986e-001 2.566868e+001 6.151379e-001
v 2.583115e-001 2.566226e+001 6.236187e-001
v 2.618244e-001 2.565275e+001 6.320997e-001
v 2.648888e-001 2.563958e+001 6.394979e-001
v 2.670564e-001 2.562218e+001 6.447309e-001
v 2.678786e-001 2.560000e+001 6.467157e-001
v 2.670564e-001 2.557668e+001 6.447309e-001
v 2.648888e-001 2.555875e+001 6.394979e-001
v 2.618244e-001 2.554551e+001 6.320997e-001
v 2.583115e-001 2.553625e+001 6.236187e-001
v 2.547986e-001 2.553028e+001 6.151379e-001
v 2.517341e-001 2.552688e+001 6.077396e-001
v 2.495666e-001 2.552535e+001 6.025067e-001
v 2.487444e-001 2.552500e+001 6.005217e-001
v 2.484589e-001 2.551720e+001 5.998325e-001
v 2.473213e-001 2.549581e+001 5.970861e-001
v 2.449101e-001 2.546383e+001 5.912649e-001
v 2.408037e-001 2.542425e+001 5.813513e-001
v 2.345806e-001 2.538008e+001 5.663274e-001
v 2.258192e-001 2.533431e+001 5.451756e-001
v 2.140981e-001 2.528996e+001 5.168782e-001
v 1.989955e-001 2.525000e+001 4.804175e-001
v 1.887814e-001 2.522928e+001 4.557585e-001
v 1.773950e-001 2.520838e+001 4.282694e-001
v 1.656174e-001 2.518821e+001 3.998357e-001
v 1.542297e-001 2.516967e+001 3.723433e-001
v 1.440129e-001 2.515368e+001 3.476778e-001
v 1.357481e-001 2.514113e+001 3.277249e-001
v 1.302165e-001 2.513293e+001 3.143703e-001
v 1.281990e-001 2.513000e+001 3.094998e-001
v 1.272722e-001 2.512301e+001 3.072622e-001
v 1.250897e-001 2.510406e+001 3.019933e-001
v 1.225485e-001 2.507621e+001 2.958581e-001
v 1.205454e-001 2.504250e+001 2.910222e-001
v 1.199773e-001 2.500598e+001 2.896508e-001
v 1.217413e-001 2.496969e+001 2.939093e-001
v 1.267341e-001 2.493668e+001 3.059631e-001
v 1.358527e-001 2.491000e+001 3.279774e-001
v 1.381354e-001 2.490507e+001 3.334882e-001
v 1.403373e-001 2.489903e+001 3.388041e-001
v 1.423778e-001 2.489154e+001 3.437303e-001
v 1.441761e-001 2.488225e+001 3.480718e-001
v 1.456515e-001 2.487080e+001 3.516338e-001
v 1.467233e-001 2.485685e+001 3.542214e-001
v 1.473108e-001 2.484003e+001 3.556396e-001
v 1.473332e-001 2.482000e+001 3.556938e-001
v 1.461149e-001 2.479857e+001 3.527526e-001
v 1.434051e-001 2.478014e+001 3.462105e-001
v 1.397136e-001 2.476465e+001 3.372984e-001
v 1.355501e-001 2.475207e+001 3.272468e-001
v 1.314245e-001 2.474235e+001 3.172866e-001
v 1.278464e-001 2.473546e+001 3.086484e-001
v 1.253257e-001 2.473136e+001 3.025630e-001
v 1.243722e-001 2.473000e+001 3.002610e-001
v 1.248341e-001 2.472690e+001 3.013762e-001
v 1.260584e-001 2.471828e+001 3.043319e-001
v 1.278029e-001 2.470522e+001 3.085434e-001
v 1.298255e-001 2.468875e+001 3.134263e-001
v 1.318839e-001 2.466994e+001 3.183958e-001
v 1.337360e-001 2.464985e+001 3.228672e-001
v 1.351397e-001 2.462951e+001 3.262559e-001
v 1.358527e-001 2.461000e+001 3.279774e-001
v 1.361546e-001 2.455630e+001 3.287062e-001
v 1.351695e-001 2.451332e+001 3.263279e-001
v 1.328144e-001 2.447837e+001 3.206422e-001
v 1.290063e-001 2.444876e+001 3.114488e-001
v 1.236623e-001 2.442181e+001 2.985472e-001
v 1.166993e-001 2.439482e+001 2.817369e-001
v 1.080343e-001 2.436512e+001 2.608179e-001
v 9.758437e-002 2.433000e+001 2.355895e-001
v 8.943142e-002 2.429891e+001 2.159066e-001
v 8.373602e-002 2.426991e+001 2.021567e-001
v 8.022909e-002 2.424264e+001 1.936902e-001
v 7.864155e-002 2.421675e+001 1.898575e-001
v 7.870433e-002 2.419190e+001 1.900091e-001
v 8.014835e-002 2.416772e+001 1.934953e-001
v 8.270456e-002 2.414387e+001 1.996665e-001
v 8.610386e-002 2.412000e+001 2.078731e-001
v 8.669002e-002 2.411213e+001 2.092882e-001
v 8.732148e-002 2.409727e+001 2.108127e-001
v 8.796018e-002 2.407788e+001 2.123547e-001
v 8.856811e-002 2.405646e+001 2.138223e-001
v 8.910716e-002 2.403548e+001 2.151237e-001
v 8.953932e-002 2.401742e+001 2.161671e-001
v 8.982651e-002 2.400477e+001 2.168604e-001
v 8.993071e-002 2.400000e+001 2.171119e-001
v 7.845020e-002 2.400000e+001 1.893956e-001
v 8.993078e-002 1.949000e+001 2.171123e-001
v 9.040108e-002 1.949047e+001 2.182477e-001
v 9.188490e-002 1.949054e+001 2.218300e-001
v 9.449168e-002 1.948819e+001 2.281233e-001
v 9.833080e-002 1.948142e+001 2.373918e-001
v 1.035117e-001 1.946823e+001 2.498995e-001
v 1.101438e-001 1.944660e+001 2.659108e-001
v 1.183364e-001 1.941453e+001 2.856896e-001
v 1.281991e-001 1.937000e+001 3.095002e-001
v 1.295176e-001 1.935552e+001 3.126833e-001
v 1.301365e-001 1.933103e+001 3.141774e-001
v 1.302172e-001 1.930022e+001 3.143723e-001
v 1.299212e-001 1.926675e+001 3.136577e-001
v 1.294100e-001 1.923432e+001 3.124235e-001
v 1.288449e-001 1.920659e+001 3.110593e-001
v 1.283875e-001 1.918726e+001 3.099550e-001
v 1.281991e-001 1.918000e+001 3.095003e-001
v 1.128918e-001 1.918000e+001 2.725451e-001
v 1.130594e-001 1.916733e+001 2.729497e-001
v 1.138423e-001 1.913261e+001 2.748398e-001
v 1.156606e-001 1.908083e+001 2.792295e-001
v 1.189344e-001 1.901696e+001 2.871331e-001
v 1.240838e-001 1.894596e+001 2.995650e-001
v 1.315290e-001 1.887283e+001 3.175392e-001
v 1.416900e-001 1.880251e+001 3.420701e-001
v 1.549870e-001 1.874000e+001 3.741719e-001
v 1.836121e-001 1.860737e+001 4.432789e-001
v 1.938414e-001 1.850397e+001 4.679747e-001
v 1.901686e-001 1.842377e+001 4.591076e-001
v 1.770870e-001 1.836075e+001 4.275261e-001
v 1.590904e-001 1.830889e+001 3.840784e-001
v 1.406723e-001 1.826216e+001 3.396131e-001
v 1.263261e-001 1.821454e+001 3.049784e-001
v 1.205455e-001 1.816000e+001 2.910228e-001
v 1.224813e-001 1.810539e+001 2.956963e-001
v 1.277806e-001 1.806063e+001 3.084899e-001
v 1.356809e-001 1.802430e+001 3.275629e-001
v 1.454199e-001 1.799500e+001 3.510749e-001
v 1.562352e-001 1.797133e+001 3.771853e-001
v 1.673644e-001 1.795188e+001 4.040537e-001
v 1.780452e-001 1.793524e+001 4.298393e-001
v 1.875151e-001 1.792000e+001 4.527017e-001
v 1.954229e-001 1.789820e+001 4.717928e-001
v 2.019854e-001 1.786563e+001 4.876359e-001
v 2.072921e-001 1.782648e+001 5.004475e-001
v 2.114329e-001 1.778500e+001 5.104442e-001
v 2.144973e-001 1.774539e+001 5.178425e-001
v 2.165752e-001 1.771188e+001 5.228589e-001
v 2.177561e-001 1.768867e+001 5.257099e-001
v 2.181298e-001 1.768000e+001 5.266122e-001
v 2.163480e-001 1.768065e+001 5.223103e-001
v 2.113372e-001 1.768106e+001 5.102133e-001
v 2.035998e-001 1.767895e+001 4.915335e-001
v 1.936381e-001 1.767200e+001 4.674838e-001
v 1.819543e-001 1.765793e+001 4.392766e-001
v 1.690506e-001 1.763444e+001 4.081245e-001
v 1.554295e-001 1.759923e+001 3.752402e-001
v 1.415931e-001 1.755000e+001 3.418362e-001
v 1.334689e-001 1.751231e+001 3.222226e-001
v 1.275175e-001 1.747692e+001 3.078547e-001
v 1.234032e-001 1.744468e+001 2.979218e-001
v 1.207900e-001 1.741643e+001 2.916130e-001
v 1.193421e-001 1.739300e+001 2.881176e-001
v 1.187238e-001 1.737522e+001 2.866248e-001
v 1.185990e-001 1.736395e+001 2.863237e-001
v 1.186321e-001 1.736000e+001 2.864034e-001
v 1.209655e-001 1.735903e+001 2.920370e-001
v 1.271109e-001 1.735525e+001 3.068731e-001
v 1.357856e-001 1.734735e+001 3.278156e-001
v 1.457070e-001 1.733400e+001 3.517679e-001
v 1.555924e-001 1.731391e+001 3.756336e-001
v 1.641595e-001 1.728575e+001 3.963162e-001
v 1.701255e-001 1.724822e+001 4.107194e-001
v 1.722078e-001 1.720000e+001 4.157466e-001
v 1.717790e-001 1.715306e+001 4.147114e-001
v 1.709041e-001 1.711683e+001 4.125992e-001
v 1.693550e-001 1.708908e+001 4.088592e-001
v 1.669032e-001 1.706760e+001 4.029403e-001
v 1.633208e-001 1.705017e+001 3.942914e-001
v 1.583793e-001 1.703457e+001 3.823617e-001
v 1.518507e-001 1.701859e+001 3.666002e-001
v 1.435065e-001 1.700000e+001 3.464556e-001
v 1.338858e-001 1.696964e+001 3.232291e-001
v 1.266975e-001 1.692978e+001 3.058750e-001
v 1.215873e-001 1.688460e+001 2.935379e-001
v 1.182008e-001 1.683828e+001 2.853622e-001
v 1.161837e-001 1.679498e+001 2.804926e-001
v 1.151817e-001 1.675889e+001 2.780734e-001
v 1.148403e-001 1.673417e+001 2.772493e-001
v 1.148053e-001 1.672500e+001 2.771647e-001
v 1.052382e-001 1.672500e+001 2.540677e-001
v 1.148053e-001 1.257500e+001 2.771651e-001
v 1.530737e-001 1.257500e+001 3.695530e-001
v 1.534250e-001 1.253018e+001 3.704011e-001
v 1.544490e-001 1.240859e+001 3.728732e-001
v 1.561008e-001 1.222959e+001 3.768610e-001
v 1.583356e-001 1.201250e+001 3.822563e-001
v 1.611085e-001 1.177666e+001 3.889509e-001
v 1.643748e-001 1.154141e+001 3.968363e-001
v 1.680895e-001 1.132607e+001 4.058045e-001
v 1.722079e-001 1.115000e+001 4.157471e-001
v 1.856721e-001 1.077964e+001 4.482526e-001
v 2.016958e-001 1.048856e+001 4.869372e-001
v 2.194676e-001 1.026145e+001 5.298421e-001
v 2.381760e-001 1.008302e+001 5.750082e-001
v 2.570096e-001 9.937965e+000 6.204764e-001
v 2.751570e-001 9.810977e+000 6.642880e-001
v 2.918066e-001 9.686756e+000 7.044839e-001
v 3.061472e-001 9.550000e+000 7.391051e-001
v 3.098949e-001 9.468824e+000 7.481528e-001
v 3.080907e-001 9.388821e+000 7.437973e-001
v 3.022920e-001 9.312965e+000 7.297978e-001
v 2.940557e-001 9.244231e+000 7.099136e-001
v 2.849391e-001 9.185591e+000 6.879041e-001
v 2.764992e-001 9.140024e+000 6.675287e-001
v 2.702935e-001 9.110502e+000 6.525465e-001
v 2.678788e-001 9.100000e+000 6.467172e-001
v 2.663093e-001 9.097969e+000 6.429278e-001
v 2.624974e-001 9.091250e+000 6.337251e-001
v 2.577886e-001 9.078907e+000 6.223571e-001
v 2.535282e-001 9.060000e+000 6.120717e-001
v 2.510617e-001 9.033594e+000 6.061170e-001
v 2.517344e-001 8.998751e+000 6.077410e-001
v 2.568916e-001 8.954532e+000 6.201918e-001
v 2.678788e-001 8.900001e+000 6.467172e-001
v 2.805104e-001 8.841172e+000 6.772124e-001
v 2.900027e-001 8.785625e+000 7.001289e-001
v 2.968043e-001 8.734766e+000 7.165495e-001
v 3.013636e-001 8.690001e+000 7.275566e-001
v 3.041291e-001 8.652735e+000 7.342331e-001
v 3.055493e-001 8.624375e+000 7.376615e-001
v 3.060725e-001 8.606329e+000 7.389247e-001
v 3.061472e-001 8.600000e+000 7.391052e-001
v 1.111141e-001 2.700000e+001 1.662939e-001
v 1.111141e-001 2.640000e+001 1.662939e-001
v 1.666712e-001 2.630000e+001 2.494409e-001
v 1.666712e-001 2.610000e+001 2.494409e-001
v 1.701464e-001 2.609583e+001 2.546420e-001
v 1.797024e-001 2.608436e+001 2.689435e-001
v 1.940344e-001 2.606717e+001 2.903930e-001
v 2.118380e-001 2.604580e+001 3.170379e-001
v 2.318084e-001 2.602184e+001 3.469257e-001
v 2.526411e-001 2.599684e+001 3.781039e-001
v 2.730313e-001 2.597237e+001 4.086200e-001
v 2.916745e-001 2.595000e+001 4.365216e-001
v 3.066218e-001 2.592383e+001 4.588917e-001
v 3.201041e-001 2.588594e+001 4.790694e-001
v 3.319588e-001 2.584102e+001 4.968113e-001
v 3.420231e-001 2.579375e+001 5.118735e-001
v 3.501342e-001 2.574883e+001 5.240127e-001
v 3.561294e-001 2.571094e+001 5.329851e-001
v 3.598458e-001 2.568477e+001 5.385472e-001
v 3.611208e-001 2.567500e+001 5.404553e-001
v 3.623144e-001 2.567449e+001 5.422417e-001
v 3.654612e-001 2.567257e+001 5.469511e-001
v 3.699101e-001 2.566868e+001 5.536094e-001
v 3.750101e-001 2.566226e+001 5.612420e-001
v 3.801101e-001 2.565275e+001 5.688747e-001
v 3.845589e-001 2.563958e+001 5.755329e-001
v 3.877057e-001 2.562218e+001 5.802424e-001
v 3.888993e-001 2.560000e+001 5.820287e-001
v 3.877057e-001 2.557668e+001 5.802424e-001
v 3.845589e-001 2.555875e+001 5.755329e-001
v 3.801101e-001 2.554551e+001 5.688747e-001
v 3.750101e-001 2.553625e+001 5.612420e-001
v 3.699101e-001 2.553028e+001 5.536094e-001
v 3.654612e-001 2.552688e+001 5.469511e-001
v 3.623144e-001 2.552535e+001 5.422417e-001
v 3.611208e-001 2.552500e+001 5.404553e-001
v 3.607063e-001 2.551720e+001 5.398349e-001
v 3.590548e-001 2.549581e+001 5.373632e-001
v 3.555543e-001 2.546383e+001 5.321243e-001
v 3.495927e-001 2.542425e+001 5.232023e-001
v 3.405582e-001 2.538008e+001 5.096812e-001
v 3.278387e-001 2.533431e+001 4.906451e-001
v 3.108222e-001 2.528996e+001 4.651781e-001
v 2.888967e-001 2.525000e+001 4.323643e-001
v 2.740681e-001 2.522928e+001 4.101718e-001
v 2.575377e-001 2.520838e+001 3.854322e-001
v 2.404392e-001 2.518821e+001 3.598426e-001
v 2.239068e-001 2.516967e+001 3.351001e-001
v 2.090743e-001 2.515368e+001 3.129017e-001
v 1.970757e-001 2.514113e+001 2.949446e-001
v 1.890450e-001 2.513293e+001 2.829258e-001
v 1.861161e-001 2.513000e+001 2.785424e-001
v 1.847706e-001 2.512301e+001 2.765287e-001
v 1.816021e-001 2.510406e+001 2.717867e-001
v 1.779128e-001 2.507621e+001 2.662653e-001
v 1.750047e-001 2.504250e+001 2.619130e-001
v 1.741800e-001 2.500598e+001 2.606788e-001
v 1.767409e-001 2.496969e+001 2.645114e-001
v 1.839893e-001 2.493668e+001 2.753595e-001
v 1.972276e-001 2.491000e+001 2.951719e-001
v 2.005415e-001 2.490507e+001 3.001314e-001
v 2.037382e-001 2.489903e+001 3.049156e-001
v 2.067005e-001 2.489154e+001 3.093490e-001
v 2.093112e-001 2.488225e+001 3.132563e-001
v 2.114532e-001 2.487080e+001 3.164620e-001
v 2.130092e-001 2.485685e+001 3.187908e-001
v 2.138621e-001 2.484003e+001 3.200672e-001
v 2.138947e-001 2.482000e+001 3.201159e-001
v 2.121260e-001 2.479857e+001 3.174689e-001
v 2.081920e-001 2.478014e+001 3.115813e-001
v 2.028327e-001 2.476465e+001 3.035605e-001
v 1.967883e-001 2.475207e+001 2.945144e-001
v 1.907987e-001 2.474235e+001 2.855504e-001
v 1.856042e-001 2.473546e+001 2.777763e-001
v 1.819447e-001 2.473136e+001 2.722995e-001
v 1.805605e-001 2.473000e+001 2.702278e-001
v 1.812310e-001 2.472690e+001 2.712314e-001
v 1.830084e-001 2.471828e+001 2.738914e-001
v 1.855410e-001 2.470522e+001 2.776817e-001
v 1.884773e-001 2.468875e+001 2.820762e-001
v 1.914657e-001 2.466994e+001 2.865486e-001
v 1.941546e-001 2.464985e+001 2.905728e-001
v 1.961924e-001 2.462951e+001 2.936226e-001
v 1.972276e-001 2.461000e+001 2.951719e-001
v 1.976658e-001 2.455630e+001 2.958277e-001
v 1.962357e-001 2.451332e+001 2.936874e-001
v 1.928166e-001 2.447837e+001 2.885703e-001
v 1.872881e-001 2.444876e+001 2.802965e-001
v 1.795298e-001 2.442181e+001 2.686853e-001
v 1.694211e-001 2.439482e+001 2.535565e-001
v 1.568415e-001 2.436512e+001 2.347299e-001
v 1.416705e-001 2.433000e+001 2.120249e-001
v 1.298343e-001 2.429891e+001 1.943108e-001
v 1.215659e-001 2.426991e+001 1.819362e-001
v 1.164746e-001 2.424264e+001 1.743166e-001
v 1.141698e-001 2.421675e+001 1.708672e-001
v 1.142610e-001 2.419190e+001 1.710037e-001
v 1.163574e-001 2.416772e+001 1.741412e-001
v 1.200684e-001 2.414387e+001 1.796951e-001
v 1.250034e-001 2.412000e+001 1.870809e-001
v 1.258544e-001 2.411213e+001 1.883544e-001
v 1.267711e-001 2.409727e+001 1.897264e-001
v 1.276984e-001 2.407788e+001 1.911142e-001
v 1.285810e-001 2.405646e+001 1.924350e-001
v 1.293636e-001 2.403548e+001 1.936062e-001
v 1.299909e-001 2.401742e+001 1.945452e-001
v 1.304079e-001 2.400477e+001 1.951692e-001
v 1.305591e-001 2.400000e+001 1.953956e-001
v 1.138920e-001 2.400000e+001 1.704515e-001
v 1.305592e-001 1.949000e+001 1.953959e-001
v 1.312420e-001 1.949047e+001 1.964178e-001
v 1.333962e-001 1.949054e+001 1.996417e-001
v 1.371806e-001 1.948819e+001 2.053055e-001
v 1.427542e-001 1.948142e+001 2.136469e-001
v 1.502757e-001 1.946823e+001 2.249037e-001
v 1.599040e-001 1.944660e+001 2.393134e-001
v 1.717979e-001 1.941453e+001 2.571139e-001
v 1.861163e-001 1.937000e+001 2.785429e-001
v 1.880304e-001 1.935552e+001 2.814075e-001
v 1.889289e-001 1.933103e+001 2.827522e-001
v 1.890461e-001 1.930022e+001 2.829276e-001
v 1.886164e-001 1.926675e+001 2.822845e-001
v 1.878742e-001 1.923432e+001 2.811737e-001
v 1.870538e-001 1.920659e+001 2.799460e-001
v 1.863897e-001 1.918726e+001 2.789521e-001
v 1.861163e-001 1.918000e+001 2.785429e-001
v 1.638935e-001 1.918000e+001 2.452841e-001
v 1.641368e-001 1.916733e+001 2.456483e-001
v 1.652734e-001 1.913261e+001 2.473493e-001
v 1.679131e-001 1.908083e+001 2.512999e-001
v 1.726659e-001 1.901696e+001 2.584130e-001
v 1.801417e-001 1.894596e+001 2.696014e-001
v 1.909504e-001 1.887283e+001 2.857777e-001
v 2.057020e-001 1.880251e+001 3.078549e-001
v 2.250062e-001 1.874000e+001 3.367458e-001
v 2.665634e-001 1.860737e+001 3.989405e-001
v 2.814141e-001 1.850397e+001 4.211661e-001
v 2.760819e-001 1.842377e+001 4.131860e-001
v 2.570905e-001 1.836075e+001 3.847633e-001
v 2.309635e-001 1.830889e+001 3.456615e-001
v 2.042245e-001 1.826216e+001 3.056438e-001
v 1.833970e-001 1.821454e+001 2.744733e-001
v 1.750049e-001 1.816000e+001 2.619136e-001
v 1.778153e-001 1.810539e+001 2.661197e-001
v 1.855086e-001 1.806063e+001 2.776335e-001
v 1.969781e-001 1.802430e+001 2.947989e-001
v 2.111170e-001 1.799500e+001 3.159591e-001
v 2.268184e-001 1.797133e+001 3.394579e-001
v 2.429755e-001 1.795188e+001 3.636387e-001
v 2.584816e-001 1.793524e+001 3.868452e-001
v 2.722298e-001 1.792000e+001 4.074208e-001
v 2.837101e-001 1.789820e+001 4.246023e-001
v 2.932373e-001 1.786563e+001 4.388608e-001
v 3.009414e-001 1.782648e+001 4.503909e-001
v 3.069529e-001 1.778500e+001 4.593877e-001
v 3.114018e-001 1.774539e+001 4.660459e-001
v 3.144184e-001 1.771188e+001 4.705606e-001
v 3.161328e-001 1.768867e+001 4.731264e-001
v 3.166754e-001 1.768000e+001 4.739384e-001
v 3.140885e-001 1.768065e+001 4.700668e-001
v 3.068140e-001 1.768106e+001 4.591798e-001
v 2.955811e-001 1.767895e+001 4.423685e-001
v 2.811189e-001 1.767200e+001 4.207243e-001
v 2.641566e-001 1.765793e+001 3.953385e-001
v 2.454235e-001 1.763444e+001 3.673024e-001
v 2.256486e-001 1.759923e+001 3.377073e-001
v 2.055613e-001 1.755000e+001 3.076445e-001
v 1.937667e-001 1.751231e+001 2.899927e-001
v 1.851267e-001 1.747692e+001 2.770620e-001
v 1.791536e-001 1.744468e+001 2.681226e-001
v 1.753598e-001 1.741643e+001 2.624448e-001
v 1.732579e-001 1.739300e+001 2.592991e-001
v 1.723602e-001 1.737522e+001 2.579555e-001
v 1.721791e-001 1.736395e+001 2.576845e-001
v 1.722271e-001 1.736000e+001 2.577563e-001
v 1.756147e-001 1.735903e+001 2.628263e-001
v 1.845364e-001 1.735525e+001 2.761785e-001
v 1.971301e-001 1.734735e+001 2.950263e-001
v 2.115337e-001 1.733400e+001 3.165828e-001
v 2.258852e-001 1.731391e+001 3.380613e-001
v 2.383226e-001 1.728575e+001 3.566752e-001
v 2.469839e-001 1.724822e+001 3.696377e-001
v 2.500069e-001 1.720000e+001 3.741621e-001
v 2.493844e-001 1.715306e+001 3.732304e-001
v 2.481143e-001 1.711683e+001 3.713295e-001
v 2.458653e-001 1.708908e+001 3.679636e-001
v 2.423059e-001 1.706760e+001 3.626367e-001
v 2.371050e-001 1.705017e+001 3.548529e-001
v 2.299311e-001 1.703457e+001 3.441165e-001
v 2.204529e-001 1.701859e+001 3.299314e-001
v 2.083392e-001 1.700000e+001 3.118019e-001
v 1.943720e-001 1.696964e+001 2.908985e-001
v 1.839362e-001 1.692978e+001 2.752803e-001
v 1.765173e-001 1.688460e+001 2.641771e-001
v 1.716009e-001 1.683828e+001 2.568193e-001
v 1.686726e-001 1.679498e+001 2.524367e-001
v 1.672178e-001 1.675889e+001 2.502595e-001
v 1.667222e-001 1.673417e+001 2.495178e-001
v 1.666714e-001 1.672500e+001 2.494417e-001
v 1.527821e-001 1.672500e+001 2.286549e-001
v 1.666715e-001 1.257500e+001 2.494420e-001
v 2.222285e-001 1.257500e+001 3.325889e-001
v 2.227385e-001 1.253018e+001 3.333522e-001
v 2.242251e-001 1.240859e+001 3.355770e-001
v 2.266231e-001 1.222959e+001 3.391660e-001
v 2.298676e-001 1.201250e+001 3.440216e-001
v 2.338933e-001 1.177666e+001 3.500466e-001
v 2.386352e-001 1.154141e+001 3.571433e-001
v 2.440282e-001 1.132607e+001 3.652144e-001
v 2.500071e-001 1.115000e+001 3.741626e-001
v 2.695540e-001 1.077964e+001 4.034167e-001
v 2.928169e-001 1.048856e+001 4.382319e-001
v 3.186175e-001 1.026145e+001 4.768453e-001
v 3.457779e-001 1.008302e+001 5.174937e-001
v 3.731200e-001 9.937965e+000 5.584141e-001
v 3.994659e-001 9.810977e+000 5.978435e-001
v 4.236375e-001 9.686756e+000 6.340188e-001
v 4.444568e-001 9.550000e+000 6.651770e-001
v 4.498976e-001 9.468824e+000 6.733198e-001
v 4.472784e-001 9.388821e+000 6.693999e-001
v 4.388599e-001 9.312965e+000 6.568007e-001
v 4.269026e-001 9.244231e+000 6.389053e-001
v 4.136674e-001 9.185591e+000 6.190974e-001
v 4.014147e-001 9.140024e+000 6.007600e-001
v 3.924052e-001 9.110502e+000 5.872765e-001
v 3.888998e-001 9.100000e+000 5.820301e-001
v 3.866211e-001 9.097969e+000 5.786198e-001
v 3.810871e-001 9.091250e+000 5.703375e-001
v 3.742509e-001 9.078907e+000 5.601066e-001
v 3.680659e-001 9.060000e+000 5.508500e-001
v 3.644850e-001 9.033594e+000 5.454909e-001
v 3.654616e-001 8.998751e+000 5.469525e-001
v 3.729488e-001 8.954532e+000 5.581579e-001
v 3.888998e-001 8.900001e+000 5.820301e-001
v 4.072379e-001 8.841172e+000 6.094751e-001
v 4.210187e-001 8.785625e+000 6.300995e-001
v 4.308931e-001 8.734766e+000 6.448776e-001
v 4.375122e-001 8.690001e+000 6.547837e-001
v 4.415270e-001 8.652735e+000 6.607924e-001
v 4.435887e-001 8.624375e+000 6.638779e-001
v 4.443483e-001 8.606329e+000 6.650147e-001
v 4.444568e-001 8.600000e+000 6.651771e-001
v 1.414214e-001 2.700000e+001 1.414213e-001
v 1.414214e-001 2.640000e+001 1.414214e-001
v 2.121321e-001 2.630000e+001 2.121320e-001
v 2.121321e-001 2.610000e+001 2.121320e-001
v 2.165553e-001 2.609583e+001 2.165552e-001
v 2.287177e-001 2.608436e+001 2.287176e-001
v 2.469590e-001 2.606717e+001 2.469589e-001
v 2.696186e-001 2.604580e+001 2.696185e-001
v 2.950361e-001 2.602184e+001 2.950360e-001
v 3.215511e-001 2.599684e+001 3.215508e-001
v 3.475029e-001 2.597237e+001 3.475027e-001
v 3.712313e-001 2.595000e+001 3.712310e-001
v 3.902555e-001 2.592383e+001 3.902553e-001
v 4.074152e-001 2.588594e+001 4.074150e-001
v 4.225034e-001 2.584102e+001 4.225032e-001
v 4.353128e-001 2.579375e+001 4.353126e-001
v 4.456363e-001 2.574883e+001 4.456361e-001
v 4.532667e-001 2.571094e+001 4.532665e-001
v 4.579969e-001 2.568477e+001 4.579966e-001
v 4.596196e-001 2.567500e+001 4.596194e-001
v 4.611388e-001 2.567449e+001 4.611385e-001
v 4.651439e-001 2.567257e+001 4.651437e-001
v 4.708063e-001 2.566868e+001 4.708060e-001
v 4.772973e-001 2.566226e+001 4.772970e-001
v 4.837883e-001 2.565275e+001 4.837880e-001
v 4.894507e-001 2.563958e+001 4.894504e-001
v 4.934558e-001 2.562218e+001 4.934555e-001
v 4.949750e-001 2.560000e+001 4.949747e-001
v 4.934558e-001 2.557668e+001 4.934555e-001
v 4.894507e-001 2.555875e+001 4.894504e-001
v 4.837883e-001 2.554551e+001 4.837880e-001
v 4.772973e-001 2.553625e+001 4.772970e-001
v 4.708063e-001 2.553028e+001 4.708060e-001
v 4.651439e-001 2.552688e+001 4.651437e-001
v 4.611388e-001 2.552535e+001 4.611385e-001
v 4.596196e-001 2.552500e+001 4.596194e-001
v 4.590921e-001 2.551720e+001 4.590918e-001
v 4.569901e-001 2.549581e+001 4.569898e-001
v 4.525348e-001 2.546383e+001 4.525345e-001
v 4.449471e-001 2.542425e+001 4.449469e-001
v 4.334484e-001 2.538008e+001 4.334481e-001
v 4.172595e-001 2.533431e+001 4.172593e-001
v 3.956016e-001 2.528996e+001 3.956014e-001
v 3.676957e-001 2.525000e+001 3.676956e-001
v 3.488225e-001 2.522928e+001 3.488224e-001
v 3.277833e-001 2.520838e+001 3.277831e-001
v 3.060211e-001 2.518821e+001 3.060209e-001
v 2.849793e-001 2.516967e+001 2.849792e-001
v 2.661011e-001 2.515368e+001 2.661010e-001
v 2.508298e-001 2.514113e+001 2.508297e-001
v 2.406087e-001 2.513293e+001 2.406086e-001
v 2.368809e-001 2.513000e+001 2.368808e-001
v 2.351684e-001 2.512301e+001 2.351683e-001
v 2.311357e-001 2.510406e+001 2.311356e-001
v 2.264400e-001 2.507621e+001 2.264400e-001
v 2.227388e-001 2.504250e+001 2.227387e-001
v 2.216891e-001 2.500598e+001 2.216891e-001
v 2.249485e-001 2.496969e+001 2.249484e-001
v 2.341740e-001 2.493668e+001 2.341739e-001
v 2.510231e-001 2.491000e+001 2.510230e-001
v 2.552408e-001 2.490507e+001 2.552408e-001
v 2.593095e-001 2.489903e+001 2.593094e-001
v 2.630798e-001 2.489154e+001 2.630797e-001
v 2.664026e-001 2.488225e+001 2.664025e-001
v 2.691289e-001 2.487080e+001 2.691288e-001
v 2.711093e-001 2.485685e+001 2.711092e-001
v 2.721948e-001 2.484003e+001 2.721947e-001
v 2.722363e-001 2.482000e+001 2.722362e-001
v 2.699852e-001 2.479857e+001 2.699851e-001
v 2.649781e-001 2.478014e+001 2.649781e-001
v 2.581570e-001 2.476465e+001 2.581570e-001
v 2.504639e-001 2.475207e+001 2.504638e-001
v 2.428407e-001 2.474235e+001 2.428406e-001
v 2.362293e-001 2.473546e+001 2.362292e-001
v 2.315717e-001 2.473136e+001 2.315716e-001
v 2.298099e-001 2.473000e+001 2.298098e-001
v 2.306634e-001 2.472690e+001 2.306633e-001
v 2.329255e-001 2.471828e+001 2.329255e-001
v 2.361490e-001 2.470522e+001 2.361489e-001
v 2.398861e-001 2.468875e+001 2.398861e-001
v 2.436896e-001 2.466994e+001 2.436895e-001
v 2.471119e-001 2.464985e+001 2.471118e-001
v 2.497055e-001 2.462951e+001 2.497054e-001
v 2.510231e-001 2.461000e+001 2.510230e-001
v 2.515808e-001 2.455630e+001 2.515808e-001
v 2.497606e-001 2.451332e+001 2.497605e-001
v 2.454089e-001 2.447837e+001 2.454089e-001
v 2.383726e-001 2.444876e+001 2.383725e-001
v 2.284981e-001 2.442181e+001 2.284980e-001
v 2.156321e-001 2.439482e+001 2.156321e-001
v 1.996213e-001 2.436512e+001 1.996213e-001
v 1.803124e-001 2.433000e+001 1.803124e-001
v 1.652477e-001 2.429891e+001 1.652477e-001
v 1.547240e-001 2.426991e+001 1.547240e-001
v 1.482440e-001 2.424264e+001 1.482440e-001
v 1.453106e-001 2.421675e+001 1.453106e-001
v 1.454266e-001 2.419190e+001 1.454266e-001
v 1.480948e-001 2.416772e+001 1.480949e-001
v 1.528181e-001 2.414387e+001 1.528181e-001
v 1.590992e-001 2.412000e+001 1.590992e-001
v 1.601823e-001 2.411213e+001 1.601823e-001
v 1.613490e-001 2.409727e+001 1.613491e-001
v 1.625292e-001 2.407788e+001 1.625292e-001
v 1.636525e-001 2.405646e+001 1.636525e-001
v 1.646485e-001 2.403548e+001 1.646486e-001
v 1.654471e-001 2.401742e+001 1.654471e-001
v 1.659777e-001 2.400477e+001 1.659778e-001
v 1.661703e-001 2.400000e+001 1.661703e-001
v 1.449570e-001 2.400000e+001 1.449571e-001
v 1.661704e-001 1.949000e+001 1.661706e-001
v 1.670394e-001 1.949047e+001 1.670396e-001
v 1.697811e-001 1.949054e+001 1.697814e-001
v 1.745978e-001 1.948819e+001 1.745981e-001
v 1.816916e-001 1.948142e+001 1.816918e-001
v 1.912646e-001 1.946823e+001 1.912649e-001
v 2.035191e-001 1.944660e+001 2.035193e-001
v 2.186572e-001 1.941453e+001 2.186574e-001
v 2.368811e-001 1.937000e+001 2.368813e-001
v 2.393173e-001 1.935552e+001 2.393175e-001
v 2.404608e-001 1.933103e+001 2.404610e-001
v 2.406100e-001 1.930022e+001 2.406102e-001
v 2.400631e-001 1.926675e+001 2.400633e-001
v 2.391184e-001 1.923432e+001 2.391186e-001
v 2.380743e-001 1.920659e+001 2.380745e-001
v 2.372291e-001 1.918726e+001 2.372293e-001
v 2.368811e-001 1.918000e+001 2.368813e-001
v 2.085968e-001 1.918000e+001 2.085970e-001
v 2.089065e-001 1.916733e+001 2.089067e-001
v 2.103531e-001 1.913261e+001 2.103533e-001
v 2.137129e-001 1.908083e+001 2.137130e-001
v 2.197620e-001 1.901696e+001 2.197622e-001
v 2.292769e-001 1.894596e+001 2.292771e-001
v 2.430338e-001 1.887283e+001 2.430340e-001
v 2.618089e-001 1.880251e+001 2.618091e-001
v 2.863786e-001 1.874000e+001 2.863788e-001
v 3.392709e-001 1.860737e+001 3.392710e-001
v 3.581722e-001 1.850397e+001 3.581723e-001
v 3.513856e-001 1.842377e+001 3.513858e-001
v 3.272141e-001 1.836075e+001 3.272143e-001
v 2.939608e-001 1.830889e+001 2.939609e-001
v 2.599284e-001 1.826216e+001 2.599287e-001
v 2.334202e-001 1.821454e+001 2.334204e-001
v 2.227390e-001 1.816000e+001 2.227392e-001
v 2.263159e-001 1.810539e+001 2.263162e-001
v 2.361077e-001 1.806063e+001 2.361079e-001
v 2.507056e-001 1.802430e+001 2.507058e-001
v 2.687009e-001 1.799500e+001 2.687012e-001
v 2.886850e-001 1.797133e+001 2.886852e-001
v 3.092491e-001 1.795188e+001 3.092493e-001
v 3.289846e-001 1.793524e+001 3.289848e-001
v 3.464828e-001 1.792000e+001 3.464829e-001
v 3.610944e-001 1.789820e+001 3.610946e-001
v 3.732202e-001 1.786563e+001 3.732204e-001
v 3.830258e-001 1.782648e+001 3.830259e-001
v 3.906769e-001 1.778500e+001 3.906771e-001
v 3.963393e-001 1.774539e+001 3.963395e-001
v 4.001787e-001 1.771188e+001 4.001788e-001
v 4.023608e-001 1.768867e+001 4.023609e-001
v 4.030513e-001 1.768000e+001 4.030514e-001
v 3.997588e-001 1.768065e+001 3.997590e-001
v 3.905002e-001 1.768106e+001 3.905003e-001
v 3.762034e-001 1.767895e+001 3.762035e-001
v 3.577964e-001 1.767200e+001 3.577966e-001
v 3.362076e-001 1.765793e+001 3.362077e-001
v 3.123648e-001 1.763444e+001 3.123650e-001
v 2.871962e-001 1.759923e+001 2.871964e-001
v 2.616299e-001 1.755000e+001 2.616301e-001
v 2.466183e-001 1.751231e+001 2.466185e-001
v 2.356216e-001 1.747692e+001 2.356218e-001
v 2.280193e-001 1.744468e+001 2.280195e-001
v 2.231907e-001 1.741643e+001 2.231910e-001
v 2.205155e-001 1.739300e+001 2.205158e-001
v 2.193729e-001 1.737522e+001 2.193731e-001
v 2.191424e-001 1.736395e+001 2.191427e-001
v 2.192035e-001 1.736000e+001 2.192037e-001
v 2.235152e-001 1.735903e+001 2.235154e-001
v 2.348703e-001 1.735525e+001 2.348706e-001
v 2.508990e-001 1.734735e+001 2.508993e-001
v 2.692313e-001 1.733400e+001 2.692315e-001
v 2.874973e-001 1.731391e+001 2.874976e-001
v 3.033271e-001 1.728575e+001 3.033273e-001
v 3.143508e-001 1.724822e+001 3.143510e-001
v 3.181985e-001 1.720000e+001 3.181987e-001
v 3.174061e-001 1.715306e+001 3.174063e-001
v 3.157896e-001 1.711683e+001 3.157898e-001
v 3.129271e-001 1.708908e+001 3.129273e-001
v 3.083970e-001 1.706760e+001 3.083972e-001
v 3.017774e-001 1.705017e+001 3.017776e-001
v 2.926468e-001 1.703457e+001 2.926470e-001
v 2.805834e-001 1.701859e+001 2.805836e-001
v 2.651654e-001 1.700000e+001 2.651657e-001
v 2.473886e-001 1.696964e+001 2.473889e-001
v 2.341064e-001 1.692978e+001 2.341067e-001
v 2.246639e-001 1.688460e+001 2.246642e-001
v 2.184066e-001 1.683828e+001 2.184069e-001
v 2.146795e-001 1.679498e+001 2.146798e-001
v 2.128279e-001 1.675889e+001 2.128282e-001
v 2.121972e-001 1.673417e+001 2.121975e-001
v 2.121324e-001 1.672500e+001 2.121327e-001
v 1.944547e-001 1.672500e+001 1.944551e-001
v 2.121325e-001 1.257500e+001 2.121330e-001
v 2.828432e-001 1.257500e+001 2.828437e-001
v 2.834924e-001 1.253018e+001 2.834928e-001
v 2.853844e-001 1.240859e+001 2.853849e-001
v 2.884366e-001 1.222959e+001 2.884370e-001
v 2.925660e-001 1.201250e+001 2.925664e-001
v 2.976897e-001 1.177666e+001 2.976902e-001
v 3.037250e-001 1.154141e+001 3.037255e-001
v 3.105889e-001 1.132607e+001 3.105894e-001
v 3.181987e-001 1.115000e+001 3.181991e-001
v 3.430772e-001 1.077964e+001 3.430777e-001
v 3.726852e-001 1.048856e+001 3.726857e-001
v 4.055232e-001 1.026145e+001 4.055236e-001
v 4.400918e-001 1.008302e+001 4.400922e-001
v 4.748918e-001 9.937965e+000 4.748921e-001
v 5.084237e-001 9.810977e+000 5.084241e-001
v 5.391883e-001 9.686756e+000 5.391886e-001
v 5.656862e-001 9.550000e+000 5.656865e-001
v 5.726110e-001 9.468824e+000 5.726114e-001
v 5.692774e-001 9.388821e+000 5.692778e-001
v 5.585626e-001 9.312965e+000 5.585631e-001
v 5.433440e-001 9.244231e+000 5.433444e-001
v 5.264986e-001 9.185591e+000 5.264990e-001
v 5.109040e-001 9.140024e+000 5.109044e-001
v 4.994371e-001 9.110502e+000 4.994376e-001
v 4.949755e-001 9.100000e+000 4.949760e-001
v 4.920752e-001 9.097969e+000 4.920757e-001
v 4.850318e-001 9.091250e+000 4.850323e-001
v 4.763311e-001 9.078907e+000 4.763315e-001
v 4.684590e-001 9.060000e+000 4.684595e-001
v 4.639015e-001 9.033594e+000 4.639019e-001
v 4.651444e-001 8.998751e+000 4.651449e-001
v 4.746738e-001 8.954532e+000 4.746743e-001
v 4.949755e-001 8.900001e+000 4.949760e-001
v 5.183156e-001 8.841172e+000 5.183160e-001
v 5.358551e-001 8.785625e+000 5.358555e-001
v 5.484228e-001 8.734766e+000 5.484232e-001
v 5.568474e-001 8.690001e+000 5.568478e-001
v 5.619573e-001 8.652735e+000 5.619577e-001
v 5.645813e-001 8.624375e+000 5.645818e-001
v 5.655481e-001 8.606329e+000 5.655485e-001
v 5.656862e-001 8.600000e+000 5.656866e-001
v 1.662939e-001 2.700000e+001 1.111141e-001
v 1.662939e-001 2.640000e+001 1.111141e-001
v 2.494409e-001 2.630000e+001 1.666712e-001
v 2.494409e-001 2.610000e+001 1.666712e-001
v 2.546420e-001 2.609583e+001 1.701464e-001
v 2.689435e-001 2.608436e+001 1.797024e-001
v 2.903930e-001 2.606717e+001 1.940345e-001
v 3.170379e-001 2.604580e+001 2.118380e-001
v 3.469257e-001 2.602184e+001 2.318084e-001
v 3.781039e-001 2.599684e+001 2.526411e-001
v 4.086201e-001 2.597237e+001 2.730313e-001
v 4.365216e-001 2.595000e+001 2.916745e-001
v 4.588917e-001 2.592383e+001 3.066218e-001
v 4.790695e-001 2.588594e+001 3.201041e-001
v 4.968113e-001 2.584102e+001 3.319588e-001
v 5.118735e-001 2.579375e+001 3.420231e-001
v 5.240127e-001 2.574883e+001 3.501342e-001
v 5.329851e-001 2.571094e+001 3.561293e-001
v 5.385472e-001 2.568477e+001 3.598458e-001
v 5.404553e-001 2.567500e+001 3.611208e-001
v 5.422417e-001 2.567449e+001 3.623144e-001
v 5.469512e-001 2.567257e+001 3.654612e-001
v 5.536094e-001 2.566868e+001 3.699101e-001
v 5.612420e-001 2.566226e+001 3.750100e-001
v 5.688747e-001 2.565275e+001 3.801100e-001
v 5.755329e-001 2.563958e+001 3.845589e-001
v 5.802425e-001 2.562218e+001 3.877057e-001
v 5.820287e-001 2.560000e+001 3.888993e-001
v 5.802425e-001 2.557668e+001 3.877057e-001
v 5.755329e-001 2.555875e+001 3.845589e-001
v 5.688747e-001 2.554551e+001 3.801100e-001
v 5.612420e-001 2.553625e+001 3.750100e-001
v 5.536094e-001 2.553028e+001 3.699101e-001
v 5.469512e-001 2.552688e+001 3.654612e-001
v 5.422417e-001 2.552535e+001 3.623144e-001
v 5.404553e-001 2.552500e+001 3.611208e-001
v 5.398350e-001 2.551720e+001 3.607063e-001
v 5.373633e-001 2.549581e+001 3.590548e-001
v 5.321243e-001 2.546383e+001 3.555543e-001
v 5.232023e-001 2.542425e+001 3.495927e-001
v 5.096812e-001 2.538008e+001 3.405582e-001
v 4.906451e-001 2.533431e+001 3.278387e-001
v 4.651781e-001 2.528996e+001 3.108222e-001
v 4.323643e-001 2.525000e+001 2.888967e-001
v 4.101718e-001 2.522928e+001 2.740681e-001
v 3.854322e-001 2.520838e+001 2.575377e-001
v 3.598426e-001 2.518821e+001 2.404393e-001
v 3.351001e-001 2.516967e+001 2.239068e-001
v 3.129017e-001 2.515368e+001 2.090743e-001
v 2.949446e-001 2.514113e+001 1.970758e-001
v 2.829258e-001 2.513293e+001 1.890451e-001
v 2.785424e-001 2.513000e+001 1.861162e-001
v 2.765287e-001 2.512301e+001 1.847707e-001
v 2.717867e-001 2.510406e+001 1.816022e-001
v 2.662652e-001 2.507621e+001 1.779128e-001
v 2.619130e-001 2.504250e+001 1.750048e-001
v 2.606788e-001 2.500598e+001 1.741801e-001
v 2.645113e-001 2.496969e+001 1.767409e-001
v 2.753594e-001 2.493668e+001 1.839894e-001
v 2.951718e-001 2.491000e+001 1.972276e-001
v 3.001314e-001 2.490507e+001 2.005415e-001
v 3.049156e-001 2.489903e+001 2.037382e-001
v 3.093490e-001 2.489154e+001 2.067005e-001
v 3.132563e-001 2.488225e+001 2.093113e-001
v 3.164620e-001 2.487080e+001 2.114532e-001
v 3.187907e-001 2.485685e+001 2.130093e-001
v 3.200672e-001 2.484003e+001 2.138622e-001
v 3.201159e-001 2.482000e+001 2.138947e-001
v 3.174689e-001 2.479857e+001 2.121260e-001
v 3.115812e-001 2.478014e+001 2.081920e-001
v 3.035605e-001 2.476465e+001 2.028327e-001
v 2.945143e-001 2.475207e+001 1.967883e-001
v 2.855504e-001 2.474235e+001 1.907988e-001
v 2.777762e-001 2.473546e+001 1.856042e-001
v 2.722994e-001 2.473136e+001 1.819448e-001
v 2.702277e-001 2.473000e+001 1.805605e-001
v 2.712313e-001 2.472690e+001 1.812311e-001
v 2.738914e-001 2.471828e+001 1.830085e-001
v 2.776817e-001 2.470522e+001 1.855411e-001
v 2.820762e-001 2.468875e+001 1.884774e-001
v 2.865485e-001 2.466994e+001 1.914658e-001
v 2.905727e-001 2.464985e+001 1.941546e-001
v 2.936226e-001 2.462951e+001 1.961924e-001
v 2.951718e-001 2.461000e+001 1.972276e-001
v 2.958277e-001 2.455630e+001 1.976659e-001
v 2.936873e-001 2.451332e+001 1.962357e-001
v 2.885703e-001 2.447837e+001 1.928166e-001
v 2.802964e-001 2.444876e+001 1.872882e-001
v 2.686853e-001 2.442181e+001 1.795299e-001
v 2.535565e-001 2.439482e+001 1.694212e-001
v 2.347298e-001 2.436512e+001 1.568416e-001
v 2.120249e-001 2.433000e+001 1.416706e-001
v 1.943107e-001 2.429891e+001 1.298344e-001
v 1.819361e-001 2.426991e+001 1.215660e-001
v 1.743165e-001 2.424264e+001 1.164747e-001
v 1.708671e-001 2.421675e+001 1.141699e-001
v 1.710036e-001 2.419190e+001 1.142611e-001
v 1.741410e-001 2.416772e+001 1.163575e-001
v 1.796950e-001 2.414387e+001 1.200685e-001
v 1.870808e-001 2.412000e+001 1.250035e-001
v 1.883543e-001 2.411213e+001 1.258545e-001
v 1.897263e-001 2.409727e+001 1.267712e-001
v 1.911141e-001 2.407788e+001 1.276985e-001
v 1.924349e-001 2.405646e+001 1.285810e-001
v 1.936062e-001 2.403548e+001 1.293636e-001
v 1.945451e-001 2.401742e+001 1.299910e-001
v 1.951691e-001 2.400477e+001 1.304080e-001
v 1.953955e-001 2.400000e+001 1.305592e-001
v 1.704514e-001 2.400000e+001 1.138921e-001
v 1.953956e-001 1.949000e+001 1.305595e-001
v 1.964175e-001 1.949047e+001 1.312423e-001
v 1.996414e-001 1.949054e+001 1.333965e-001
v 2.053052e-001 1.948819e+001 1.371809e-001
v 2.136467e-001 1.948142e+001 1.427545e-001
v 2.249033e-001 1.946823e+001 1.502760e-001
v 2.393131e-001 1.944660e+001 1.599043e-001
v 2.571136e-001 1.941453e+001 1.717982e-001
v 2.785426e-001 1.937000e+001 1.861166e-001
v 2.814072e-001 1.935552e+001 1.880307e-001
v 2.827519e-001 1.933103e+001 1.889292e-001
v 2.829273e-001 1.930022e+001 1.890464e-001
v 2.822842e-001 1.926675e+001 1.886166e-001
v 2.811734e-001 1.923432e+001 1.878745e-001
v 2.799457e-001 1.920659e+001 1.870541e-001
v 2.789519e-001 1.918726e+001 1.863900e-001
v 2.785426e-001 1.918000e+001 1.861166e-001
v 2.452838e-001 1.918000e+001 1.638938e-001
v 2.456480e-001 1.916733e+001 1.641371e-001
v 2.473490e-001 1.913261e+001 1.652737e-001
v 2.512996e-001 1.908083e+001 1.679134e-001
v 2.584127e-001 1.901696e+001 1.726662e-001
v 2.696010e-001 1.894596e+001 1.801420e-001
v 2.857774e-001 1.887283e+001 1.909507e-001
v 3.078546e-001 1.880251e+001 2.057023e-001
v 3.367455e-001 1.874000e+001 2.250065e-001
v 3.989402e-001 1.860737e+001 2.665637e-001
v 4.211658e-001 1.850397e+001 2.814144e-001
v 4.131857e-001 1.842377e+001 2.760822e-001
v 3.847630e-001 1.836075e+001 2.570908e-001
v 3.456612e-001 1.830889e+001 2.309638e-001
v 3.056434e-001 1.826216e+001 2.042248e-001
v 2.744730e-001 1.821454e+001 1.833974e-001
v 2.619132e-001 1.816000e+001 1.750052e-001
v 2.661193e-001 1.810539e+001 1.778156e-001
v 2.776332e-001 1.806063e+001 1.855090e-001
v 2.947985e-001 1.802430e+001 1.969785e-001
v 3.159588e-001 1.799500e+001 2.111173e-001
v 3.394575e-001 1.797133e+001 2.268187e-001
v 3.636384e-001 1.795188e+001 2.429758e-001
v 3.868448e-001 1.793524e+001 2.584819e-001
v 4.074205e-001 1.792000e+001 2.722301e-001
v 4.246020e-001 1.789820e+001 2.837104e-001
v 4.388604e-001 1.786563e+001 2.932376e-001
v 4.503905e-001 1.782648e+001 3.009418e-001
v 4.593873e-001 1.778500e+001 3.069532e-001
v 4.660456e-001 1.774539e+001 3.114021e-001
v 4.705602e-001 1.771188e+001 3.144187e-001
v 4.731261e-001 1.768867e+001 3.161332e-001
v 4.739380e-001 1.768000e+001 3.166757e-001
v 4.700665e-001 1.768065e+001 3.140889e-001
v 4.591795e-001 1.768106e+001 3.068143e-001
v 4.423682e-001 1.767895e+001 2.955814e-001
v 4.207239e-001 1.767200e+001 2.811192e-001
v 3.953381e-001 1.765793e+001 2.641569e-001
v 3.673021e-001 1.763444e+001 2.454238e-001
v 3.377069e-001 1.759923e+001 2.256490e-001
v 3.076441e-001 1.755000e+001 2.055617e-001
v 2.899923e-001 1.751231e+001 1.937671e-001
v 2.770616e-001 1.747692e+001 1.851271e-001
v 2.681222e-001 1.744468e+001 1.791539e-001
v 2.624444e-001 1.741643e+001 1.753602e-001
v 2.592987e-001 1.739300e+001 1.732583e-001
v 2.579551e-001 1.737522e+001 1.723605e-001
v 2.576841e-001 1.736395e+001 1.721795e-001
v 2.577559e-001 1.736000e+001 1.722275e-001
v 2.628259e-001 1.735903e+001 1.756151e-001
v 2.761782e-001 1.735525e+001 1.845368e-001
v 2.950259e-001 1.734735e+001 1.971305e-001
v 3.165824e-001 1.733400e+001 2.115341e-001
v 3.380609e-001 1.731391e+001 2.258856e-001
v 3.566748e-001 1.728575e+001 2.383230e-001
v 3.696373e-001 1.724822e+001 2.469842e-001
v 3.741617e-001 1.720000e+001 2.500073e-001
v 3.732300e-001 1.715306e+001 2.493848e-001
v 3.713292e-001 1.711683e+001 2.481147e-001
v 3.679632e-001 1.708908e+001 2.458656e-001
v 3.626363e-001 1.706760e+001 2.423063e-001
v 3.548526e-001 1.705017e+001 2.371054e-001
v 3.441161e-001 1.703457e+001 2.299315e-001
v 3.299311e-001 1.701859e+001 2.204534e-001
v 3.118015e-001 1.700000e+001 2.083395e-001
v 2.908981e-001 1.696964e+001 1.943724e-001
v 2.752799e-001 1.692978e+001 1.839366e-001
v 2.641767e-001 1.688460e+001 1.765177e-001
v 2.568189e-001 1.683828e+001 1.716013e-001
v 2.524363e-001 1.679498e+001 1.686730e-001
v 2.502591e-001 1.675889e+001 1.672182e-001
v 2.495174e-001 1.673417e+001 1.667227e-001
v 2.494413e-001 1.672500e+001 1.666718e-001
v 2.286545e-001 1.672500e+001 1.527825e-001
v 2.494414e-001 1.257500e+001 1.666721e-001
v 3.325884e-001 1.257500e+001 2.222291e-001
v 3.333516e-001 1.253018e+001 2.227391e-001
v 3.355765e-001 1.240859e+001 2.242257e-001
v 3.391654e-001 1.222959e+001 2.266237e-001
v 3.440211e-001 1.201250e+001 2.298682e-001
v 3.500459e-001 1.177666e+001 2.338939e-001
v 3.571427e-001 1.154141e+001 2.386358e-001
v 3.652138e-001 1.132607e+001 2.440288e-001
v 3.741619e-001 1.115000e+001 2.500077e-001
v 4.034160e-001 1.077964e+001 2.695547e-001
v 4.382313e-001 1.048856e+001 2.928176e-001
v 4.768446e-001 1.026145e+001 3.186182e-001
v 5.174930e-001 1.008302e+001 3.457786e-001
v 5.584134e-001 9.937965e+000 3.731207e-001
v 5.978428e-001 9.810977e+000 3.994666e-001
v 6.340182e-001 9.686756e+000 4.236382e-001
v 6.651764e-001 9.550000e+000 4.444575e-001
v 6.733190e-001 9.468824e+000 4.498982e-001
v 6.693992e-001 9.388821e+000 4.472791e-001
v 6.568000e-001 9.312965e+000 4.388605e-001
v 6.389047e-001 9.244231e+000 4.269033e-001
v 6.190967e-001 9.185591e+000 4.136680e-001
v 6.007593e-001 9.140024e+000 4.014154e-001
v 5.872757e-001 9.110502e+000 3.924059e-001
v 5.820294e-001 9.100000e+000 3.889005e-001
v 5.786191e-001 9.097969e+000 3.866217e-001
v 5.703369e-001 9.091250e+000 3.810878e-001
v 5.601059e-001 9.078907e+000 3.742516e-001
v 5.508493e-001 9.060000e+000 3.680666e-001
v 5.454902e-001 9.033594e+000 3.644858e-001
v 5.469518e-001 8.998751e+000 3.654623e-001
v 5.581571e-001 8.954532e+000 3.729495e-001
v 5.820294e-001 8.900001e+000 3.889005e-001
v 6.094744e-001 8.841172e+000 4.072386e-001
v 6.300987e-001 8.785625e+000 4.210194e-001
v 6.448768e-001 8.734766e+000 4.308937e-001
v 6.547830e-001 8.690001e+000 4.375129e-001
v 6.607916e-001 8.652735e+000 4.415277e-001
v 6.638772e-001 8.624375e+000 4.435894e-001
v 6.650140e-001 8.606329e+000 4.443490e-001
v 6.651764e-001 8.600000e+000 4.444575e-001
v 1.847759e-001 2.700000e+001 7.653669e-002
v 1.847759e-001 2.640000e+001 7.653672e-002
v 2.771639e-001 2.630000e+001 1.148051e-001
v 2.771639e-001 2.610000e+001 1.148051e-001
v 2.829430e-001 2.609583e+001 1.171989e-001
v 2.988340e-001 2.608436e+001 1.237811e-001
v 3.226674e-001 2.606717e+001 1.336533e-001
v 3.522736e-001 2.604580e+001 1.459166e-001
v 3.854832e-001 2.602184e+001 1.596724e-001
v 4.201266e-001 2.599684e+001 1.740222e-001
v 4.540343e-001 2.597237e+001 1.880672e-001
v 4.850368e-001 2.595000e+001 2.009089e-001
v 5.098932e-001 2.592383e+001 2.112047e-001
v 5.323135e-001 2.588594e+001 2.204915e-001
v 5.520271e-001 2.584102e+001 2.286572e-001
v 5.687634e-001 2.579375e+001 2.355896e-001
v 5.822517e-001 2.574883e+001 2.411766e-001
v 5.922213e-001 2.571094e+001 2.453061e-001
v 5.984016e-001 2.568477e+001 2.478661e-001
v 6.005218e-001 2.567500e+001 2.487443e-001
v 6.025067e-001 2.567449e+001 2.495665e-001
v 6.077396e-001 2.567257e+001 2.517340e-001
v 6.151379e-001 2.566868e+001 2.547985e-001
v 6.236188e-001 2.566226e+001 2.583114e-001
v 6.320997e-001 2.565275e+001 2.618243e-001
v 6.394979e-001 2.563958e+001 2.648888e-001
v 6.447309e-001 2.562218e+001 2.670563e-001
v 6.467158e-001 2.560000e+001 2.678785e-001
v 6.447309e-001 2.557668e+001 2.670563e-001
v 6.394979e-001 2.555875e+001 2.648888e-001
v 6.320997e-001 2.554551e+001 2.618243e-001
v 6.236188e-001 2.553625e+001 2.583114e-001
v 6.151379e-001 2.553028e+001 2.547985e-001
v 6.077396e-001 2.552688e+001 2.517340e-001
v 6.025067e-001 2.552535e+001 2.495665e-001
v 6.005218e-001 2.552500e+001 2.487443e-001
v 5.998325e-001 2.551720e+001 2.484588e-001
v 5.970861e-001 2.549581e+001 2.473212e-001
v 5.912650e-001 2.546383e+001 2.449100e-001
v 5.813513e-001 2.542425e+001 2.408037e-001
v 5.663274e-001 2.538008e+001 2.345806e-001
v 5.451756e-001 2.533431e+001 2.258192e-001
v 5.168782e-001 2.528996e+001 2.140980e-001
v 4.804175e-001 2.525000e+001 1.989955e-001
v 4.557585e-001 2.522928e+001 1.887814e-001
v 4.282693e-001 2.520838e+001 1.773950e-001
v 3.998357e-001 2.518821e+001 1.656174e-001
v 3.723433e-001 2.516967e+001 1.542297e-001
v 3.476777e-001 2.515368e+001 1.440129e-001
v 3.277249e-001 2.514113e+001 1.357481e-001
v 3.143703e-001 2.513293e+001 1.302165e-001
v 3.094997e-001 2.513000e+001 1.281991e-001
v 3.072622e-001 2.512301e+001 1.272722e-001
v 3.019932e-001 2.510406e+001 1.250898e-001
v 2.958581e-001 2.507621e+001 1.225485e-001
v 2.910222e-001 2.504250e+001 1.205454e-001
v 2.896507e-001 2.500598e+001 1.199773e-001
v 2.939093e-001 2.496969e+001 1.217413e-001
v 3.059630e-001 2.493668e+001 1.267341e-001
v 3.279773e-001 2.491000e+001 1.358527e-001
v 3.334881e-001 2.490507e+001 1.381354e-001
v 3.388041e-001 2.489903e+001 1.403373e-001
v 3.437302e-001 2.489154e+001 1.423778e-001
v 3.480717e-001 2.488225e+001 1.441761e-001
v 3.516337e-001 2.487080e+001 1.456515e-001
v 3.542213e-001 2.485685e+001 1.467233e-001
v 3.556396e-001 2.484003e+001 1.473108e-001
v 3.556937e-001 2.482000e+001 1.473333e-001
v 3.527525e-001 2.479857e+001 1.461150e-001
v 3.462105e-001 2.478014e+001 1.434052e-001
v 3.372983e-001 2.476465e+001 1.397136e-001
v 3.272468e-001 2.475207e+001 1.355501e-001
v 3.172866e-001 2.474235e+001 1.314245e-001
v 3.086484e-001 2.473546e+001 1.278464e-001
v 3.025630e-001 2.473136e+001 1.253258e-001
v 3.002610e-001 2.473000e+001 1.243723e-001
v 3.013761e-001 2.472690e+001 1.248342e-001
v 3.043318e-001 2.471828e+001 1.260585e-001
v 3.085434e-001 2.470522e+001 1.278030e-001
v 3.134263e-001 2.468875e+001 1.298255e-001
v 3.183957e-001 2.466994e+001 1.318839e-001
v 3.228672e-001 2.464985e+001 1.337360e-001
v 3.262559e-001 2.462951e+001 1.351397e-001
v 3.279773e-001 2.461000e+001 1.358528e-001
v 3.287061e-001 2.455630e+001 1.361546e-001
v 3.263278e-001 2.451332e+001 1.351695e-001
v 3.206421e-001 2.447837e+001 1.328144e-001
v 3.114487e-001 2.444876e+001 1.290064e-001
v 2.985471e-001 2.442181e+001 1.236624e-001
v 2.817369e-001 2.439482e+001 1.166993e-001
v 2.608178e-001 2.436512e+001 1.080344e-001
v 2.355894e-001 2.433000e+001 9.758444e-002
v 2.159065e-001 2.429891e+001 8.943150e-002
v 2.021566e-001 2.426991e+001 8.373611e-002
v 1.936901e-001 2.424264e+001 8.022918e-002
v 1.898574e-001 2.421675e+001 7.864164e-002
v 1.900090e-001 2.419190e+001 7.870441e-002
v 1.934952e-001 2.416772e+001 8.014844e-002
v 1.996664e-001 2.414387e+001 8.270464e-002
v 2.078730e-001 2.412000e+001 8.610395e-002
v 2.092881e-001 2.411213e+001 8.669011e-002
v 2.108126e-001 2.409727e+001 8.732156e-002
v 2.123546e-001 2.407788e+001 8.796028e-002
v 2.138222e-001 2.405646e+001 8.856820e-002
v 2.151236e-001 2.403548e+001 8.910725e-002
v 2.161670e-001 2.401742e+001 8.953941e-002
v 2.168603e-001 2.400477e+001 8.982661e-002
v 2.171118e-001 2.400000e+001 8.993079e-002
v 1.893954e-001 2.400000e+001 7.845029e-002
v 2.171120e-001 1.949000e+001 8.993106e-002
v 2.182474e-001 1.949047e+001 9.040137e-002
v 2.218297e-001 1.949054e+001 9.188518e-002
v 2.281230e-001 1.948819e+001 9.449196e-002
v 2.373914e-001 1.948142e+001 9.833107e-002
v 2.498992e-001 1.946823e+001 1.035120e-001
v 2.659105e-001 1.944660e+001 1.101440e-001
v 2.856893e-001 1.941453e+001 1.183367e-001
v 3.094999e-001 1.937000e+001 1.281994e-001
v 3.126830e-001 1.935552e+001 1.295179e-001
v 3.141771e-001 1.933103e+001 1.301368e-001
v 3.143720e-001 1.930022e+001 1.302175e-001
v 3.136574e-001 1.926675e+001 1.299215e-001
v 3.124232e-001 1.923432e+001 1.294103e-001
v 3.110590e-001 1.920659e+001 1.288452e-001
v 3.099547e-001 1.918726e+001 1.283878e-001
v 3.095000e-001 1.918000e+001 1.281994e-001
v 2.725448e-001 1.918000e+001 1.128921e-001
v 2.729494e-001 1.916733e+001 1.130597e-001
v 2.748395e-001 1.913261e+001 1.138426e-001
v 2.792292e-001 1.908083e+001 1.156609e-001
v 2.871328e-001 1.901696e+001 1.189347e-001
v 2.995647e-001 1.894596e+001 1.240841e-001
v 3.175389e-001 1.887283e+001 1.315293e-001
v 3.420697e-001 1.880251e+001 1.416903e-001
v 3.741716e-001 1.874000e+001 1.549873e-001
v 4.432786e-001 1.860737e+001 1.836124e-001
v 4.679744e-001 1.850397e+001 1.938417e-001
v 4.591073e-001 1.842377e+001 1.901688e-001
v 4.275258e-001 1.836075e+001 1.770873e-001
v 3.840781e-001 1.830889e+001 1.590908e-001
v 3.396128e-001 1.826216e+001 1.406726e-001
v 3.049780e-001 1.821454e+001 1.263264e-001
v 2.910224e-001 1.816000e+001 1.205458e-001
v 2.956959e-001 1.810539e+001 1.224817e-001
v 3.084895e-001 1.806063e+001 1.277809e-001
v 3.275626e-001 1.802430e+001 1.356813e-001
v 3.510746e-001 1.799500e+001 1.454203e-001
v 3.771850e-001 1.797133e+001 1.562355e-001
v 4.040533e-001 1.795188e+001 1.673648e-001
v 4.298390e-001 1.793524e+001 1.780455e-001
v 4.527014e-001 1.792000e+001 1.875154e-001
v 4.717925e-001 1.789820e+001 1.954232e-001
v 4.876356e-001 1.786563e+001 2.019857e-001
v 5.004472e-001 1.782648e+001 2.072924e-001
v 5.104439e-001 1.778500e+001 2.114332e-001
v 5.178421e-001 1.774539e+001 2.144976e-001
v 5.228585e-001 1.771188e+001 2.165755e-001
v 5.257096e-001 1.768867e+001 2.177564e-001
v 5.266118e-001 1.768000e+001 2.181301e-001
v 5.223100e-001 1.768065e+001 2.163483e-001
v 5.102129e-001 1.768106e+001 2.113375e-001
v 4.915332e-001 1.767895e+001 2.036001e-001
v 4.674835e-001 1.767200e+001 1.936384e-001
v 4.392762e-001 1.765793e+001 1.819546e-001
v 4.081242e-001 1.763444e+001 1.690510e-001
v 3.752398e-001 1.759923e+001 1.554298e-001
v 3.418358e-001 1.755000e+001 1.415934e-001
v 3.222222e-001 1.751231e+001 1.334692e-001
v 3.078544e-001 1.747692e+001 1.275179e-001
v 2.979214e-001 1.744468e+001 1.234035e-001
v 2.916127e-001 1.741643e+001 1.207903e-001
v 2.881173e-001 1.739300e+001 1.193425e-001
v 2.866244e-001 1.737522e+001 1.187241e-001
v 2.863232e-001 1.736395e+001 1.185994e-001
v 2.864031e-001 1.736000e+001 1.186324e-001
v 2.920365e-001 1.735903e+001 1.209659e-001
v 3.068728e-001 1.735525e+001 1.271113e-001
v 3.278152e-001 1.734735e+001 1.357859e-001
v 3.517675e-001 1.733400e+001 1.457073e-001
v 3.756332e-001 1.731391e+001 1.555928e-001
v 3.963158e-001 1.728575e+001 1.641598e-001
v 4.107190e-001 1.724822e+001 1.701258e-001
v 4.157462e-001 1.720000e+001 1.722081e-001
v 4.147110e-001 1.715306e+001 1.717793e-001
v 4.125989e-001 1.711683e+001 1.709045e-001
v 4.088588e-001 1.708908e+001 1.693553e-001
v 4.029399e-001 1.706760e+001 1.669036e-001
v 3.942911e-001 1.705017e+001 1.633211e-001
v 3.823614e-001 1.703457e+001 1.583797e-001
v 3.665997e-001 1.701859e+001 1.518510e-001
v 3.464552e-001 1.700000e+001 1.435069e-001
v 3.232287e-001 1.696964e+001 1.338862e-001
v 3.058746e-001 1.692978e+001 1.266979e-001
v 2.935375e-001 1.688460e+001 1.215876e-001
v 2.853619e-001 1.683828e+001 1.182012e-001
v 2.804922e-001 1.679498e+001 1.161841e-001
v 2.780730e-001 1.675889e+001 1.151821e-001
v 2.772489e-001 1.673417e+001 1.148407e-001
v 2.771643e-001 1.672500e+001 1.148056e-001
v 2.540673e-001 1.672500e+001 1.052386e-001
v 2.771644e-001 1.257500e+001 1.148059e-001
v 3.695524e-001 1.257500e+001 1.530742e-001
v 3.704005e-001 1.253018e+001 1.534255e-001
v 3.728726e-001 1.240859e+001 1.544495e-001
v 3.768604e-001 1.222959e+001 1.561013e-001
v 3.822557e-001 1.201250e+001 1.583362e-001
v 3.889503e-001 1.177666e+001 1.611091e-001
v 3.968357e-001 1.154141e+001 1.643754e-001
v 4.058039e-001 1.132607e+001 1.680901e-001
v 4.157465e-001 1.115000e+001 1.722085e-001
v 4.482519e-001 1.077964e+001 1.856727e-001
v 4.869365e-001 1.048856e+001 2.016964e-001
v 5.298414e-001 1.026145e+001 2.194682e-001
v 5.750075e-001 1.008302e+001 2.381766e-001
v 6.204758e-001 9.937965e+000 2.570102e-001
v 6.642874e-001 9.810977e+000 2.751576e-001
v 7.044833e-001 9.686756e+000 2.918073e-001
v 7.391044e-001 9.550000e+000 3.061478e-001
v 7.481521e-001 9.468824e+000 3.098955e-001
v 7.437965e-001 9.388821e+000 3.080914e-001
v 7.297970e-001 9.312965e+000 3.022926e-001
v 7.099129e-001 9.244231e+000 2.940563e-001
v 6.879034e-001 9.185591e+000 2.849397e-001
v 6.675280e-001 9.140024e+000 2.764999e-001
v 6.525459e-001 9.110502e+000 2.702941e-001
v 6.467165e-001 9.100000e+000 2.678795e-001
v 6.429271e-001 9.097969e+000 2.663099e-001
v 6.337244e-001 9.091250e+000 2.624980e-001
v 6.223564e-001 9.078907e+000 2.577892e-001
v 6.120710e-001 9.060000e+000 2.535289e-001
v 6.061163e-001 9.033594e+000 2.510623e-001
v 6.077403e-001 8.998751e+000 2.517350e-001
v 6.201910e-001 8.954532e+000 2.568923e-001
v 6.467165e-001 8.900001e+000 2.678795e-001
v 6.772117e-001 8.841172e+000 2.805111e-001
v 7.001283e-001 8.785625e+000 2.900034e-001
v 7.165487e-001 8.734766e+000 2.968050e-001
v 7.275559e-001 8.690001e+000 3.013643e-001
v 7.342324e-001 8.652735e+000 3.041298e-001
v 7.376609e-001 8.624375e+000 3.055499e-001
v 7.389240e-001 8.606329e+000 3.060731e-001
v 7.391044e-001 8.600000e+000 3.061478e-001
v 1.961571e-001 2.700000e+001 3.901805e-002
v 1.961571e-001 2.640000e+001 3.901808e-002
v 2.942356e-001 2.630000e+001 5.852711e-002
v 2.942356e-001 2.610000e+001 5.852712e-002
v 3.003707e-001 2.609583e+001 5.974745e-002
v 3.172405e-001 2.608436e+001 6.310306e-002
v 3.425419e-001 2.606717e+001 6.813582e-002
v 3.739717e-001 2.604580e+001 7.438760e-002
v 4.092268e-001 2.602184e+001 8.140028e-002
v 4.460040e-001 2.599684e+001 8.871572e-002
v 4.820002e-001 2.597237e+001 9.587581e-002
v 5.149124e-001 2.595000e+001 1.024224e-001
v 5.412997e-001 2.592383e+001 1.076712e-001
v 5.651010e-001 2.588594e+001 1.124056e-001
v 5.860289e-001 2.584102e+001 1.165684e-001
v 6.037961e-001 2.579375e+001 1.201025e-001
v 6.181151e-001 2.574883e+001 1.229507e-001
v 6.286988e-001 2.571094e+001 1.250560e-001
v 6.352597e-001 2.568477e+001 1.263610e-001
v 6.375105e-001 2.567500e+001 1.268087e-001
v 6.396177e-001 2.567449e+001 1.272279e-001
v 6.451730e-001 2.567257e+001 1.283329e-001
v 6.530269e-001 2.566868e+001 1.298951e-001
v 6.620302e-001 2.566226e+001 1.316860e-001
v 6.710335e-001 2.565275e+001 1.334769e-001
v 6.788874e-001 2.563958e+001 1.350391e-001
v 6.844426e-001 2.562218e+001 1.361441e-001
v 6.865498e-001 2.560000e+001 1.365632e-001
v 6.844426e-001 2.557668e+001 1.361441e-001
v 6.788874e-001 2.555875e+001 1.350391e-001
v 6.710335e-001 2.554551e+001 1.334769e-001
v 6.620302e-001 2.553625e+001 1.316860e-001
v 6.530269e-001 2.553028e+001 1.298951e-001
v 6.451730e-001 2.552688e+001 1.283329e-001
v 6.396177e-001 2.552535e+001 1.272279e-001
v 6.375105e-001 2.552500e+001 1.268087e-001
v 6.367788e-001 2.551720e+001 1.266632e-001
v 6.338633e-001 2.549581e+001 1.260833e-001
v 6.276836e-001 2.546383e+001 1.248540e-001
v 6.171592e-001 2.542425e+001 1.227606e-001
v 6.012100e-001 2.538008e+001 1.195881e-001
v 5.787554e-001 2.533431e+001 1.151216e-001
v 5.487150e-001 2.528996e+001 1.091462e-001
v 5.100085e-001 2.525000e+001 1.014470e-001
v 4.838306e-001 2.522928e+001 9.623992e-002
v 4.546483e-001 2.520838e+001 9.043521e-002
v 4.244633e-001 2.518821e+001 8.443104e-002
v 3.952775e-001 2.516967e+001 7.862562e-002
v 3.690927e-001 2.515368e+001 7.341716e-002
v 3.479109e-001 2.514113e+001 6.920382e-002
v 3.337337e-001 2.513293e+001 6.638382e-002
v 3.285632e-001 2.513000e+001 6.535532e-002
v 3.261878e-001 2.512301e+001 6.488284e-002
v 3.205943e-001 2.510406e+001 6.377022e-002
v 3.140813e-001 2.507621e+001 6.247470e-002
v 3.089474e-001 2.504250e+001 6.145352e-002
v 3.074916e-001 2.500598e+001 6.116394e-002
v 3.120124e-001 2.496969e+001 6.206318e-002
v 3.248086e-001 2.493668e+001 6.460851e-002
v 3.481789e-001 2.491000e+001 6.925715e-002
v 3.540291e-001 2.490507e+001 7.042082e-002
v 3.596725e-001 2.489903e+001 7.154336e-002
v 3.649020e-001 2.489154e+001 7.258359e-002
v 3.695110e-001 2.488225e+001 7.350037e-002
v 3.732924e-001 2.487080e+001 7.425252e-002
v 3.760393e-001 2.485685e+001 7.479893e-002
v 3.775450e-001 2.484003e+001 7.509843e-002
v 3.776025e-001 2.482000e+001 7.510985e-002
v 3.744801e-001 2.479857e+001 7.448879e-002
v 3.675351e-001 2.478014e+001 7.310734e-002
v 3.580740e-001 2.476465e+001 7.122541e-002
v 3.474033e-001 2.475207e+001 6.910288e-002
v 3.368296e-001 2.474235e+001 6.699964e-002
v 3.276594e-001 2.473546e+001 6.517557e-002
v 3.211991e-001 2.473136e+001 6.389054e-002
v 3.187553e-001 2.473000e+001 6.340445e-002
v 3.199392e-001 2.472690e+001 6.363992e-002
v 3.230769e-001 2.471828e+001 6.426407e-002
v 3.275479e-001 2.470522e+001 6.515340e-002
v 3.327315e-001 2.468875e+001 6.618448e-002
v 3.380071e-001 2.466994e+001 6.723385e-002
v 3.427539e-001 2.464985e+001 6.817806e-002
v 3.463514e-001 2.462951e+001 6.889365e-002
v 3.481789e-001 2.461000e+001 6.925716e-002
v 3.489526e-001 2.455630e+001 6.941105e-002
v 3.464278e-001 2.451332e+001 6.890885e-002
v 3.403919e-001 2.447837e+001 6.770822e-002
v 3.306322e-001 2.444876e+001 6.576691e-002
v 3.169359e-001 2.442181e+001 6.304255e-002
v 2.990903e-001 2.439482e+001 5.949284e-002
v 2.768827e-001 2.436512e+001 5.507548e-002
v 2.501004e-001 2.433000e+001 4.974816e-002
v 2.292051e-001 2.429891e+001 4.559182e-002
v 2.146083e-001 2.426991e+001 4.268834e-002
v 2.056203e-001 2.424264e+001 4.090052e-002
v 2.015516e-001 2.421675e+001 4.009120e-002
v 2.017125e-001 2.419190e+001 4.012321e-002
v 2.054134e-001 2.416772e+001 4.085936e-002
v 2.119647e-001 2.414387e+001 4.216250e-002
v 2.206768e-001 2.412000e+001 4.389545e-002
v 2.221791e-001 2.411213e+001 4.419428e-002
v 2.237975e-001 2.409727e+001 4.451619e-002
v 2.254344e-001 2.407788e+001 4.484180e-002
v 2.269925e-001 2.405646e+001 4.515172e-002
v 2.283740e-001 2.403548e+001 4.542653e-002
v 2.294816e-001 2.401742e+001 4.564684e-002
v 2.302177e-001 2.400477e+001 4.579325e-002
v 2.304847e-001 2.400000e+001 4.584637e-002
v 2.010611e-001 2.400000e+001 3.999366e-002
v 2.304849e-001 1.949000e+001 4.584660e-002
v 2.316902e-001 1.949047e+001 4.608636e-002
v 2.354931e-001 1.949054e+001 4.684280e-002
v 2.421741e-001 1.948819e+001 4.817172e-002
v 2.520134e-001 1.948142e+001 5.012888e-002
v 2.652916e-001 1.946823e+001 5.277008e-002
v 2.822891e-001 1.944660e+001 5.615109e-002
v 3.032862e-001 1.941453e+001 6.032768e-002
v 3.285634e-001 1.937000e+001 6.535562e-002
v 3.319425e-001 1.935552e+001 6.602778e-002
v 3.335286e-001 1.933103e+001 6.634328e-002
v 3.337355e-001 1.930022e+001 6.638443e-002
v 3.329769e-001 1.926675e+001 6.623354e-002
v 3.316667e-001 1.923432e+001 6.597291e-002
v 3.302185e-001 1.920659e+001 6.568485e-002
v 3.290462e-001 1.918726e+001 6.545167e-002
v 3.285634e-001 1.918000e+001 6.535564e-002
v 2.893320e-001 1.918000e+001 5.755203e-002
v 2.897615e-001 1.916733e+001 5.763747e-002
v 2.917680e-001 1.913261e+001 5.803659e-002
v 2.964281e-001 1.908083e+001 5.896354e-002
v 3.048186e-001 1.901696e+001 6.063251e-002
v 3.180161e-001 1.894596e+001 6.325766e-002
v 3.370975e-001 1.887283e+001 6.705318e-002
v 3.631393e-001 1.880251e+001 7.223323e-002
v 3.972184e-001 1.874000e+001 7.901198e-002
v 4.705821e-001 1.860737e+001 9.360491e-002
v 4.967989e-001 1.850397e+001 9.881978e-002
v 4.873857e-001 1.842377e+001 9.694738e-002
v 4.538589e-001 1.836075e+001 9.027848e-002
v 4.077352e-001 1.830889e+001 8.110391e-002
v 3.605310e-001 1.826216e+001 7.171442e-002
v 3.237630e-001 1.821454e+001 6.440081e-002
v 3.089477e-001 1.816000e+001 6.145388e-002
v 3.139091e-001 1.810539e+001 6.244077e-002
v 3.274907e-001 1.806063e+001 6.514231e-002
v 3.477386e-001 1.802430e+001 6.916986e-002
v 3.726988e-001 1.799500e+001 7.413476e-002
v 4.004175e-001 1.797133e+001 7.964835e-002
v 4.289407e-001 1.795188e+001 8.532197e-002
v 4.563146e-001 1.793524e+001 9.076697e-002
v 4.805852e-001 1.792000e+001 9.559469e-002
v 5.008522e-001 1.789820e+001 9.962605e-002
v 5.176712e-001 1.786563e+001 1.029715e-001
v 5.312719e-001 1.782648e+001 1.056769e-001
v 5.418843e-001 1.778500e+001 1.077878e-001
v 5.497382e-001 1.774539e+001 1.093501e-001
v 5.550636e-001 1.771188e+001 1.104094e-001
v 5.580903e-001 1.768867e+001 1.110114e-001
v 5.590481e-001 1.768000e+001 1.112019e-001
v 5.544813e-001 1.768065e+001 1.102935e-001
v 5.416391e-001 1.768106e+001 1.077391e-001
v 5.218089e-001 1.767895e+001 1.037946e-001
v 4.962778e-001 1.767200e+001 9.871615e-002
v 4.663332e-001 1.765793e+001 9.275980e-002
v 4.332623e-001 1.763444e+001 8.618160e-002
v 3.983525e-001 1.759923e+001 7.923761e-002
v 3.628910e-001 1.755000e+001 7.218388e-002
v 3.420693e-001 1.751231e+001 6.804219e-002
v 3.268164e-001 1.747692e+001 6.500822e-002
v 3.162717e-001 1.744468e+001 6.291074e-002
v 3.095744e-001 1.741643e+001 6.157856e-002
v 3.058636e-001 1.739300e+001 6.084046e-002
v 3.042788e-001 1.737522e+001 6.052521e-002
v 3.039592e-001 1.736395e+001 6.046162e-002
v 3.040438e-001 1.736000e+001 6.047847e-002
v 3.100244e-001 1.735903e+001 6.166807e-002
v 3.257744e-001 1.735525e+001 6.480094e-002
v 3.480068e-001 1.734735e+001 6.922324e-002
v 3.734344e-001 1.733400e+001 7.428111e-002
v 3.987701e-001 1.731391e+001 7.932068e-002
v 4.207267e-001 1.728575e+001 8.368813e-002
v 4.360170e-001 1.724822e+001 8.672956e-002
v 4.413538e-001 1.720000e+001 8.779112e-002
v 4.402548e-001 1.715306e+001 8.757252e-002
v 4.380126e-001 1.711683e+001 8.712652e-002
v 4.340422e-001 1.708908e+001 8.633677e-002
v 4.277587e-001 1.706760e+001 8.508690e-002
v 4.185771e-001 1.705017e+001 8.326057e-002
v 4.059126e-001 1.703457e+001 8.074144e-002
v 3.891802e-001 1.701859e+001 7.741316e-002
v 3.677949e-001 1.700000e+001 7.315936e-002
v 3.431378e-001 1.696964e+001 6.825475e-002
v 3.247148e-001 1.692978e+001 6.459020e-002
v 3.116177e-001 1.688460e+001 6.198503e-002
v 3.029385e-001 1.683828e+001 6.025863e-002
v 2.977689e-001 1.679498e+001 5.923034e-002
v 2.952007e-001 1.675889e+001 5.871950e-002
v 2.943258e-001 1.673417e+001 5.854547e-002
v 2.942360e-001 1.672500e+001 5.852761e-002
v 2.697164e-001 1.672500e+001 5.365035e-002
v 2.942362e-001 1.257500e+001 5.852782e-002
v 3.923147e-001 1.257500e+001 7.803684e-002
v 3.932151e-001 1.253018e+001 7.821594e-002
v 3.958394e-001 1.240859e+001 7.873797e-002
v 4.000729e-001 1.222959e+001 7.958005e-002
v 4.058005e-001 1.201250e+001 8.071936e-002
v 4.129074e-001 1.177666e+001 8.213301e-002
v 4.212786e-001 1.154141e+001 8.379816e-002
v 4.307991e-001 1.132607e+001 8.569191e-002
v 4.413541e-001 1.115000e+001 8.779144e-002
v 4.758617e-001 1.077964e+001 9.465544e-002
v 5.169291e-001 1.048856e+001 1.028243e-001
v 5.624766e-001 1.026145e+001 1.118842e-001
v 6.104246e-001 1.008302e+001 1.214217e-001
v 6.586936e-001 9.937965e+000 1.310230e-001
v 7.052037e-001 9.810977e+000 1.402744e-001
v 7.478754e-001 9.686756e+000 1.487624e-001
v 7.846290e-001 9.550000e+000 1.560731e-001
v 7.942340e-001 9.468824e+000 1.579837e-001
v 7.896102e-001 9.388821e+000 1.570639e-001
v 7.747484e-001 9.312965e+000 1.541077e-001
v 7.536395e-001 9.244231e+000 1.499089e-001
v 7.302744e-001 9.185591e+000 1.452613e-001
v 7.086440e-001 9.140024e+000 1.409587e-001
v 6.927390e-001 9.110502e+000 1.377951e-001
v 6.865505e-001 9.100000e+000 1.365641e-001
v 6.825278e-001 9.097969e+000 1.357639e-001
v 6.727582e-001 9.091250e+000 1.338207e-001
v 6.606899e-001 9.078907e+000 1.314201e-001
v 6.497711e-001 9.060000e+000 1.292482e-001
v 6.434496e-001 9.033594e+000 1.279908e-001
v 6.451737e-001 8.998751e+000 1.283337e-001
v 6.583912e-001 8.954532e+000 1.309629e-001
v 6.865505e-001 8.900001e+000 1.365641e-001
v 7.189241e-001 8.841172e+000 1.430036e-001
v 7.432522e-001 8.785625e+000 1.478428e-001
v 7.606841e-001 8.734766e+000 1.513102e-001
v 7.723693e-001 8.690001e+000 1.536345e-001
v 7.794570e-001 8.652735e+000 1.550444e-001
v 7.830966e-001 8.624375e+000 1.557683e-001
v 7.844375e-001 8.606329e+000 1.560351e-001
v 7.846290e-001 8.600000e+000 1.560732e-001
v 6.000001e-001 8.600000e+000 6.665987e-008
v 7.643751e-001 8.590626e+000 6.706966e-008
v 1.000000e+000 8.525001e+000 6.993822e-008
v 1.085625e+000 8.409375e+000 7.499235e-008
v 1.100000e+000 8.350000e+000 7.758771e-008
v 1.128125e+000 8.340000e+000 7.802483e-008
v 1.175000e+000 8.300000e+000 7.977329e-008
v 1.196875e+000 8.247500e+000 8.206813e-008
v 1.200000e+000 8.225000e+000 8.305164e-008
v 1.175000e+000 8.200001e+000 8.414442e-008
v 1.187500e+000 6.370000e+000 1.641363e-007
v 1.200000e+000 4.525000e+000 2.447838e-007
v 1.225000e+000 4.492500e+000 2.462044e-007
v 1.250000e+000 4.475000e+000 2.469694e-007
v 4.242641e-001 8.600000e+000 -4.242640e-001
v 5.404948e-001 8.590626e+000 -5.404947e-001
v 7.071069e-001 8.525001e+000 -7.071068e-001
v 7.676529e-001 8.409375e+000 -7.676529e-001
v 7.778175e-001 8.350000e+000 -7.778175e-001
v 7.977049e-001 8.340000e+000 -7.977049e-001
v 8.308505e-001 8.300000e+000 -8.308505e-001
v 8.463185e-001 8.247500e+000 -8.463185e-001
v 8.485283e-001 8.225000e+000 -8.485282e-001
v 8.308505e-001 8.200001e+000 -8.308505e-001
v 8.396895e-001 6.370000e+000 -8.396893e-001
v 8.485284e-001 4.525000e+000 -8.485281e-001
v 8.662060e-001 4.492500e+000 -8.662058e-001
v 8.838837e-001 4.475000e+000 -8.838834e-001
v -2.622684e-008 8.600000e+000 -6.000000e-001
v -3.341190e-008 8.590626e+000 -7.643750e-001
v -4.371140e-008 8.525001e+000 -1.000000e+000
v -4.745418e-008 8.409375e+000 -1.085625e+000
v -4.808253e-008 8.350000e+000 -1.100000e+000
v -4.931192e-008 8.340000e+000 -1.128125e+000
v -5.136089e-008 8.300000e+000 -1.175000e+000
v -5.231708e-008 8.247500e+000 -1.196875e+000
v -5.245367e-008 8.225000e+000 -1.200000e+000
v -5.136089e-008 8.200001e+000 -1.175000e+000
v -5.190729e-008 6.370000e+000 -1.187500e+000
v -5.245368e-008 4.525000e+000 -1.200000e+000
v -5.354646e-008 4.492500e+000 -1.225000e+000
v -5.463925e-008 4.475000e+000 -1.250000e+000
v -4.242641e-001 8.600000e+000 -4.242640e-001
v -5.404948e-001 8.590626e+000 -5.404947e-001
v -7.071069e-001 8.525001e+000 -7.071068e-001
v -7.676529e-001 8.409375e+000 -7.676529e-001
v -7.778175e-001 8.350000e+000 -7.778175e-001
v -7.977049e-001 8.340000e+000 -7.977049e-001
v -8.308505e-001 8.300000e+000 -8.308505e-001
v -8.463185e-001 8.247500e+000 -8.463185e-001
v -8.485283e-001 8.225000e+000 -8.485282e-001
v -8.308505e-001 8.200001e+000 -8.308505e-001
v -8.396895e-001 6.370000e+000 -8.396893e-001
v -8.485284e-001 4.525000e+000 -8.485281e-001
v -8.662060e-001 4.492500e+000 -8.662058e-001
v -8.838837e-001 4.475000e+000 -8.838834e-001
v -6.000001e-001 8.600000e+000 1.191135e-007
v -7.643751e-001 8.590626e+000 1.338935e-007
v -1.000000e+000 8.525001e+000 1.573610e-007
v -1.085625e+000 8.409375e+000 1.699007e-007
v -1.100000e+000 8.350000e+000 1.737528e-007
v -1.128125e+000 8.340000e+000 1.766487e-007
v -1.175000e+000 8.300000e+000 1.824951e-007
v -1.196875e+000 8.247500e+000 1.867023e-007
v -1.200000e+000 8.225000e+000 1.879590e-007
v -1.175000e+000 8.200001e+000 1.868662e-007
v -1.187500e+000 6.370000e+000 2.679508e-007
v -1.200000e+000 4.525000e+000 3.496911e-007
v -1.225000e+000 4.492500e+000 3.532973e-007
v -1.250000e+000 4.475000e+000 3.562479e-007
v -4.242640e-001 8.600000e+000 4.242643e-001
v -5.404947e-001 8.590626e+000 5.404950e-001
v -7.071068e-001 8.525001e+000 7.071071e-001
v -7.676528e-001 8.409375e+000 7.676531e-001
v -7.778174e-001 8.350000e+000 7.778178e-001
v -7.977048e-001 8.340000e+000 7.977051e-001
v -8.308504e-001 8.300000e+000 8.308508e-001
v -8.463184e-001 8.247500e+000 8.463188e-001
v -8.485281e-001 8.225000e+000 8.485285e-001
v -8.308504e-001 8.200001e+000 8.308508e-001
v -8.396894e-001 6.370000e+000 8.396898e-001
v -8.485282e-001 4.525000e+000 8.485287e-001
v -8.662059e-001 4.492500e+000 8.662064e-001
v -8.838835e-001 4.475000e+000 8.838841e-001
v 7.154930e-009 8.600000e+000 6.000001e-001
v 9.115082e-009 8.590626e+000 7.643752e-001
v 1.192488e-008 8.525001e+000 1.000000e+000
v 1.294595e-008 8.409375e+000 1.085625e+000
v 1.311737e-008 8.350000e+000 1.100000e+000
v 1.345276e-008 8.340000e+000 1.128125e+000
v 1.401174e-008 8.300000e+000 1.175000e+000
v 1.427259e-008 8.247500e+000 1.196875e+000
v 1.430986e-008 8.225000e+000 1.200000e+000
v 1.401174e-008 8.200001e+000 1.175000e+000
v 1.416080e-008 6.370000e+000 1.187500e+000
v 1.430986e-008 4.525000e+000 1.200001e+000
v 1.460798e-008 4.492500e+000 1.225001e+000
v 1.490610e-008 4.475000e+000 1.250001e+000
v 4.242643e-001 8.600000e+000 4.242640e-001
v 5.404950e-001 8.590626e+000 5.404947e-001
v 7.071071e-001 8.525001e+000 7.071067e-001
v 7.676532e-001 8.409375e+000 7.676527e-001
v 7.778178e-001 8.350000e+000 7.778174e-001
v 7.977052e-001 8.340000e+000 7.977048e-001
v 8.308509e-001 8.300000e+000 8.308504e-001
v 8.463188e-001 8.247500e+000 8.463184e-001
v 8.485286e-001 8.225000e+000 8.485280e-001
v 8.308509e-001 8.200001e+000 8.308504e-001
v 8.396898e-001 6.370000e+000 8.396894e-001
v 8.485286e-001 4.525000e+000 8.485283e-001
v 8.662063e-001 4.492500e+000 8.662060e-001
v 8.838840e-001 4.475000e+000 8.838837e-001
v 1.300000e+000 4.475000e+000 -1.300000e+000
v 1.300000e+000 4.475000e+000 1.300000e+000
v -1.300000e+000 4.475000e+000 1.300000e+000
v -1.300000e+000 4.475000e+000 -1.300000e+000
v 1.392857e+000 4.375000e+000 -1.392857e+000
v 1.392857e+000 4.375000e+000 1.392857e+000
v -1.392857e+000 4.375000e+000 1.392857e+000
v -1.392857e+000 4.375000e+000 -1.392857e+000
v 1.392857e+000 4.175000e+000 -1.392857e+000
v 1.392857e+000 4.175000e+000 1.392857e+000
v -1.392857e+000 4.175000e+000 1.392857e+000
v -1.392857e+000 4.175000e+000 -1.392857e+000
v 1.323214e+000 4.125000e+000 -1.323214e+000
v 1.323214e+000 4.125000e+000 1.323214e+000
v -1.323214e+000 4.125000e+000 1.323214e+000
v -1.323214e+000 4.125000e+000 -1.323214e+000
v 1.323214e+000 -2.500000e-002 -1.323214e+000
v 1.323214e+000 -2.500000e-002 1.323214e+000
v -1.323214e+000 -2.500000e-002 1.323214e+000
v -1.323214e+000 -2.500000e-002 -1.323214e+000
# 10006 vertices

g deco
s 1
f 1 3 2
f 1 4 3
f 1 5 4
f 1 6 5
f 2 3 19 18
f 3 4 20 19
f 4 5 21 20
f 5 6 22 21
f 18 19 35 34
f 19 20 36 35
f 20 21 37 36
f 21 22 38 37
f 34 35 51 50
f 35 36 52 51
f 36 37 53 52
f 37 38 54 53
f 1 7 6
f 1 8 7
f 1 9 8
f 1 10 9
f 6 7 23 22
f 7 8 24 23
f 8 9 25 24
f 9 10 26 25
f 22 23 39 38
f 23 24 40 39
f 24 25 41 40
f 25 26 42 41
f 38 39 55 54
f 39 40 56 55
f 40 41 57 56
f 41 42 58 57
f 1 11 10
f 1 12 11
f 1 13 12
f 1 14 13
f 10 11 27 26
f 11 12 28 27
f 12 13 29 28
f 13 14 30 29
f 26 27 43 42
f 27 28 44 43
f 28 29 45 44
f 29 30 46 45
f 42 43 59 58
f 43 44 60 59
f 44 45 61 60
f 45 46 62 61
f 1 15 14
f 1 16 15
f 1 17 16
f 1 2 17
f 14 15 31 30
f 15 16 32 31
f 16 17 33 32
f 17 2 18 33
f 30 31 47 46
f 31 32 48 47
f 32 33 49 48
f 33 18 34 49
f 46 47 63 62
f 47 48 64 63
f 48 49 65 64
f 49 34 50 65
f 50 51 67 66
f 51 52 68 67
f 52 53 69 68
f 53 54 70 69
f 66 67 83 82
f 67 68 84 83
f 68 69 85 84
f 69 70 86 85
f 82 83 99 98
f 83 84 100 99
f 84 85 101 100
f 85 86 102 101
f 98 99 115 114
f 99 100 116 115
f 100 101 117 116
f 101 102 118 117
f 54 55 71 70
f 55 56 72 71
f 56 57 73 72
f 57 58 74 73
f 70 71 87 86
f 71 72 88 87
f 72 73 89 88
f 73 74 90 89
f 86 87 103 102
f 87 88 104 103
f 88 89 105 104
f 89 90 106 105
f 102 103 119 118
f 103 104 120 119
f 104 105 121 120
f 105 106 122 121
f 58 59 75 74
f 59 60 76 75
f 60 61 77 76
f 61 62 78 77
f 74 75 91 90
f 75 76 92 91
f 76 77 93 92
f 77 78 94 93
f 90 91 107 106
f 91 92 108 107
f 92 93 109 108
f 93 94 110 109
f 106 107 123 122
f 107 108 124 123
f 108 109 125 124
f 109 110 126 125
f 62 63 79 78
f 63 64 80 79
f 64 65 81 80
f 65 50 66 81
f 78 79 95 94
f 79 80 96 95
f 80 81 97 96
f 81 66 82 97
f 94 95 111 110
f 95 96 112 111
f 96 97 113 112
f 97 82 98 113
f 110 111 127 126
f 111 112 128 127
f 112 113 129 128
f 113 98 114 129
f 114 115 131 130
f 115 116 132 131
f 116 117 133 132
f 117 118 134 133
f 130 131 147 146
f 131 132 148 147
f 132 133 149 148
f 133 134 150 149
f 146 147 163 162
f 147 148 164 163
f 148 149 165 164
f 149 150 166 165
f 162 163 179 178
f 163 164 180 179
f 164 165 181 180
f 165 166 182 181
f 118 119 135 134
f 119 120 136 135
f 120 121 137 136
f 121 122 138 137
f 134 135 151 150
f 135 136 152 151
f 136 137 153 152
f 137 138 154 153
f 150 151 167 166
f 151 152 168 167
f 152 153 169 168
f 153 154 170 169
f 166 167 183 182
f 167 168 184 183
f 168 169 185 184
f 169 170 186 185
f 122 123 139 138
f 123 124 140 139
f 124 125 141 140
f 125 126 142 141
f 138 139 155 154
f 139 140 156 155
f 140 141 157 156
f 141 142 158 157
f 154 155 171 170
f 155 156 172 171
f 156 157 173 172
f 157 158 174 173
f 170 171 187 186
f 171 172 188 187
f 172 173 189 188
f 173 174 190 189
f 126 127 143 142
f 127 128 144 143
f 128 129 145 144
f 129 114 130 145
f 142 143 159 158
f 143 144 160 159
f 144 145 161 160
f 145 130 146 161
f 158 159 175 174
f 159 160 176 175
f 160 161 177 176
f 161 146 162 177
f 174 175 191 190
f 175 176 192 191
f 176 177 193 192
f 177 162 178 193
f 178 179 195 194
f 179 180 196 195
f 180 181 197 196
f 181 182 198 197
f 194 195 211 210
f 195 196 212 211
f 196 197 213 212
f 197 198 214 213
f 210 211 227 226
f 211 212 228 227
f 212 213 229 228
f 213 214 230 229
f 226 227 243 242
f 227 228 244 243
f 228 229 245 244
f 229 230 246 245
f 182 183 199 198
f 183 184 200 199
f 184 185 201 200
f 185 186 202 201
f 198 199 215 214
f 199 200 216 215
f 200 201 217 216
f 201 202 218 217
f 214 215 231 230
f 215 216 232 231
f 216 217 233 232
f 217 218 234 233
f 230 231 247 246
f 231 232 248 247
f 232 233 249 248
f 233 234 250 249
f 186 187 203 202
f 187 188 204 203
f 188 189 205 204
f 189 190 206 205
f 202 203 219 218
f 203 204 220 219
f 204 205 221 220
f 205 206 222 221
f 218 219 235 234
f 219 220 236 235
f 220 221 237 236
f 221 222 238 237
f 234 235 251 250
f 235 236 252 251
f 236 237 253 252
f 237 238 254 253
f 190 191 207 206
f 191 192 208 207
f 192 193 209 208
f 193 178 194 209
f 206 207 223 222
f 207 208 224 223
f 208 209 225 224
f 209 194 210 225
f 222 223 239 238
f 223 224 240 239
f 224 225 241 240
f 225 210 226 241
f 238 239 255 254
f 239 240 256 255
f 240 241 257 256
f 241 226 242 257
f 242 243 259 258
f 243 244 260 259
f 244 245 261 260
f 245 246 262 261
f 258 259 275 274
f 259 260 276 275
f 260 261 277 276
f 261 262 278 277
f 274 275 291 290
f 275 276 292 291
f 276 277 293 292
f 277 278 294 293
f 290 291 307 306
f 291 292 308 307
f 292 293 309 308
f 293 294 310 309
f 246 247 263 262
f 247 248 264 263
f 248 249 265 264
f 249 250 266 265
f 262 263 279 278
f 263 264 280 279
f 264 265 281 280
f 265 266 282 281
f 278 279 295 294
f 279 280 296 295
f 280 281 297 296
f 281 282 298 297
f 294 295 311 310
f 295 296 312 311
f 296 297 313 312
f 297 298 314 313
f 250 251 267 266
f 251 252 268 267
f 252 253 269 268
f 253 254 270 269
f 266 267 283 282
f 267 268 284 283
f 268 269 285 284
f 269 270 286 285
f 282 283 299 298
f 283 284 300 299
f 284 285 301 300
f 285 286 302 301
f 298 299 315 314
f 299 300 316 315
f 300 301 317 316
f 301 302 318 317
f 254 255 271 270
f 255 256 272 271
f 256 257 273 272
f 257 242 258 273
f 270 271 287 286
f 271 272 288 287
f 272 273 289 288
f 273 258 274 289
f 286 287 303 302
f 287 288 304 303
f 288 289 305 304
f 289 274 290 305
f 302 303 319 318
f 303 304 320 319
f 304 305 321 320
f 305 290 306 321
f 306 307 323 322
f 307 308 324 323
f 308 309 325 324
f 309 310 326 325
f 322 323 339 338
f 323 324 340 339
f 324 325 341 340
f 325 326 342 341
f 338 339 355 354
f 339 340 356 355
f 340 341 357 356
f 341 342 358 357
f 354 355 370
f 355 356 370
f 356 357 370
f 357 358 370
f 310 311 327 326
f 311 312 328 327
f 312 313 329 328
f 313 314 330 329
f 326 327 343 342
f 327 328 344 343
f 328 329 345 344
f 329 330 346 345
f 342 343 359 358
f 343 344 360 359
f 344 345 361 360
f 345 346 362 361
f 358 359 370
f 359 360 370
f 360 361 370
f 361 362 370
f 314 315 331 330
f 315 316 332 331
f 316 317 333 332
f 317 318 334 333
f 330 331 347 346
f 331 332 348 347
f 332 333 349 348
f 333 334 350 349
f 346 347 363 362
f 347 348 364 363
f 348 349 365 364
f 349 350 366 365
f 362 363 370
f 363 364 370
f 364 365 370
f 365 366 370
f 318 319 335 334
f 319 320 336 335
f 320 321 337 336
f 321 306 322 337
f 334 335 351 350
f 335 336 352 351
f 336 337 353 352
f 337 322 338 353
f 350 351 367 366
f 351 352 368 367
f 352 353 369 368
f 353 338 354 369
f 366 367 370
f 367 368 370
f 368 369 370
f 369 354 370
f 371 373 372
f 371 374 373
f 371 375 374
f 371 376 375
f 372 373 389 388
f 373 374 390 389
f 374 375 391 390
f 375 376 392 391
f 388 389 405 404
f 389 390 406 405
f 390 391 407 406
f 391 392 408 407
f 404 405 421 420
f 405 406 422 421
f 406 407 423 422
f 407 408 424 423
f 371 377 376
f 371 378 377
f 371 379 378
f 371 380 379
f 376 377 393 392
f 377 378 394 393
f 378 379 395 394
f 379 380 396 395
f 392 393 409 408
f 393 394 410 409
f 394 395 411 410
f 395 396 412 411
f 408 409 425 424
f 409 410 426 425
f 410 411 427 426
f 411 412 428 427
f 371 381 380
f 371 382 381
f 371 383 382
f 371 384 383
f 380 381 397 396
f 381 382 398 397
f 382 383 399 398
f 383 384 400 399
f 396 397 413 412
f 397 398 414 413
f 398 399 415 414
f 399 400 416 415
f 412 413 429 428
f 413 414 430 429
f 414 415 431 430
f 415 416 432 431
f 371 385 384
f 371 386 385
f 371 387 386
f 371 372 387
f 384 385 401 400
f 385 386 402 401
f 386 387 403 402
f 387 372 388 403
f 400 401 417 416
f 401 402 418 417
f 402 403 419 418
f 403 388 404 419
f 416 417 433 432
f 417 418 434 433
f 418 419 435 434
f 419 404 420 435
f 420 421 437 436
f 421 422 438 437
f 422 423 439 438
f 423 424 440 439
f 436 437 453 452
f 437 438 454 453
f 438 439 455 454
f 439 440 456 455
f 452 453 469 468
f 453 454 470 469
f 454 455 471 470
f 455 456 472 471
f 468 469 485 484
f 469 470 486 485
f 470 471 487 486
f 471 472 488 487
f 424 425 441 440
f 425 426 442 441
f 426 427 443 442
f 427 428 444 443
f 440 441 457 456
f 441 442 458 457
f 442 443 459 458
f 443 444 460 459
f 456 457 473 472
f 457 458 474 473
f 458 459 475 474
f 459 460 476 475
f 472 473 489 488
f 473 474 490 489
f 474 475 491 490
f 475 476 492 491
f 428 429 445 444
f 429 430 446 445
f 430 431 447 446
f 431 432 448 447
f 444 445 461 460
f 445 446 462 461
f 446 447 463 462
f 447 448 464 463
f 460 461 477 476
f 461 462 478 477
f 462 463 479 478
f 463 464 480 479
f 476 477 493 492
f 477 478 494 493
f 478 479 495 494
f 479 480 496 495
f 432 433 449 448
f 433 434 450 449
f 434 435 451 450
f 435 420 436 451
f 448 449 465 464
f 449 450 466 465
f 450 451 467 466
f 451 436 452 467
f 464 465 481 480
f 465 466 482 481
f 466 467 483 482
f 467 452 468 483
f 480 481 497 496
f 481 482 498 497
f 482 483 499 498
f 483 468 484 499
f 484 485 501 500
f 485 486 502 501
f 486 487 503 502
f 487 488 504 503
f 500 501 517 516
f 501 502 518 517
f 502 503 519 518
f 503 504 520 519
f 516 517 533 532
f 517 518 534 533
f 518 519 535 534
f 519 520 536 535
f 532 533 549 548
f 533 534 550 549
f 534 535 551 550
f 535 536 552 551
f 488 489 505 504
f 489 490 506 505
f 490 491 507 506
f 491 492 508 507
f 504 505 521 520
f 505 506 522 521
f 506 507 523 522
f 507 508 524 523
f 520 521 537 536
f 521 522 538 537
f 522 523 539 538
f 523 524 540 539
f 536 537 553 552
f 537 538 554 553
f 538 539 555 554
f 539 540 556 555
f 492 493 509 508
f 493 494 510 509
f 494 495 511 510
f 495 496 512 511
f 508 509 525 524
f 509 510 526 525
f 510 511 527 526
f 511 512 528 527
f 524 525 541 540
f 525 526 542 541
f 526 527 543 542
f 527 528 544 543
f 540 541 557 556
f 541 542 558 557
f 542 543 559 558
f 543 544 560 559
f 496 497 513 512
f 497 498 514 513
f 498 499 515 514
f 499 484 500 515
f 512 513 529 528
f 513 514 530 529
f 514 515 531 530
f 515 500 516 531
f 528 529 545 544
f 529 530 546 545
f 530 531 547 546
f 531 516 532 547
f 544 545 561 560
f 545 546 562 561
f 546 547 563 562
f 547 532 548 563
f 548 549 565 564
f 549 550 566 565
f 550 551 567 566
f 551 552 568 567
f 564 565 581 580
f 565 566 582 581
f 566 567 583 582
f 567 568 584 583
f 580 581 597 596
f 581 582 598 597
f 582 583 599 598
f 583 584 600 599
f 596 597 613 612
f 597 598 614 613
f 598 599 615 614
f 599 600 616 615
f 552 553 569 568
f 553 554 570 569
f 554 555 571 570
f 555 556 572 571
f 568 569 585 584
f 569 570 586 585
f 570 571 587 586
f 571 572 588 587
f 584 585 601 600
f 585 586 602 601
f 586 587 603 602
f 587 588 604 603
f 600 601 617 616
f 601 602 618 617
f 602 603 619 618
f 603 604 620 619
f 556 557 573 572
f 557 558 574 573
f 558 559 575 574
f 559 560 576 575
f 572 573 589 588
f 573 574 590 589
f 574 575 591 590
f 575 576 592 591
f 588 589 605 604
f 589 590 606 605
f 590 591 607 606
f 591 592 608 607
f 604 605 621 620
f 605 606 622 621
f 606 607 623 622
f 607 608 624 623
f 560 561 577 576
f 561 562 578 577
f 562 563 579 578
f 563 548 564 579
f 576 577 593 592
f 577 578 594 593
f 578 579 595 594
f 579 564 580 595
f 592 593 609 608
f 593 594 610 609
f 594 595 611 610
f 595 580 596 611
f 608 609 625 624
f 609 610 626 625
f 610 611 627 626
f 611 596 612 627
f 612 613 629 628
f 613 614 630 629
f 614 615 631 630
f 615 616 632 631
f 628 629 645 644
f 629 630 646 645
f 630 631 647 646
f 631 632 648 647
f 644 645 661 660
f 645 646 662 661
f 646 647 663 662
f 647 648 664 663
f 660 661 677 676
f 661 662 678 677
f 662 663 679 678
f 663 664 680 679
f 616 617 633 632
f 617 618 634 633
f 618 619 635 634
f 619 620 636 635
f 632 633 649 648
f 633 634 650 649
f 634 635 651 650
f 635 636 652 651
f 648 649 665 664
f 649 650 666 665
f 650 651 667 666
f 651 652 668 667
f 664 665 681 680
f 665 666 682 681
f 666 667 683 682
f 667 668 684 683
f 620 621 637 636
f 621 622 638 637
f 622 623 639 638
f 623 624 640 639
f 636 637 653 652
f 637 638 654 653
f 638 639 655 654
f 639 640 656 655
f 652 653 669 668
f 653 654 670 669
f 654 655 671 670
f 655 656 672 671
f 668 669 685 684
f 669 670 686 685
f 670 671 687 686
f 671 672 688 687
f 624 625 641 640
f 625 626 642 641
f 626 627 643 642
f 627 612 628 643
f 640 641 657 656
f 641 642 658 657
f 642 643 659 658
f 643 628 644 659
f 656 657 673 672
f 657 658 674 673
f 658 659 675 674
f 659 644 660 675
f 672 673 689 688
f 673 674 690 689
f 674 675 691 690
f 675 660 676 691
f 676 677 693 692
f 677 678 694 693
f 678 679 695 694
f 679 680 696 695
f 692 693 709 708
f 693 694 710 709
f 694 695 711 710
f 695 696 712 711
f 708 709 725 724
f 709 710 726 725
f 710 711 727 726
f 711 712 728 727
f 724 725 740
f 725 726 740
f 726 727 740
f 727 728 740
f 680 681 697 696
f 681 682 698 697
f 682 683 699 698
f 683 684 700 699
f 696 697 713 712
f 697 698 714 713
f 698 699 715 714
f 699 700 716 715
f 712 713 729 728
f 713 714 730 729
f 714 715 731 730
f 715 716 732 731
f 728 729 740
f 729 730 740
f 730 731 740
f 731 732 740
f 684 685 701 700
f 685 686 702 701
f 686 687 703 702
f 687 688 704 703
f 700 701 717 716
f 701 702 718 717
f 702 703 719 718
f 703 704 720 719
f 716 717 733 732
f 717 718 734 733
f 718 719 735 734
f 719 720 736 735
f 732 733 740
f 733 734 740
f 734 735 740
f 735 736 740
f 688 689 705 704
f 689 690 706 705
f 690 691 707 706
f 691 676 692 707
f 704 705 721 720
f 705 706 722 721
f 706 707 723 722
f 707 692 708 723
f 720 721 737 736
f 721 722 738 737
f 722 723 739 738
f 723 708 724 739
f 736 737 740
f 737 738 740
f 738 739 740
f 739 724 740
f 741 743 742
f 741 744 743
f 741 745 744
f 741 746 745
f 742 743 759 758
f 743 744 760 759
f 744 745 761 760
f 745 746 762 761
f 758 759 775 774
f 759 760 776 775
f 760 761 777 776
f 761 762 778 777
f 774 775 791 790
f 775 776 792 791
f 776 777 793 792
f 777 778 794 793
f 741 747 746
f 741 748 747
f 741 749 748
f 741 750 749
f 746 747 763 762
f 747 748 764 763
f 748 749 765 764
f 749 750 766 765
f 762 763 779 778
f 763 764 780 779
f 764 765 781 780
f 765 766 782 781
f 778 779 795 794
f 779 780 796 795
f 780 781 797 796
f 781 782 798 797
f 741 751 750
f 741 752 751
f 741 753 752
f 741 754 753
f 750 751 767 766
f 751 752 768 767
f 752 753 769 768
f 753 754 770 769
f 766 767 783 782
f 767 768 784 783
f 768 769 785 784
f 769 770 786 785
f 782 783 799 798
f 783 784 800 799
f 784 785 801 800
f 785 786 802 801
f 741 755 754
f 741 756 755
f 741 757 756
f 741 742 757
f 754 755 771 770
f 755 756 772 771
f 756 757 773 772
f 757 742 758 773
f 770 771 787 786
f 771 772 788 787
f 772 773 789 788
f 773 758 774 789
f 786 787 803 802
f 787 788 804 803
f 788 789 805 804
f 789 774 790 805
f 790 791 807 806
f 791 792 808 807
f 792 793 809 808
f 793 794 810 809
f 806 807 823 822
f 807 808 824 823
f 808 809 825 824
f 809 810 826 825
f 822 823 839 838
f 823 824 840 839
f 824 825 841 840
f 825 826 842 841
f 838 839 855 854
f 839 840 856 855
f 840 841 857 856
f 841 842 858 857
f 794 795 811 810
f 795 796 812 811
f 796 797 813 812
f 797 798 814 813
f 810 811 827 826
f 811 812 828 827
f 812 813 829 828
f 813 814 830 829
f 826 827 843 842
f 827 828 844 843
f 828 829 845 844
f 829 830 846 845
f 842 843 859 858
f 843 844 860 859
f 844 845 861 860
f 845 846 862 861
f 798 799 815 814
f 799 800 816 815
f 800 801 817 816
f 801 802 818 817
f 814 815 831 830
f 815 816 832 831
f 816 817 833 832
f 817 818 834 833
f 830 831 847 846
f 831 832 848 847
f 832 833 849 848
f 833 834 850 849
f 846 847 863 862
f 847 848 864 863
f 848 849 865 864
f 849 850 866 865
f 802 803 819 818
f 803 804 820 819
f 804 805 821 820
f 805 790 806 821
f 818 819 835 834
f 819 820 836 835
f 820 821 837 836
f 821 806 822 837
f 834 835 851 850
f 835 836 852 851
f 836 837 853 852
f 837 822 838 853
f 850 851 867 866
f 851 852 868 867
f 852 853 869 868
f 853 838 854 869
f 854 855 871 870
f 855 856 872 871
f 856 857 873 872
f 857 858 874 873
f 870 871 887 886
f 871 872 888 887
f 872 873 889 888
f 873 874 890 889
f 886 887 903 902
f 887 888 904 903
f 888 889 905 904
f 889 890 906 905
f 902 903 919 918
f 903 904 920 919
f 904 905 921 920
f 905 906 922 921
f 858 859 875 874
f 859 860 876 875
f 860 861 877 876
f 861 862 878 877
f 874 875 891 890
f 875 876 892 891
f 876 877 893 892
f 877 878 894 893
f 890 891 907 906
f 891 892 908 907
f 892 893 909 908
f 893 894 910 909
f 906 907 923 922
f 907 908 924 923
f 908 909 925 924
f 909 910 926 925
f 862 863 879 878
f 863 864 880 879
f 864 865 881 880
f 865 866 882 881
f 878 879 895 894
f 879 880 896 895
f 880 881 897 896
f 881 882 898 897
f 894 895 911 910
f 895 896 912 911
f 896 897 913 912
f 897 898 914 913
f 910 911 927 926
f 911 912 928 927
f 912 913 929 928
f 913 914 930 929
f 866 867 883 882
f 867 868 884 883
f 868 869 885 884
f 869 854 870 885
f 882 883 899 898
f 883 884 900 899
f 884 885 901 900
f 885 870 886 901
f 898 899 915 914
f 899 900 916 915
f 900 901 917 916
f 901 886 902 917
f 914 915 931 930
f 915 916 932 931
f 916 917 933 932
f 917 902 918 933
f 918 919 935 934
f 919 920 936 935
f 920 921 937 936
f 921 922 938 937
f 934 935 951 950
f 935 936 952 951
f 936 937 953 952
f 937 938 954 953
f 950 951 967 966
f 951 952 968 967
f 952 953 969 968
f 953 954 970 969
f 966 967 983 982
f 967 968 984 983
f 968 969 985 984
f 969 970 986 985
f 922 923 939 938
f 923 924 940 939
f 924 925 941 940
f 925 926 942 941
f 938 939 955 954
f 939 940 956 955
f 940 941 957 956
f 941 942 958 957
f 954 955 971 970
f 955 956 972 971
f 956 957 973 972
f 957 958 974 973
f 970 971 987 986
f 971 972 988 987
f 972 973 989 988
f 973 974 990 989
f 926 927 943 942
f 927 928 944 943
f 928 929 945 944
f 929 930 946 945
f 942 943 959 958
f 943 944 960 959
f 944 945 961 960
f 945 946 962 961
f 958 959 975 974
f 959 960 976 975
f 960 961 977 976
f 961 962 978 977
f 974 975 991 990
f 975 976 992 991
f 976 977 993 992
f 977 978 994 993
f 930 931 947 946
f 931 932 948 947
f 932 933 949 948
f 933 918 934 949
f 946 947 963 962
f 947 948 964 963
f 948 949 965 964
f 949 934 950 965
f 962 963 979 978
f 963 964 980 979
f 964 965 981 980
f 965 950 966 981
f 978 979 995 994
f 979 980 996 995
f 980 981 997 996
f 981 966 982 997
f 982 983 999 998
f 983 984 1000 999
f 984 985 1001 1000
f 985 986 1002 1001
f 998 999 1015 1014
f 999 1000 1016 1015
f 1000 1001 1017 1016
f 1001 1002 1018 1017
f 1014 1015 1031 1030
f 1015 1016 1032 1031
f 1016 1017 1033 1032
f 1017 1018 1034 1033
f 1030 1031 1047 1046
f 1031 1032 1048 1047
f 1032 1033 1049 1048
f 1033 1034 1050 1049
f 986 987 1003 1002
f 987 988 1004 1003
f 988 989 1005 1004
f 989 990 1006 1005
f 1002 1003 1019 1018
f 1003 1004 1020 1019
f 1004 1005 1021 1020
f 1005 1006 1022 1021
f 1018 1019 1035 1034
f 1019 1020 1036 1035
f 1020 1021 1037 1036
f 1021 1022 1038 1037
f 1034 1035 1051 1050
f 1035 1036 1052 1051
f 1036 1037 1053 1052
f 1037 1038 1054 1053
f 990 991 1007 1006
f 991 992 1008 1007
f 992 993 1009 1008
f 993 994 1010 1009
f 1006 1007 1023 1022
f 1007 1008 1024 1023
f 1008 1009 1025 1024
f 1009 1010 1026 1025
f 1022 1023 1039 1038
f 1023 1024 1040 1039
f 1024 1025 1041 1040
f 1025 1026 1042 1041
f 1038 1039 1055 1054
f 1039 1040 1056 1055
f 1040 1041 1057 1056
f 1041 1042 1058 1057
f 994 995 1011 1010
f 995 996 1012 1011
f 996 997 1013 1012
f 997 982 998 1013
f 1010 1011 1027 1026
f 1011 1012 1028 1027
f 1012 1013 1029 1028
f 1013 998 1014 1029
f 1026 1027 1043 1042
f 1027 1028 1044 1043
f 1028 1029 1045 1044
f 1029 1014 1030 1045
f 1042 1043 1059 1058
f 1043 1044 1060 1059
f 1044 1045 1061 1060
f 1045 1030 1046 1061
f 1046 1047 1063 1062
f 1047 1048 1064 1063
f 1048 1049 1065 1064
f 1049 1050 1066 1065
f 1062 1063 1079 1078
f 1063 1064 1080 1079
f 1064 1065 1081 1080
f 1065 1066 1082 1081
f 1078 1079 1095 1094
f 1079 1080 1096 1095
f 1080 1081 1097 1096
f 1081 1082 1098 1097
f 1094 1095 1110
f 1095 1096 1110
f 1096 1097 1110
f 1097 1098 1110
f 1050 1051 1067 1066
f 1051 1052 1068 1067
f 1052 1053 1069 1068
f 1053 1054 1070 1069
f 1066 1067 1083 1082
f 1067 1068 1084 1083
f 1068 1069 1085 1084
f 1069 1070 1086 1085
f 1082 1083 1099 1098
f 1083 1084 1100 1099
f 1084 1085 1101 1100
f 1085 1086 1102 1101
f 1098 1099 1110
f 1099 1100 1110
f 1100 1101 1110
f 1101 1102 1110
f 1054 1055 1071 1070
f 1055 1056 1072 1071
f 1056 1057 1073 1072
f 1057 1058 1074 1073
f 1070 1071 1087 1086
f 1071 1072 1088 1087
f 1072 1073 1089 1088
f 1073 1074 1090 1089
f 1086 1087 1103 1102
f 1087 1088 1104 1103
f 1088 1089 1105 1104
f 1089 1090 1106 1105
f 1102 1103 1110
f 1103 1104 1110
f 1104 1105 1110
f 1105 1106 1110
f 1058 1059 1075 1074
f 1059 1060 1076 1075
f 1060 1061 1077 1076
f 1061 1046 1062 1077
f 1074 1075 1091 1090
f 1075 1076 1092 1091
f 1076 1077 1093 1092
f 1077 1062 1078 1093
f 1090 1091 1107 1106
f 1091 1092 1108 1107
f 1092 1093 1109 1108
f 1093 1078 1094 1109
f 1106 1107 1110
f 1107 1108 1110
f 1108 1109 1110
f 1109 1094 1110
f 1111 1113 1112
f 1111 1114 1113
f 1111 1115 1114
f 1111 1116 1115
f 1112 1113 1129 1128
f 1113 1114 1130 1129
f 1114 1115 1131 1130
f 1115 1116 1132 1131
f 1128 1129 1145 1144
f 1129 1130 1146 1145
f 1130 1131 1147 1146
f 1131 1132 1148 1147
f 1144 1145 1161 1160
f 1145 1146 1162 1161
f 1146 1147 1163 1162
f 1147 1148 1164 1163
f 1111 1117 1116
f 1111 1118 1117
f 1111 1119 1118
f 1111 1120 1119
f 1116 1117 1133 1132
f 1117 1118 1134 1133
f 1118 1119 1135 1134
f 1119 1120 1136 1135
f 1132 1133 1149 1148
f 1133 1134 1150 1149
f 1134 1135 1151 1150
f 1135 1136 1152 1151
f 1148 1149 1165 1164
f 1149 1150 1166 1165
f 1150 1151 1167 1166
f 1151 1152 1168 1167
f 1111 1121 1120
f 1111 1122 1121
f 1111 1123 1122
f 1111 1124 1123
f 1120 1121 1137 1136
f 1121 1122 1138 1137
f 1122 1123 1139 1138
f 1123 1124 1140 1139
f 1136 1137 1153 1152
f 1137 1138 1154 1153
f 1138 1139 1155 1154
f 1139 1140 1156 1155
f 1152 1153 1169 1168
f 1153 1154 1170 1169
f 1154 1155 1171 1170
f 1155 1156 1172 1171
f 1111 1125 1124
f 1111 1126 1125
f 1111 1127 1126
f 1111 1112 1127
f 1124 1125 1141 1140
f 1125 1126 1142 1141
f 1126 1127 1143 1142
f 1127 1112 1128 1143
f 1140 1141 1157 1156
f 1141 1142 1158 1157
f 1142 1143 1159 1158
f 1143 1128 1144 1159
f 1156 1157 1173 1172
f 1157 1158 1174 1173
f 1158 1159 1175 1174
f 1159 1144 1160 1175
f 1160 1161 1177 1176
f 1161 1162 1178 1177
f 1162 1163 1179 1178
f 1163 1164 1180 1179
f 1176 1177 1193 1192
f 1177 1178 1194 1193
f 1178 1179 1195 1194
f 1179 1180 1196 1195
f 1192 1193 1209 1208
f 1193 1194 1210 1209
f 1194 1195 1211 1210
f 1195 1196 1212 1211
f 1208 1209 1225 1224
f 1209 1210 1226 1225
f 1210 1211 1227 1226
f 1211 1212 1228 1227
f 1164 1165 1181 1180
f 1165 1166 1182 1181
f 1166 1167 1183 1182
f 1167 1168 1184 1183
f 1180 1181 1197 1196
f 1181 1182 1198 1197
f 1182 1183 1199 1198
f 1183 1184 1200 1199
f 1196 1197 1213 1212
f 1197 1198 1214 1213
f 1198 1199 1215 1214
f 1199 1200 1216 1215
f 1212 1213 1229 1228
f 1213 1214 1230 1229
f 1214 1215 1231 1230
f 1215 1216 1232 1231
f 1168 1169 1185 1184
f 1169 1170 1186 1185
f 1170 1171 1187 1186
f 1171 1172 1188 1187
f 1184 1185 1201 1200
f 1185 1186 1202 1201
f 1186 1187 1203 1202
f 1187 1188 1204 1203
f 1200 1201 1217 1216
f 1201 1202 1218 1217
f 1202 1203 1219 1218
f 1203 1204 1220 1219
f 1216 1217 1233 1232
f 1217 1218 1234 1233
f 1218 1219 1235 1234
f 1219 1220 1236 1235
f 1172 1173 1189 1188
f 1173 1174 1190 1189
f 1174 1175 1191 1190
f 1175 1160 1176 1191
f 1188 1189 1205 1204
f 1189 1190 1206 1205
f 1190 1191 1207 1206
f 1191 1176 1192 1207
f 1204 1205 1221 1220
f 1205 1206 1222 1221
f 1206 1207 1223 1222
f 1207 1192 1208 1223
f 1220 1221 1237 1236
f 1221 1222 1238 1237
f 1222 1223 1239 1238
f 1223 1208 1224 1239
f 1224 1225 1241 1240
f 1225 1226 1242 1241
f 1226 1227 1243 1242
f 1227 1228 1244 1243
f 1240 1241 1257 1256
f 1241 1242 1258 1257
f 1242 1243 1259 1258
f 1243 1244 1260 1259
f 1256 1257 1273 1272
f 1257 1258 1274 1273
f 1258 1259 1275 1274
f 1259 1260 1276 1275
f 1272 1273 1289 1288
f 1273 1274 1290 1289
f 1274 1275 1291 1290
f 1275 1276 1292 1291
f 1228 1229 1245 1244
f 1229 1230 1246 1245
f 1230 1231 1247 1246
f 1231 1232 1248 1247
f 1244 1245 1261 1260
f 1245 1246 1262 1261
f 1246 1247 1263 1262
f 1247 1248 1264 1263
f 1260 1261 1277 1276
f 1261 1262 1278 1277
f 1262 1263 1279 1278
f 1263 1264 1280 1279
f 1276 1277 1293 1292
f 1277 1278 1294 1293
f 1278 1279 1295 1294
f 1279 1280 1296 1295
f 1232 1233 1249 1248
f 1233 1234 1250 1249
f 1234 1235 1251 1250
f 1235 1236 1252 1251
f 1248 1249 1265 1264
f 1249 1250 1266 1265
f 1250 1251 1267 1266
f 1251 1252 1268 1267
f 1264 1265 1281 1280
f 1265 1266 1282 1281
f 1266 1267 1283 1282
f 1267 1268 1284 1283
f 1280 1281 1297 1296
f 1281 1282 1298 1297
f 1282 1283 1299 1298
f 1283 1284 1300 1299
f 1236 1237 1253 1252
f 1237 1238 1254 1253
f 1238 1239 1255 1254
f 1239 1224 1240 1255
f 1252 1253 1269 1268
f 1253 1254 1270 1269
f 1254 1255 1271 1270
f 1255 1240 1256 1271
f 1268 1269 1285 1284
f 1269 1270 1286 1285
f 1270 1271 1287 1286
f 1271 1256 1272 1287
f 1284 1285 1301 1300
f 1285 1286 1302 1301
f 1286 1287 1303 1302
f 1287 1272 1288 1303
f 1288 1289 1305 1304
f 1289 1290 1306 1305
f 1290 1291 1307 1306
f 1291 1292 1308 1307
f 1304 1305 1321 1320
f 1305 1306 1322 1321
f 1306 1307 1323 1322
f 1307 1308 1324 1323
f 1320 1321 1337 1336
f 1321 1322 1338 1337
f 1322 1323 1339 1338
f 1323 1324 1340 1339
f 1336 1337 1353 1352
f 1337 1338 1354 1353
f 1338 1339 1355 1354
f 1339 1340 1356 1355
f 1292 1293 1309 1308
f 1293 1294 1310 1309
f 1294 1295 1311 1310
f 1295 1296 1312 1311
f 1308 1309 1325 1324
f 1309 1310 1326 1325
f 1310 1311 1327 1326
f 1311 1312 1328 1327
f 1324 1325 1341 1340
f 1325 1326 1342 1341
f 1326 1327 1343 1342
f 1327 1328 1344 1343
f 1340 1341 1357 1356
f 1341 1342 1358 1357
f 1342 1343 1359 1358
f 1343 1344 1360 1359
f 1296 1297 1313 1312
f 1297 1298 1314 1313
f 1298 1299 1315 1314
f 1299 1300 1316 1315
f 1312 1313 1329 1328
f 1313 1314 1330 1329
f 1314 1315 1331 1330
f 1315 1316 1332 1331
f 1328 1329 1345 1344
f 1329 1330 1346 1345
f 1330 1331 1347 1346
f 1331 1332 1348 1347
f 1344 1345 1361 1360
f 1345 1346 1362 1361
f 1346 1347 1363 1362
f 1347 1348 1364 1363
f 1300 1301 1317 1316
f 1301 1302 1318 1317
f 1302 1303 1319 1318
f 1303 1288 1304 1319
f 1316 1317 1333 1332
f 1317 1318 1334 1333
f 1318 1319 1335 1334
f 1319 1304 1320 1335
f 1332 1333 1349 1348
f 1333 1334 1350 1349
f 1334 1335 1351 1350
f 1335 1320 1336 1351
f 1348 1349 1365 1364
f 1349 1350 1366 1365
f 1350 1351 1367 1366
f 1351 1336 1352 1367
f 1352 1353 1369 1368
f 1353 1354 1370 1369
f 1354 1355 1371 1370
f 1355 1356 1372 1371
f 1368 1369 1385 1384
f 1369 1370 1386 1385
f 1370 1371 1387 1386
f 1371 1372 1388 1387
f 1384 1385 1401 1400
f 1385 1386 1402 1401
f 1386 1387 1403 1402
f 1387 1388 1404 1403
f 1400 1401 1417 1416
f 1401 1402 1418 1417
f 1402 1403 1419 1418
f 1403 1404 1420 1419
f 1356 1357 1373 1372
f 1357 1358 1374 1373
f 1358 1359 1375 1374
f 1359 1360 1376 1375
f 1372 1373 1389 1388
f 1373 1374 1390 1389
f 1374 1375 1391 1390
f 1375 1376 1392 1391
f 1388 1389 1405 1404
f 1389 1390 1406 1405
f 1390 1391 1407 1406
f 1391 1392 1408 1407
f 1404 1405 1421 1420
f 1405 1406 1422 1421
f 1406 1407 1423 1422
f 1407 1408 1424 1423
f 1360 1361 1377 1376
f 1361 1362 1378 1377
f 1362 1363 1379 1378
f 1363 1364 1380 1379
f 1376 1377 1393 1392
f 1377 1378 1394 1393
f 1378 1379 1395 1394
f 1379 1380 1396 1395
f 1392 1393 1409 1408
f 1393 1394 1410 1409
f 1394 1395 1411 1410
f 1395 1396 1412 1411
f 1408 1409 1425 1424
f 1409 1410 1426 1425
f 1410 1411 1427 1426
f 1411 1412 1428 1427
f 1364 1365 1381 1380
f 1365 1366 1382 1381
f 1366 1367 1383 1382
f 1367 1352 1368 1383
f 1380 1381 1397 1396
f 1381 1382 1398 1397
f 1382 1383 1399 1398
f 1383 1368 1384 1399
f 1396 1397 1413 1412
f 1397 1398 1414 1413
f 1398 1399 1415 1414
f 1399 1384 1400 1415
f 1412 1413 1429 1428
f 1413 1414 1430 1429
f 1414 1415 1431 1430
f 1415 1400 1416 1431
f 1416 1417 1433 1432
f 1417 1418 1434 1433
f 1418 1419 1435 1434
f 1419 1420 1436 1435
f 1432 1433 1449 1448
f 1433 1434 1450 1449
f 1434 1435 1451 1450
f 1435 1436 1452 1451
f 1448 1449 1465 1464
f 1449 1450 1466 1465
f 1450 1451 1467 1466
f 1451 1452 1468 1467
f 1464 1465 1480
f 1465 1466 1480
f 1466 1467 1480
f 1467 1468 1480
f 1420 1421 1437 1436
f 1421 1422 1438 1437
f 1422 1423 1439 1438
f 1423 1424 1440 1439
f 1436 1437 1453 1452
f 1437 1438 1454 1453
f 1438 1439 1455 1454
f 1439 1440 1456 1455
f 1452 1453 1469 1468
f 1453 1454 1470 1469
f 1454 1455 1471 1470
f 1455 1456 1472 1471
f 1468 1469 1480
f 1469 1470 1480
f 1470 1471 1480
f 1471 1472 1480
f 1424 1425 1441 1440
f 1425 1426 1442 1441
f 1426 1427 1443 1442
f 1427 1428 1444 1443
f 1440 1441 1457 1456
f 1441 1442 1458 1457
f 1442 1443 1459 1458
f 1443 1444 1460 1459
f 1456 1457 1473 1472
f 1457 1458 1474 1473
f 1458 1459 1475 1474
f 1459 1460 1476 1475
f 1472 1473 1480
f 1473 1474 1480
f 1474 1475 1480
f 1475 1476 1480
f 1428 1429 1445 1444
f 1429 1430 1446 1445
f 1430 1431 1447 1446
f 1431 1416 1432 1447
f 1444 1445 1461 1460
f 1445 1446 1462 1461
f 1446 1447 1463 1462
f 1447 1432 1448 1463
f 1460 1461 1477 1476
f 1461 1462 1478 1477
f 1462 1463 1479 1478
f 1463 1448 1464 1479
f 1476 1477 1480
f 1477 1478 1480
f 1478 1479 1480
f 1479 1464 1480
# 1536 faces

g top
s 1
f 1502 1503 1482 1481
f 1503 1504 1483 1482
f 1504 1505 1484 1483
f 1505 1506 1485 1484
f 1522 1523 1503 1502
f 1523 1524 1504 1503
f 1524 1525 1505 1504
f 1525 1526 1506 1505
f 1542 1543 1523 1522
f 1543 1544 1524 1523
f 1544 1545 1525 1524
f 1545 1546 1526 1525
f 1562 1563 1543 1542
f 1563 1564 1544 1543
f 1564 1565 1545 1544
f 1565 1566 1546 1545
f 1582 1583 1563 1562
f 1583 1584 1564 1563
f 1584 1585 1565 1564
f 1585 1586 1566 1565
f 1602 1603 1583 1582
f 1603 1604 1584 1583
f 1604 1605 1585 1584
f 1605 1606 1586 1585
f 1622 1623 1603 1602
f 1623 1624 1604 1603
f 1624 1625 1605 1604
f 1625 1626 1606 1605
f 1642 1643 1623 1622
f 1643 1644 1624 1623
f 1644 1645 1625 1624
f 1645 1646 1626 1625
f 1662 1663 1643 1642
f 1663 1664 1644 1643
f 1664 1665 1645 1644
f 1665 1666 1646 1645
f 1682 1683 1663 1662
f 1683 1684 1664 1663
f 1684 1685 1665 1664
f 1685 1686 1666 1665
f 1702 1703 1683 1682
f 1703 1704 1684 1683
f 1704 1705 1685 1684
f 1705 1706 1686 1685
f 1722 1723 1703 1702
f 1723 1724 1704 1703
f 1724 1725 1705 1704
f 1725 1726 1706 1705
f 1742 1743 1723 1722
f 1743 1744 1724 1723
f 1744 1745 1725 1724
f 1745 1746 1726 1725
f 1762 1763 1743 1742
f 1763 1764 1744 1743
f 1764 1765 1745 1744
f 1765 1766 1746 1745
f 1782 1783 1763 1762
f 1783 1784 1764 1763
f 1784 1785 1765 1764
f 1785 1786 1766 1765
f 1481 1482 1783 1782
f 1482 1483 1784 1783
f 1483 1484 1785 1784
f 1484 1485 1786 1785
f 1506 1507 1486 1485
f 1507 1508 1487 1486
f 1508 1509 1488 1487
f 1509 1510 1489 1488
f 1526 1527 1507 1506
f 1527 1528 1508 1507
f 1528 1529 1509 1508
f 1529 1530 1510 1509
f 1546 1547 1527 1526
f 1547 1548 1528 1527
f 1548 1549 1529 1528
f 1549 1550 1530 1529
f 1566 1567 1547 1546
f 1567 1568 1548 1547
f 1568 1569 1549 1548
f 1569 1570 1550 1549
f 1586 1587 1567 1566
f 1587 1588 1568 1567
f 1588 1589 1569 1568
f 1589 1590 1570 1569
f 1606 1607 1587 1586
f 1607 1608 1588 1587
f 1608 1609 1589 1588
f 1609 1610 1590 1589
f 1626 1627 1607 1606
f 1627 1628 1608 1607
f 1628 1629 1609 1608
f 1629 1630 1610 1609
f 1646 1647 1627 1626
f 1647 1648 1628 1627
f 1648 1649 1629 1628
f 1649 1650 1630 1629
f 1666 1667 1647 1646
f 1667 1668 1648 1647
f 1668 1669 1649 1648
f 1669 1670 1650 1649
f 1686 1687 1667 1666
f 1687 1688 1668 1667
f 1688 1689 1669 1668
f 1689 1690 1670 1669
f 1706 1707 1687 1686
f 1707 1708 1688 1687
f 1708 1709 1689 1688
f 1709 1710 1690 1689
f 1726 1727 1707 1706
f 1727 1728 1708 1707
f 1728 1729 1709 1708
f 1729 1730 1710 1709
f 1746 1747 1727 1726
f 1747 1748 1728 1727
f 1748 1749 1729 1728
f 1749 1750 1730 1729
f 1766 1767 1747 1746
f 1767 1768 1748 1747
f 1768 1769 1749 1748
f 1769 1770 1750 1749
f 1786 1787 1767 1766
f 1787 1788 1768 1767
f 1788 1789 1769 1768
f 1789 1790 1770 1769
f 1485 1486 1787 1786
f 1486 1487 1788 1787
f 1487 1488 1789 1788
f 1488 1489 1790 1789
f 1510 1511 1490 1489
f 1511 1512 1491 1490
f 1512 1513 1492 1491
f 1513 1514 1493 1492
f 1530 1531 1511 1510
f 1531 1532 1512 1511
f 1532 1533 1513 1512
f 1533 1534 1514 1513
f 1550 1551 1531 1530
f 1551 1552 1532 1531
f 1552 1553 1533 1532
f 1553 1554 1534 1533
f 1570 1571 1551 1550
f 1571 1572 1552 1551
f 1572 1573 1553 1552
f 1573 1574 1554 1553
f 1590 1591 1571 1570
f 1591 1592 1572 1571
f 1592 1593 1573 1572
f 1593 1594 1574 1573
f 1610 1611 1591 1590
f 1611 1612 1592 1591
f 1612 1613 1593 1592
f 1613 1614 1594 1593
f 1630 1631 1611 1610
f 1631 1632 1612 1611
f 1632 1633 1613 1612
f 1633 1634 1614 1613
f 1650 1651 1631 1630
f 1651 1652 1632 1631
f 1652 1653 1633 1632
f 1653 1654 1634 1633
f 1670 1671 1651 1650
f 1671 1672 1652 1651
f 1672 1673 1653 1652
f 1673 1674 1654 1653
f 1690 1691 1671 1670
f 1691 1692 1672 1671
f 1692 1693 1673 1672
f 1693 1694 1674 1673
f 1710 1711 1691 1690
f 1711 1712 1692 1691
f 1712 1713 1693 1692
f 1713 1714 1694 1693
f 1730 1731 1711 1710
f 1731 1732 1712 1711
f 1732 1733 1713 1712
f 1733 1734 1714 1713
f 1750 1751 1731 1730
f 1751 1752 1732 1731
f 1752 1753 1733 1732
f 1753 1754 1734 1733
f 1770 1771 1751 1750
f 1771 1772 1752 1751
f 1772 1773 1753 1752
f 1773 1774 1754 1753
f 1790 1791 1771 1770
f 1791 1792 1772 1771
f 1792 1793 1773 1772
f 1793 1794 1774 1773
f 1489 1490 1791 1790
f 1490 1491 1792 1791
f 1491 1492 1793 1792
f 1492 1493 1794 1793
f 1514 1515 1494 1493
f 1515 1516 1495 1494
f 1516 1517 1496 1495
f 1517 1518 1497 1496
f 1534 1535 1515 1514
f 1535 1536 1516 1515
f 1536 1537 1517 1516
f 1537 1538 1518 1517
f 1554 1555 1535 1534
f 1555 1556 1536 1535
f 1556 1557 1537 1536
f 1557 1558 1538 1537
f 1574 1575 1555 1554
f 1575 1576 1556 1555
f 1576 1577 1557 1556
f 1577 1578 1558 1557
f 1594 1595 1575 1574
f 1595 1596 1576 1575
f 1596 1597 1577 1576
f 1597 1598 1578 1577
f 1614 1615 1595 1594
f 1615 1616 1596 1595
f 1616 1617 1597 1596
f 1617 1618 1598 1597
f 1634 1635 1615 1614
f 1635 1636 1616 1615
f 1636 1637 1617 1616
f 1637 1638 1618 1617
f 1654 1655 1635 1634
f 1655 1656 1636 1635
f 1656 1657 1637 1636
f 1657 1658 1638 1637
f 1674 1675 1655 1654
f 1675 1676 1656 1655
f 1676 1677 1657 1656
f 1677 1678 1658 1657
f 1694 1695 1675 1674
f 1695 1696 1676 1675
f 1696 1697 1677 1676
f 1697 1698 1678 1677
f 1714 1715 1695 1694
f 1715 1716 1696 1695
f 1716 1717 1697 1696
f 1717 1718 1698 1697
f 1734 1735 1715 1714
f 1735 1736 1716 1715
f 1736 1737 1717 1716
f 1737 1738 1718 1717
f 1754 1755 1735 1734
f 1755 1756 1736 1735
f 1756 1757 1737 1736
f 1757 1758 1738 1737
f 1774 1775 1755 1754
f 1775 1776 1756 1755
f 1776 1777 1757 1756
f 1777 1778 1758 1757
f 1794 1795 1775 1774
f 1795 1796 1776 1775
f 1796 1797 1777 1776
f 1797 1798 1778 1777
f 1493 1494 1795 1794
f 1494 1495 1796 1795
f 1495 1496 1797 1796
f 1496 1497 1798 1797
f 1518 1519 1498 1497
f 1519 1520 1499 1498
f 1520 1521 1500 1499
f 1521 1501 1500
f 1538 1539 1519 1518
f 1539 1540 1520 1519
f 1540 1541 1521 1520
f 1541 1501 1521
f 1558 1559 1539 1538
f 1559 1560 1540 1539
f 1560 1561 1541 1540
f 1561 1501 1541
f 1578 1579 1559 1558
f 1579 1580 1560 1559
f 1580 1581 1561 1560
f 1581 1501 1561
f 1598 1599 1579 1578
f 1599 1600 1580 1579
f 1600 1601 1581 1580
f 1601 1501 1581
f 1618 1619 1599 1598
f 1619 1620 1600 1599
f 1620 1621 1601 1600
f 1621 1501 1601
f 1638 1639 1619 1618
f 1639 1640 1620 1619
f 1640 1641 1621 1620
f 1641 1501 1621
f 1658 1659 1639 1638
f 1659 1660 1640 1639
f 1660 1661 1641 1640
f 1661 1501 1641
f 1678 1679 1659 1658
f 1679 1680 1660 1659
f 1680 1681 1661 1660
f 1681 1501 1661
f 1698 1699 1679 1678
f 1699 1700 1680 1679
f 1700 1701 1681 1680
f 1701 1501 1681
f 1718 1719 1699 1698
f 1719 1720 1700 1699
f 1720 1721 1701 1700
f 1721 1501 1701
f 1738 1739 1719 1718
f 1739 1740 1720 1719
f 1740 1741 1721 1720
f 1741 1501 1721
f 1758 1759 1739 1738
f 1759 1760 1740 1739
f 1760 1761 1741 1740
f 1761 1501 1741
f 1778 1779 1759 1758
f 1779 1780 1760 1759
f 1780 1781 1761 1760
f 1781 1501 1761
f 1798 1799 1779 1778
f 1799 1800 1780 1779
f 1800 1801 1781 1780
f 1801 1501 1781
f 1497 1498 1799 1798
f 1498 1499 1800 1799
f 1499 1500 1801 1800
f 1500 1501 1801
# 320 faces

g case
s 1
f 1802 1803 1804 1805
f 1806 1807 1805 1804
f 1808 1809 1807 1806
f 1810 1811 1804 1803
f 1812 1813 1808 1806
f 1814 1815 1811 1810
f 1816 1817 1813 1812
f 1818 1819 1815 1814
f 1820 1821 1817 1816
f 1822 1823 1819 1818
f 1824 1825 1821 1820
f 1816 1812 1811 1815
f 1824 1820 1819 1823
f 1826 1827 1803 1802
f 1826 1828 1805 1802
f 1827 1829 1810 1803
f 1830 1831 1806 1804
f 1830 1832 1811 1804
f 1828 1833 1807 1805
f 1831 1834 1812 1806
f 1833 1835 1809 1807
f 1836 1835 1809 1808
f 1836 1837 1813 1808
f 1829 1838 1814 1810
f 1837 1839 1817 1813
f 1838 1840 1818 1814
f 1841 1842 1819 1815
f 1843 1844 1820 1816
f 1839 1845 1821 1817
f 1840 1846 1822 1818
f 1845 1847 1825 1821
f 1846 1848 1823 1822
f 1849 1847 1825 1824
f 1832 1834 1812 1811
f 1841 1843 1816 1815
f 1842 1844 1820 1819
f 1848 1849 1824 1823
f 1841 1843 1834 1832
f 1839 1837 1834 1843
f 1841 1832 1829 1838
f 1831 1834 1837 1836
f 1827 1829 1832 1830
f 1842 1841 1838 1840
f 1844 1842 1848 1849
f 1845 1839 1843 1844
f 1830 1831 1833 1828
f 1850 1851 1827 1826
f 1850 1852 1828 1826
f 1853 1854 1835 1833
f 1854 1855 1836 1835
f 1856 1857 1846 1840
f 1858 1859 1847 1845
f 1857 1860 1848 1846
f 1859 1861 1849 1847
f 1855 1862 1831 1836
f 1863 1851 1827 1830
f 1860 1864 1842 1848
f 1864 1856 1840 1842
f 1861 1865 1844 1849
f 1858 1865 1844 1845
f 1862 1853 1833 1831
f 1863 1852 1828 1830
f 1862 1853 1852 1863
f 1862 1855 1858 1865
f 1863 1851 1856 1864
f 1865 1861 1860 1864
f 1864 1863 1862 1865
f 1866 1867 1851 1850
f 1866 1868 1852 1850
f 1869 1870 1854 1853
f 1870 1871 1855 1854
f 1872 1873 1857 1856
f 1873 1874 1860 1857
f 1875 1876 1859 1858
f 1876 1877 1861 1859
f 1868 1869 1853 1852
f 1871 1875 1858 1855
f 1877 1874 1860 1861
f 1872 1867 1851 1856
f 1878 1879 1867 1866
f 1878 1880 1868 1866
f 1879 1881 1872 1867
f 1880 1882 1869 1868
f 1882 1883 1870 1869
f 1883 1884 1871 1870
f 1884 1885 1875 1871
f 1881 1886 1873 1872
f 1886 1887 1874 1873
f 1887 1888 1877 1874
f 1885 1889 1876 1875
f 1889 1888 1877 1876
f 1890 1887 1886
f 1890 1886 1881
f 1890 1881 1879
f 1890 1879 1878
f 1880 1878 1890
f 1882 1880 1890
f 1883 1882 1890
f 1884 1883 1890
f 1888 1887 1890
f 1889 1888 1890
f 1885 1884 1890
f 1890 1889 1885
# 103 faces

g cylinder
s 1
f 1893 1894 1892 1891
f 1895 1896 1894 1893
f 1897 1898 1896 1895
f 1899 1900 1898 1897
f 1901 1902 1900 1899
f 1903 1904 1902 1901
f 1905 1906 1904 1903
f 1907 1908 1906 1905
f 1909 1910 1908 1907
f 1911 1912 1910 1909
f 1913 1914 1912 1911
f 1915 1916 1914 1913
f 1917 1918 1916 1915
f 1919 1920 1918 1917
f 1921 1922 1920 1919
f 1891 1892 1922 1921
f 1891 1921 1919 1917 1915 1913 1911 1909 1907 1905 1903 1901 1899 1897 1895 1893
f 1892 1894 1896 1898 1900 1902 1904 1906 1908 1910 1912 1914 1916 1918 1920 1922
# 18 faces

g cup
s 1
f 1923 1924 1931
f 1923 1931 1937
f 1923 1937 1943
f 1923 1943 1949
f 1923 1949 1955
f 1923 1955 1961
f 1923 1961 1967
f 1923 1967 1973
f 1923 1973 1979
f 1923 1979 1985
f 1923 1985 1991
f 1923 1991 1997
f 1923 1997 2003
f 1923 2003 2009
f 1923 2009 2015
f 1923 2015 1924
f 1924 1925 1932 1931
f 1931 1932 1938 1937
f 1937 1938 1944 1943
f 1943 1944 1950 1949
f 1949 1950 1956 1955
f 1955 1956 1962 1961
f 1961 1962 1968 1967
f 1967 1968 1974 1973
f 1973 1974 1980 1979
f 1979 1980 1986 1985
f 1985 1986 1992 1991
f 1991 1992 1998 1997
f 1997 1998 2004 2003
f 2003 2004 2010 2009
f 2009 2010 2016 2015
f 2015 2016 1925 1924
f 1925 1926 1933 1932
f 1932 1933 1939 1938
f 1938 1939 1945 1944
f 1944 1945 1951 1950
f 1950 1951 1957 1956
f 1956 1957 1963 1962
f 1962 1963 1969 1968
f 1968 1969 1975 1974
f 1974 1975 1981 1980
f 1980 1981 1987 1986
f 1986 1987 1993 1992
f 1992 1993 1999 1998
f 1998 1999 2005 2004
f 2004 2005 2011 2010
f 2010 2011 2017 2016
f 2016 2017 1926 1925
f 1926 1927 1934 1933
f 1933 1934 1940 1939
f 1939 1940 1946 1945
f 1945 1946 1952 1951
f 1951 1952 1958 1957
f 1957 1958 1964 1963
f 1963 1964 1970 1969
f 1969 1970 1976 1975
f 1975 1976 1982 1981
f 1981 1982 1988 1987
f 1987 1988 1994 1993
f 1993 1994 2000 1999
f 1999 2000 2006 2005
f 2005 2006 2012 2011
f 2011 2012 2018 2017
f 2017 2018 1927 1926
f 1927 1928 1935 1934
f 1934 1935 1941 1940
f 1940 1941 1947 1946
f 1946 1947 1953 1952
f 1952 1953 1959 1958
f 1958 1959 1965 1964
f 1964 1965 1971 1970
f 1970 1971 1977 1976
f 1976 1977 1983 1982
f 1982 1983 1989 1988
f 1988 1989 1995 1994
f 1994 1995 2001 2000
f 2000 2001 2007 2006
f 2006 2007 2013 2012
f 2012 2013 2019 2018
f 2018 2019 1928 1927
f 1928 1929 1936 1935
f 1935 1936 1942 1941
f 1941 1942 1948 1947
f 1947 1948 1954 1953
f 1953 1954 1960 1959
f 1959 1960 1966 1965
f 1965 1966 1972 1971
f 1971 1972 1978 1977
f 1977 1978 1984 1983
f 1983 1984 1990 1989
f 1989 1990 1996 1995
f 1995 1996 2002 2001
f 2001 2002 2008 2007
f 2007 2008 2014 2013
f 2013 2014 2020 2019
f 2019 2020 1929 1928
f 1929 1930 1936
f 1936 1930 1942
f 1942 1930 1948
f 1948 1930 1954
f 1954 1930 1960
f 1960 1930 1966
f 1966 1930 1972
f 1972 1930 1978
f 1978 1930 1984
f 1984 1930 1990
f 1990 1930 1996
f 1996 1930 2002
f 2002 1930 2008
f 2008 1930 2014
f 2014 1930 2020
f 2020 1930 1929
# 112 faces

g nozzle
s 1
f 2021 2022 2025
f 2021 2025 2028
f 2021 2028 2031
f 2021 2031 2034
f 2021 2034 2037
f 2021 2037 2040
f 2021 2040 2043
f 2021 2043 2022
f 2022 2023 2026 2025
f 2025 2026 2029 2028
f 2028 2029 2032 2031
f 2031 2032 2035 2034
f 2034 2035 2038 2037
f 2037 2038 2041 2040
f 2040 2041 2044 2043
f 2043 2044 2023 2022
f 2023 2024 2027 2026
f 2026 2027 2030 2029
f 2029 2030 2033 2032
f 2032 2033 2036 2035
f 2035 2036 2039 2038
f 2038 2039 2042 2041
f 2041 2042 2045 2044
f 2044 2045 2024 2023
# 24 faces

g pipe
s 1
f 2046 2047 2055 2054
f 2047 2048 2056 2055
f 2054 2055 2063 2062
f 2055 2056 2064 2063
f 2048 2049 2057 2056
f 2049 2050 2058 2057
f 2056 2057 2065 2064
f 2057 2058 2066 2065
f 2050 2051 2059 2058
f 2051 2052 2060 2059
f 2058 2059 2067 2066
f 2059 2060 2068 2067
f 2052 2053 2061 2060
f 2053 2046 2054 2061
f 2060 2061 2069 2068
f 2061 2054 2062 2069
f 2062 2063 2071 2070
f 2063 2064 2072 2071
f 2070 2071 2079 2078
f 2071 2072 2080 2079
f 2064 2065 2073 2072
f 2065 2066 2074 2073
f 2072 2073 2081 2080
f 2073 2074 2082 2081
f 2066 2067 2075 2074
f 2067 2068 2076 2075
f 2074 2075 2083 2082
f 2075 2076 2084 2083
f 2068 2069 2077 2076
f 2069 2062 2070 2077
f 2076 2077 2085 2084
f 2077 2070 2078 2085
f 2078 2079 2087 2086
f 2079 2080 2088 2087
f 2086 2087 2095 2094
f 2087 2088 2096 2095
f 2080 2081 2089 2088
f 2081 2082 2090 2089
f 2088 2089 2097 2096
f 2089 2090 2098 2097
f 2082 2083 2091 2090
f 2083 2084 2092 2091
f 2090 2091 2099 2098
f 2091 2092 2100 2099
f 2084 2085 2093 2092
f 2085 2078 2086 2093
f 2092 2093 2101 2100
f 2093 2086 2094 2101
# 48 faces

g glass
s 1
f 2107 2109 2106 2105
f 2115 2116 2118 2117
f 2114 2112 2104 2102
f 2102 2122 2126 2114
f 2110 2111 2113 2119
f 2110 2125 2127 2119
f 2129 2121 2120 2128
f 2124 2108 2103 2123
# 8 faces

g pole
s 1
f 2130 2131 2373
f 2130 2373 2615
f 2130 2615 2857
f 2130 2857 3099
f 2130 3099 3341
f 2130 3341 3583
f 2130 3583 3825
f 2130 3825 4067
f 2130 4067 4309
f 2130 4309 4551
f 2130 4551 4793
f 2130 4793 5035
f 2130 5035 5277
f 2130 5277 5519
f 2130 5519 5761
f 2130 5761 6003
f 2130 6003 6245
f 2130 6245 6487
f 2130 6487 6729
f 2130 6729 6971
f 2130 6971 7213
f 2130 7213 7455
f 2130 7455 7697
f 2130 7697 7939
f 2130 7939 8181
f 2130 8181 8423
f 2130 8423 8665
f 2130 8665 8907
f 2130 8907 9149
f 2130 9149 9391
f 2130 9391 9633
f 2130 9633 2131
f 2131 2132 2374 2373
f 2373 2374 2616 2615
f 2615 2616 2858 2857
f 2857 2858 3100 3099
f 3099 3100 3342 3341
f 3341 3342 3584 3583
f 3583 3584 3826 3825
f 3825 3826 4068 4067
f 4067 4068 4310 4309
f 4309 4310 4552 4551
f 4551 4552 4794 4793
f 4793 4794 5036 5035
f 5035 5036 5278 5277
f 5277 5278 5520 5519
f 5519 5520 5762 5761
f 5761 5762 6004 6003
f 6003 6004 6246 6245
f 6245 6246 6488 6487
f 6487 6488 6730 6729
f 6729 6730 6972 6971
f 6971 6972 7214 7213
f 7213 7214 7456 7455
f 7455 7456 7698 7697
f 7697 7698 7940 7939
f 7939 7940 8182 8181
f 8181 8182 8424 8423
f 8423 8424 8666 8665
f 8665 8666 8908 8907
f 8907 8908 9150 9149
f 9149 9150 9392 9391
f 9391 9392 9634 9633
f 9633 9634 2132 2131
f 2132 2133 2375 2374
f 2374 2375 2617 2616
f 2616 2617 2859 2858
f 2858 2859 3101 3100
f 3100 3101 3343 3342
f 3342 3343 3585 3584
f 3584 3585 3827 3826
f 3826 3827 4069 4068
f 4068 4069 4311 4310
f 4310 4311 4553 4552
f 4552 4553 4795 4794
f 4794 4795 5037 5036
f 5036 5037 5279 5278
f 5278 5279 5521 5520
f 5520 5521 5763 5762
f 5762 5763 6005 6004
f 6004 6005 6247 6246
f 6246 6247 6489 6488
f 6488 6489 6731 6730
f 6730 6731 6973 6972
f 6972 6973 7215 7214
f 7214 7215 7457 7456
f 7456 7457 7699 7698
f 7698 7699 7941 7940
f 7940 7941 8183 8182
f 8182 8183 8425 8424
f 8424 8425 8667 8666
f 8666 8667 8909 8908
f 8908 8909 9151 9150
f 9150 9151 9393 9392
f 9392 9393 9635 9634
f 9634 9635 2133 2132
f 2133 2134 2376 2375
f 2375 2376 2618 2617
f 2617 2618 2860 2859
f 2859 2860 3102 3101
f 3101 3102 3344 3343
f 3343 3344 3586 3585
f 3585 3586 3828 3827
f 3827 3828 4070 4069
f 4069 4070 4312 4311
f 4311 4312 4554 4553
f 4553 4554 4796 4795
f 4795 4796 5038 5037
f 5037 5038 5280 5279
f 5279 5280 5522 5521
f 5521 5522 5764 5763
f 5763 5764 6006 6005
f 6005 6006 6248 6247
f 6247 6248 6490 6489
f 6489 6490 6732 6731
f 6731 6732 6974 6973
f 6973 6974 7216 7215
f 7215 7216 7458 7457
f 7457 7458 7700 7699
f 7699 7700 7942 7941
f 7941 7942 8184 8183
f 8183 8184 8426 8425
f 8425 8426 8668 8667
f 8667 8668 8910 8909
f 8909 8910 9152 9151
f 9151 9152 9394 9393
f 9393 9394 9636 9635
f 9635 9636 2134 2133
f 2134 2135 2377 2376
f 2135 2136 2378 2377
f 2136 2137 2379 2378
f 2137 2138 2380 2379
f 2138 2139 2381 2380
f 2139 2140 2382 2381
f 2140 2141 2383 2382
f 2141 2142 2384 2383
f 2376 2377 2619 2618
f 2377 2378 2620 2619
f 2378 2379 2621 2620
f 2379 2380 2622 2621
f 2380 2381 2623 2622
f 2381 2382 2624 2623
f 2382 2383 2625 2624
f 2383 2384 2626 2625
f 2618 2619 2861 2860
f 2619 2620 2862 2861
f 2620 2621 2863 2862
f 2621 2622 2864 2863
f 2622 2623 2865 2864
f 2623 2624 2866 2865
f 2624 2625 2867 2866
f 2625 2626 2868 2867
f 2860 2861 3103 3102
f 2861 2862 3104 3103
f 2862 2863 3105 3104
f 2863 2864 3106 3105
f 2864 2865 3107 3106
f 2865 2866 3108 3107
f 2866 2867 3109 3108
f 2867 2868 3110 3109
f 3102 3103 3345 3344
f 3103 3104 3346 3345
f 3104 3105 3347 3346
f 3105 3106 3348 3347
f 3106 3107 3349 3348
f 3107 3108 3350 3349
f 3108 3109 3351 3350
f 3109 3110 3352 3351
f 3344 3345 3587 3586
f 3345 3346 3588 3587
f 3346 3347 3589 3588
f 3347 3348 3590 3589
f 3348 3349 3591 3590
f 3349 3350 3592 3591
f 3350 3351 3593 3592
f 3351 3352 3594 3593
f 3586 3587 3829 3828
f 3587 3588 3830 3829
f 3588 3589 3831 3830
f 3589 3590 3832 3831
f 3590 3591 3833 3832
f 3591 3592 3834 3833
f 3592 3593 3835 3834
f 3593 3594 3836 3835
f 3828 3829 4071 4070
f 3829 3830 4072 4071
f 3830 3831 4073 4072
f 3831 3832 4074 4073
f 3832 3833 4075 4074
f 3833 3834 4076 4075
f 3834 3835 4077 4076
f 3835 3836 4078 4077
f 4070 4071 4313 4312
f 4071 4072 4314 4313
f 4072 4073 4315 4314
f 4073 4074 4316 4315
f 4074 4075 4317 4316
f 4075 4076 4318 4317
f 4076 4077 4319 4318
f 4077 4078 4320 4319
f 4312 4313 4555 4554
f 4313 4314 4556 4555
f 4314 4315 4557 4556
f 4315 4316 4558 4557
f 4316 4317 4559 4558
f 4317 4318 4560 4559
f 4318 4319 4561 4560
f 4319 4320 4562 4561
f 4554 4555 4797 4796
f 4555 4556 4798 4797
f 4556 4557 4799 4798
f 4557 4558 4800 4799
f 4558 4559 4801 4800
f 4559 4560 4802 4801
f 4560 4561 4803 4802
f 4561 4562 4804 4803
f 4796 4797 5039 5038
f 4797 4798 5040 5039
f 4798 4799 5041 5040
f 4799 4800 5042 5041
f 4800 4801 5043 5042
f 4801 4802 5044 5043
f 4802 4803 5045 5044
f 4803 4804 5046 5045
f 5038 5039 5281 5280
f 5039 5040 5282 5281
f 5040 5041 5283 5282
f 5041 5042 5284 5283
f 5042 5043 5285 5284
f 5043 5044 5286 5285
f 5044 5045 5287 5286
f 5045 5046 5288 5287
f 5280 5281 5523 5522
f 5281 5282 5524 5523
f 5282 5283 5525 5524
f 5283 5284 5526 5525
f 5284 5285 5527 5526
f 5285 5286 5528 5527
f 5286 5287 5529 5528
f 5287 5288 5530 5529
f 5522 5523 5765 5764
f 5523 5524 5766 5765
f 5524 5525 5767 5766
f 5525 5526 5768 5767
f 5526 5527 5769 5768
f 5527 5528 5770 5769
f 5528 5529 5771 5770
f 5529 5530 5772 5771
f 5764 5765 6007 6006
f 5765 5766 6008 6007
f 5766 5767 6009 6008
f 5767 5768 6010 6009
f 5768 5769 6011 6010
f 5769 5770 6012 6011
f 5770 5771 6013 6012
f 5771 5772 6014 6013
f 6006 6007 6249 6248
f 6007 6008 6250 6249
f 6008 6009 6251 6250
f 6009 6010 6252 6251
f 6010 6011 6253 6252
f 6011 6012 6254 6253
f 6012 6013 6255 6254
f 6013 6014 6256 6255
f 6248 6249 6491 6490
f 6249 6250 6492 6491
f 6250 6251 6493 6492
f 6251 6252 6494 6493
f 6252 6253 6495 6494
f 6253 6254 6496 6495
f 6254 6255 6497 6496
f 6255 6256 6498 6497
f 6490 6491 6733 6732
f 6491 6492 6734 6733
f 6492 6493 6735 6734
f 6493 6494 6736 6735
f 6494 6495 6737 6736
f 6495 6496 6738 6737
f 6496 6497 6739 6738
f 6497 6498 6740 6739
f 6732 6733 6975 6974
f 6733 6734 6976 6975
f 6734 6735 6977 6976
f 6735 6736 6978 6977
f 6736 6737 6979 6978
f 6737 6738 6980 6979
f 6738 6739 6981 6980
f 6739 6740 6982 6981
f 6974 6975 7217 7216
f 6975 6976 7218 7217
f 6976 6977 7219 7218
f 6977 6978 7220 7219
f 6978 6979 7221 7220
f 6979 6980 7222 7221
f 6980 6981 7223 7222
f 6981 6982 7224 7223
f 7216 7217 7459 7458
f 7217 7218 7460 7459
f 7218 7219 7461 7460
f 7219 7220 7462 7461
f 7220 7221 7463 7462
f 7221 7222 7464 7463
f 7222 7223 7465 7464
f 7223 7224 7466 7465
f 7458 7459 7701 7700
f 7459 7460 7702 7701
f 7460 7461 7703 7702
f 7461 7462 7704 7703
f 7462 7463 7705 7704
f 7463 7464 7706 7705
f 7464 7465 7707 7706
f 7465 7466 7708 7707
f 7700 7701 7943 7942
f 7701 7702 7944 7943
f 7702 7703 7945 7944
f 7703 7704 7946 7945
f 7704 7705 7947 7946
f 7705 7706 7948 7947
f 7706 7707 7949 7948
f 7707 7708 7950 7949
f 7942 7943 8185 8184
f 7943 7944 8186 8185
f 7944 7945 8187 8186
f 7945 7946 8188 8187
f 7946 7947 8189 8188
f 7947 7948 8190 8189
f 7948 7949 8191 8190
f 7949 7950 8192 8191
f 8184 8185 8427 8426
f 8185 8186 8428 8427
f 8186 8187 8429 8428
f 8187 8188 8430 8429
f 8188 8189 8431 8430
f 8189 8190 8432 8431
f 8190 8191 8433 8432
f 8191 8192 8434 8433
f 8426 8427 8669 8668
f 8427 8428 8670 8669
f 8428 8429 8671 8670
f 8429 8430 8672 8671
f 8430 8431 8673 8672
f 8431 8432 8674 8673
f 8432 8433 8675 8674
f 8433 8434 8676 8675
f 8668 8669 8911 8910
f 8669 8670 8912 8911
f 8670 8671 8913 8912
f 8671 8672 8914 8913
f 8672 8673 8915 8914
f 8673 8674 8916 8915
f 8674 8675 8917 8916
f 8675 8676 8918 8917
f 8910 8911 9153 9152
f 8911 8912 9154 9153
f 8912 8913 9155 9154
f 8913 8914 9156 9155
f 8914 8915 9157 9156
f 8915 8916 9158 9157
f 8916 8917 9159 9158
f 8917 8918 9160 9159
f 9152 9153 9395 9394
f 9153 9154 9396 9395
f 9154 9155 9397 9396
f 9155 9156 9398 9397
f 9156 9157 9399 9398
f 9157 9158 9400 9399
f 9158 9159 9401 9400
f 9159 9160 9402 9401
f 9394 9395 9637 9636
f 9395 9396 9638 9637
f 9396 9397 9639 9638
f 9397 9398 9640 9639
f 9398 9399 9641 9640
f 9399 9400 9642 9641
f 9400 9401 9643 9642
f 9401 9402 9644 9643
f 9636 9637 2135 2134
f 9637 9638 2136 2135
f 9638 9639 2137 2136
f 9639 9640 2138 2137
f 9640 9641 2139 2138
f 9641 9642 2140 2139
f 9642 9643 2141 2140
f 9643 9644 2142 2141
f 2142 2143 2385 2384
f 2143 2144 2386 2385
f 2144 2145 2387 2386
f 2145 2146 2388 2387
f 2146 2147 2389 2388
f 2147 2148 2390 2389
f 2148 2149 2391 2390
f 2149 2150 2392 2391
f 2384 2385 2627 2626
f 2385 2386 2628 2627
f 2386 2387 2629 2628
f 2387 2388 2630 2629
f 2388 2389 2631 2630
f 2389 2390 2632 2631
f 2390 2391 2633 2632
f 2391 2392 2634 2633
f 2626 2627 2869 2868
f 2627 2628 2870 2869
f 2628 2629 2871 2870
f 2629 2630 2872 2871
f 2630 2631 2873 2872
f 2631 2632 2874 2873
f 2632 2633 2875 2874
f 2633 2634 2876 2875
f 2868 2869 3111 3110
f 2869 2870 3112 3111
f 2870 2871 3113 3112
f 2871 2872 3114 3113
f 2872 2873 3115 3114
f 2873 2874 3116 3115
f 2874 2875 3117 3116
f 2875 2876 3118 3117
f 3110 3111 3353 3352
f 3111 3112 3354 3353
f 3112 3113 3355 3354
f 3113 3114 3356 3355
f 3114 3115 3357 3356
f 3115 3116 3358 3357
f 3116 3117 3359 3358
f 3117 3118 3360 3359
f 3352 3353 3595 3594
f 3353 3354 3596 3595
f 3354 3355 3597 3596
f 3355 3356 3598 3597
f 3356 3357 3599 3598
f 3357 3358 3600 3599
f 3358 3359 3601 3600
f 3359 3360 3602 3601
f 3594 3595 3837 3836
f 3595 3596 3838 3837
f 3596 3597 3839 3838
f 3597 3598 3840 3839
f 3598 3599 3841 3840
f 3599 3600 3842 3841
f 3600 3601 3843 3842
f 3601 3602 3844 3843
f 3836 3837 4079 4078
f 3837 3838 4080 4079
f 3838 3839 4081 4080
f 3839 3840 4082 4081
f 3840 3841 4083 4082
f 3841 3842 4084 4083
f 3842 3843 4085 4084
f 3843 3844 4086 4085
f 4078 4079 4321 4320
f 4079 4080 4322 4321
f 4080 4081 4323 4322
f 4081 4082 4324 4323
f 4082 4083 4325 4324
f 4083 4084 4326 4325
f 4084 4085 4327 4326
f 4085 4086 4328 4327
f 4320 4321 4563 4562
f 4321 4322 4564 4563
f 4322 4323 4565 4564
f 4323 4324 4566 4565
f 4324 4325 4567 4566
f 4325 4326 4568 4567
f 4326 4327 4569 4568
f 4327 4328 4570 4569
f 4562 4563 4805 4804
f 4563 4564 4806 4805
f 4564 4565 4807 4806
f 4565 4566 4808 4807
f 4566 4567 4809 4808
f 4567 4568 4810 4809
f 4568 4569 4811 4810
f 4569 4570 4812 4811
f 4804 4805 5047 5046
f 4805 4806 5048 5047
f 4806 4807 5049 5048
f 4807 4808 5050 5049
f 4808 4809 5051 5050
f 4809 4810 5052 5051
f 4810 4811 5053 5052
f 4811 4812 5054 5053
f 5046 5047 5289 5288
f 5047 5048 5290 5289
f 5048 5049 5291 5290
f 5049 5050 5292 5291
f 5050 5051 5293 5292
f 5051 5052 5294 5293
f 5052 5053 5295 5294
f 5053 5054 5296 5295
f 5288 5289 5531 5530
f 5289 5290 5532 5531
f 5290 5291 5533 5532
f 5291 5292 5534 5533
f 5292 5293 5535 5534
f 5293 5294 5536 5535
f 5294 5295 5537 5536
f 5295 5296 5538 5537
f 5530 5531 5773 5772
f 5531 5532 5774 5773
f 5532 5533 5775 5774
f 5533 5534 5776 5775
f 5534 5535 5777 5776
f 5535 5536 5778 5777
f 5536 5537 5779 5778
f 5537 5538 5780 5779
f 5772 5773 6015 6014
f 5773 5774 6016 6015
f 5774 5775 6017 6016
f 5775 5776 6018 6017
f 5776 5777 6019 6018
f 5777 5778 6020 6019
f 5778 5779 6021 6020
f 5779 5780 6022 6021
f 6014 6015 6257 6256
f 6015 6016 6258 6257
f 6016 6017 6259 6258
f 6017 6018 6260 6259
f 6018 6019 6261 6260
f 6019 6020 6262 6261
f 6020 6021 6263 6262
f 6021 6022 6264 6263
f 6256 6257 6499 6498
f 6257 6258 6500 6499
f 6258 6259 6501 6500
f 6259 6260 6502 6501
f 6260 6261 6503 6502
f 6261 6262 6504 6503
f 6262 6263 6505 6504
f 6263 6264 6506 6505
f 6498 6499 6741 6740
f 6499 6500 6742 6741
f 6500 6501 6743 6742
f 6501 6502 6744 6743
f 6502 6503 6745 6744
f 6503 6504 6746 6745
f 6504 6505 6747 6746
f 6505 6506 6748 6747
f 6740 6741 6983 6982
f 6741 6742 6984 6983
f 6742 6743 6985 6984
f 6743 6744 6986 6985
f 6744 6745 6987 6986
f 6745 6746 6988 6987
f 6746 6747 6989 6988
f 6747 6748 6990 6989
f 6982 6983 7225 7224
f 6983 6984 7226 7225
f 6984 6985 7227 7226
f 6985 6986 7228 7227
f 6986 6987 7229 7228
f 6987 6988 7230 7229
f 6988 6989 7231 7230
f 6989 6990 7232 7231
f 7224 7225 7467 7466
f 7225 7226 7468 7467
f 7226 7227 7469 7468
f 7227 7228 7470 7469
f 7228 7229 7471 7470
f 7229 7230 7472 7471
f 7230 7231 7473 7472
f 7231 7232 7474 7473
f 7466 7467 7709 7708
f 7467 7468 7710 7709
f 7468 7469 7711 7710
f 7469 7470 7712 7711
f 7470 7471 7713 7712
f 7471 7472 7714 7713
f 7472 7473 7715 7714
f 7473 7474 7716 7715
f 7708 7709 7951 7950
f 7709 7710 7952 7951
f 7710 7711 7953 7952
f 7711 7712 7954 7953
f 7712 7713 7955 7954
f 7713 7714 7956 7955
f 7714 7715 7957 7956
f 7715 7716 7958 7957
f 7950 7951 8193 8192
f 7951 7952 8194 8193
f 7952 7953 8195 8194
f 7953 7954 8196 8195
f 7954 7955 8197 8196
f 7955 7956 8198 8197
f 7956 7957 8199 8198
f 7957 7958 8200 8199
f 8192 8193 8435 8434
f 8193 8194 8436 8435
f 8194 8195 8437 8436
f 8195 8196 8438 8437
f 8196 8197 8439 8438
f 8197 8198 8440 8439
f 8198 8199 8441 8440
f 8199 8200 8442 8441
f 8434 8435 8677 8676
f 8435 8436 8678 8677
f 8436 8437 8679 8678
f 8437 8438 8680 8679
f 8438 8439 8681 8680
f 8439 8440 8682 8681
f 8440 8441 8683 8682
f 8441 8442 8684 8683
f 8676 8677 8919 8918
f 8677 8678 8920 8919
f 8678 8679 8921 8920
f 8679 8680 8922 8921
f 8680 8681 8923 8922
f 8681 8682 8924 8923
f 8682 8683 8925 8924
f 8683 8684 8926 8925
f 8918 8919 9161 9160
f 8919 8920 9162 9161
f 8920 8921 9163 9162
f 8921 8922 9164 9163
f 8922 8923 9165 9164
f 8923 8924 9166 9165
f 8924 8925 9167 9166
f 8925 8926 9168 9167
f 9160 9161 9403 9402
f 9161 9162 9404 9403
f 9162 9163 9405 9404
f 9163 9164 9406 9405
f 9164 9165 9407 9406
f 9165 9166 9408 9407
f 9166 9167 9409 9408
f 9167 9168 9410 9409
f 9402 9403 9645 9644
f 9403 9404 9646 9645
f 9404 9405 9647 9646
f 9405 9406 9648 9647
f 9406 9407 9649 9648
f 9407 9408 9650 9649
f 9408 9409 9651 9650
f 9409 9410 9652 9651
f 9644 9645 2143 2142
f 9645 9646 2144 2143
f 9646 9647 2145 2144
f 9647 9648 2146 2145
f 9648 9649 2147 2146
f 9649 9650 2148 2147
f 9650 9651 2149 2148
f 9651 9652 2150 2149
f 2150 2151 2393 2392
f 2151 2152 2394 2393
f 2152 2153 2395 2394
f 2153 2154 2396 2395
f 2154 2155 2397 2396
f 2155 2156 2398 2397
f 2156 2157 2399 2398
f 2157 2158 2400 2399
f 2392 2393 2635 2634
f 2393 2394 2636 2635
f 2394 2395 2637 2636
f 2395 2396 2638 2637
f 2396 2397 2639 2638
f 2397 2398 2640 2639
f 2398 2399 2641 2640
f 2399 2400 2642 2641
f 2634 2635 2877 2876
f 2635 2636 2878 2877
f 2636 2637 2879 2878
f 2637 2638 2880 2879
f 2638 2639 2881 2880
f 2639 2640 2882 2881
f 2640 2641 2883 2882
f 2641 2642 2884 2883
f 2876 2877 3119 3118
f 2877 2878 3120 3119
f 2878 2879 3121 3120
f 2879 2880 3122 3121
f 2880 2881 3123 3122
f 2881 2882 3124 3123
f 2882 2883 3125 3124
f 2883 2884 3126 3125
f 3118 3119 3361 3360
f 3119 3120 3362 3361
f 3120 3121 3363 3362
f 3121 3122 3364 3363
f 3122 3123 3365 3364
f 3123 3124 3366 3365
f 3124 3125 3367 3366
f 3125 3126 3368 3367
f 3360 3361 3603 3602
f 3361 3362 3604 3603
f 3362 3363 3605 3604
f 3363 3364 3606 3605
f 3364 3365 3607 3606
f 3365 3366 3608 3607
f 3366 3367 3609 3608
f 3367 3368 3610 3609
f 3602 3603 3845 3844
f 3603 3604 3846 3845
f 3604 3605 3847 3846
f 3605 3606 3848 3847
f 3606 3607 3849 3848
f 3607 3608 3850 3849
f 3608 3609 3851 3850
f 3609 3610 3852 3851
f 3844 3845 4087 4086
f 3845 3846 4088 4087
f 3846 3847 4089 4088
f 3847 3848 4090 4089
f 3848 3849 4091 4090
f 3849 3850 4092 4091
f 3850 3851 4093 4092
f 3851 3852 4094 4093
f 4086 4087 4329 4328
f 4087 4088 4330 4329
f 4088 4089 4331 4330
f 4089 4090 4332 4331
f 4090 4091 4333 4332
f 4091 4092 4334 4333
f 4092 4093 4335 4334
f 4093 4094 4336 4335
f 4328 4329 4571 4570
f 4329 4330 4572 4571
f 4330 4331 4573 4572
f 4331 4332 4574 4573
f 4332 4333 4575 4574
f 4333 4334 4576 4575
f 4334 4335 4577 4576
f 4335 4336 4578 4577
f 4570 4571 4813 4812
f 4571 4572 4814 4813
f 4572 4573 4815 4814
f 4573 4574 4816 4815
f 4574 4575 4817 4816
f 4575 4576 4818 4817
f 4576 4577 4819 4818
f 4577 4578 4820 4819
f 4812 4813 5055 5054
f 4813 4814 5056 5055
f 4814 4815 5057 5056
f 4815 4816 5058 5057
f 4816 4817 5059 5058
f 4817 4818 5060 5059
f 4818 4819 5061 5060
f 4819 4820 5062 5061
f 5054 5055 5297 5296
f 5055 5056 5298 5297
f 5056 5057 5299 5298
f 5057 5058 5300 5299
f 5058 5059 5301 5300
f 5059 5060 5302 5301
f 5060 5061 5303 5302
f 5061 5062 5304 5303
f 5296 5297 5539 5538
f 5297 5298 5540 5539
f 5298 5299 5541 5540
f 5299 5300 5542 5541
f 5300 5301 5543 5542
f 5301 5302 5544 5543
f 5302 5303 5545 5544
f 5303 5304 5546 5545
f 5538 5539 5781 5780
f 5539 5540 5782 5781
f 5540 5541 5783 5782
f 5541 5542 5784 5783
f 5542 5543 5785 5784
f 5543 5544 5786 5785
f 5544 5545 5787 5786
f 5545 5546 5788 5787
f 5780 5781 6023 6022
f 5781 5782 6024 6023
f 5782 5783 6025 6024
f 5783 5784 6026 6025
f 5784 5785 6027 6026
f 5785 5786 6028 6027
f 5786 5787 6029 6028
f 5787 5788 6030 6029
f 6022 6023 6265 6264
f 6023 6024 6266 6265
f 6024 6025 6267 6266
f 6025 6026 6268 6267
f 6026 6027 6269 6268
f 6027 6028 6270 6269
f 6028 6029 6271 6270
f 6029 6030 6272 6271
f 6264 6265 6507 6506
f 6265 6266 6508 6507
f 6266 6267 6509 6508
f 6267 6268 6510 6509
f 6268 6269 6511 6510
f 6269 6270 6512 6511
f 6270 6271 6513 6512
f 6271 6272 6514 6513
f 6506 6507 6749 6748
f 6507 6508 6750 6749
f 6508 6509 6751 6750
f 6509 6510 6752 6751
f 6510 6511 6753 6752
f 6511 6512 6754 6753
f 6512 6513 6755 6754
f 6513 6514 6756 6755
f 6748 6749 6991 6990
f 6749 6750 6992 6991
f 6750 6751 6993 6992
f 6751 6752 6994 6993
f 6752 6753 6995 6994
f 6753 6754 6996 6995
f 6754 6755 6997 6996
f 6755 6756 6998 6997
f 6990 6991 7233 7232
f 6991 6992 7234 7233
f 6992 6993 7235 7234
f 6993 6994 7236 7235
f 6994 6995 7237 7236
f 6995 6996 7238 7237
f 6996 6997 7239 7238
f 6997 6998 7240 7239
f 7232 7233 7475 7474
f 7233 7234 7476 7475
f 7234 7235 7477 7476
f 7235 7236 7478 7477
f 7236 7237 7479 7478
f 7237 7238 7480 7479
f 7238 7239 7481 7480
f 7239 7240 7482 7481
f 7474 7475 7717 7716
f 7475 7476 7718 7717
f 7476 7477 7719 7718
f 7477 7478 7720 7719
f 7478 7479 7721 7720
f 7479 7480 7722 7721
f 7480 7481 7723 7722
f 7481 7482 7724 7723
f 7716 7717 7959 7958
f 7717 7718 7960 7959
f 7718 7719 7961 7960
f 7719 7720 7962 7961
f 7720 7721 7963 7962
f 7721 7722 7964 7963
f 7722 7723 7965 7964
f 7723 7724 7966 7965
f 7958 7959 8201 8200
f 7959 7960 8202 8201
f 7960 7961 8203 8202
f 7961 7962 8204 8203
f 7962 7963 8205 8204
f 7963 7964 8206 8205
f 7964 7965 8207 8206
f 7965 7966 8208 8207
f 8200 8201 8443 8442
f 8201 8202 8444 8443
f 8202 8203 8445 8444
f 8203 8204 8446 8445
f 8204 8205 8447 8446
f 8205 8206 8448 8447
f 8206 8207 8449 8448
f 8207 8208 8450 8449
f 8442 8443 8685 8684
f 8443 8444 8686 8685
f 8444 8445 8687 8686
f 8445 8446 8688 8687
f 8446 8447 8689 8688
f 8447 8448 8690 8689
f 8448 8449 8691 8690
f 8449 8450 8692 8691
f 8684 8685 8927 8926
f 8685 8686 8928 8927
f 8686 8687 8929 8928
f 8687 8688 8930 8929
f 8688 8689 8931 8930
f 8689 8690 8932 8931
f 8690 8691 8933 8932
f 8691 8692 8934 8933
f 8926 8927 9169 9168
f 8927 8928 9170 9169
f 8928 8929 9171 9170
f 8929 8930 9172 9171
f 8930 8931 9173 9172
f 8931 8932 9174 9173
f 8932 8933 9175 9174
f 8933 8934 9176 9175
f 9168 9169 9411 9410
f 9169 9170 9412 9411
f 9170 9171 9413 9412
f 9171 9172 9414 9413
f 9172 9173 9415 9414
f 9173 9174 9416 9415
f 9174 9175 9417 9416
f 9175 9176 9418 9417
f 9410 9411 9653 9652
f 9411 9412 9654 9653
f 9412 9413 9655 9654
f 9413 9414 9656 9655
f 9414 9415 9657 9656
f 9415 9416 9658 9657
f 9416 9417 9659 9658
f 9417 9418 9660 9659
f 9652 9653 2151 2150
f 9653 9654 2152 2151
f 9654 9655 2153 2152
f 9655 9656 2154 2153
f 9656 9657 2155 2154
f 9657 9658 2156 2155
f 9658 9659 2157 2156
f 9659 9660 2158 2157
f 2158 2159 2401 2400
f 2159 2160 2402 2401
f 2160 2161 2403 2402
f 2161 2162 2404 2403
f 2162 2163 2405 2404
f 2163 2164 2406 2405
f 2164 2165 2407 2406
f 2165 2166 2408 2407
f 2400 2401 2643 2642
f 2401 2402 2644 2643
f 2402 2403 2645 2644
f 2403 2404 2646 2645
f 2404 2405 2647 2646
f 2405 2406 2648 2647
f 2406 2407 2649 2648
f 2407 2408 2650 2649
f 2642 2643 2885 2884
f 2643 2644 2886 2885
f 2644 2645 2887 2886
f 2645 2646 2888 2887
f 2646 2647 2889 2888
f 2647 2648 2890 2889
f 2648 2649 2891 2890
f 2649 2650 2892 2891
f 2884 2885 3127 3126
f 2885 2886 3128 3127
f 2886 2887 3129 3128
f 2887 2888 3130 3129
f 2888 2889 3131 3130
f 2889 2890 3132 3131
f 2890 2891 3133 3132
f 2891 2892 3134 3133
f 3126 3127 3369 3368
f 3127 3128 3370 3369
f 3128 3129 3371 3370
f 3129 3130 3372 3371
f 3130 3131 3373 3372
f 3131 3132 3374 3373
f 3132 3133 3375 3374
f 3133 3134 3376 3375
f 3368 3369 3611 3610
f 3369 3370 3612 3611
f 3370 3371 3613 3612
f 3371 3372 3614 3613
f 3372 3373 3615 3614
f 3373 3374 3616 3615
f 3374 3375 3617 3616
f 3375 3376 3618 3617
f 3610 3611 3853 3852
f 3611 3612 3854 3853
f 3612 3613 3855 3854
f 3613 3614 3856 3855
f 3614 3615 3857 3856
f 3615 3616 3858 3857
f 3616 3617 3859 3858
f 3617 3618 3860 3859
f 3852 3853 4095 4094
f 3853 3854 4096 4095
f 3854 3855 4097 4096
f 3855 3856 4098 4097
f 3856 3857 4099 4098
f 3857 3858 4100 4099
f 3858 3859 4101 4100
f 3859 3860 4102 4101
f 4094 4095 4337 4336
f 4095 4096 4338 4337
f 4096 4097 4339 4338
f 4097 4098 4340 4339
f 4098 4099 4341 4340
f 4099 4100 4342 4341
f 4100 4101 4343 4342
f 4101 4102 4344 4343
f 4336 4337 4579 4578
f 4337 4338 4580 4579
f 4338 4339 4581 4580
f 4339 4340 4582 4581
f 4340 4341 4583 4582
f 4341 4342 4584 4583
f 4342 4343 4585 4584
f 4343 4344 4586 4585
f 4578 4579 4821 4820
f 4579 4580 4822 4821
f 4580 4581 4823 4822
f 4581 4582 4824 4823
f 4582 4583 4825 4824
f 4583 4584 4826 4825
f 4584 4585 4827 4826
f 4585 4586 4828 4827
f 4820 4821 5063 5062
f 4821 4822 5064 5063
f 4822 4823 5065 5064
f 4823 4824 5066 5065
f 4824 4825 5067 5066
f 4825 4826 5068 5067
f 4826 4827 5069 5068
f 4827 4828 5070 5069
f 5062 5063 5305 5304
f 5063 5064 5306 5305
f 5064 5065 5307 5306
f 5065 5066 5308 5307
f 5066 5067 5309 5308
f 5067 5068 5310 5309
f 5068 5069 5311 5310
f 5069 5070 5312 5311
f 5304 5305 5547 5546
f 5305 5306 5548 5547
f 5306 5307 5549 5548
f 5307 5308 5550 5549
f 5308 5309 5551 5550
f 5309 5310 5552 5551
f 5310 5311 5553 5552
f 5311 5312 5554 5553
f 5546 5547 5789 5788
f 5547 5548 5790 5789
f 5548 5549 5791 5790
f 5549 5550 5792 5791
f 5550 5551 5793 5792
f 5551 5552 5794 5793
f 5552 5553 5795 5794
f 5553 5554 5796 5795
f 5788 5789 6031 6030
f 5789 5790 6032 6031
f 5790 5791 6033 6032
f 5791 5792 6034 6033
f 5792 5793 6035 6034
f 5793 5794 6036 6035
f 5794 5795 6037 6036
f 5795 5796 6038 6037
f 6030 6031 6273 6272
f 6031 6032 6274 6273
f 6032 6033 6275 6274
f 6033 6034 6276 6275
f 6034 6035 6277 6276
f 6035 6036 6278 6277
f 6036 6037 6279 6278
f 6037 6038 6280 6279
f 6272 6273 6515 6514
f 6273 6274 6516 6515
f 6274 6275 6517 6516
f 6275 6276 6518 6517
f 6276 6277 6519 6518
f 6277 6278 6520 6519
f 6278 6279 6521 6520
f 6279 6280 6522 6521
f 6514 6515 6757 6756
f 6515 6516 6758 6757
f 6516 6517 6759 6758
f 6517 6518 6760 6759
f 6518 6519 6761 6760
f 6519 6520 6762 6761
f 6520 6521 6763 6762
f 6521 6522 6764 6763
f 6756 6757 6999 6998
f 6757 6758 7000 6999
f 6758 6759 7001 7000
f 6759 6760 7002 7001
f 6760 6761 7003 7002
f 6761 6762 7004 7003
f 6762 6763 7005 7004
f 6763 6764 7006 7005
f 6998 6999 7241 7240
f 6999 7000 7242 7241
f 7000 7001 7243 7242
f 7001 7002 7244 7243
f 7002 7003 7245 7244
f 7003 7004 7246 7245
f 7004 7005 7247 7246
f 7005 7006 7248 7247
f 7240 7241 7483 7482
f 7241 7242 7484 7483
f 7242 7243 7485 7484
f 7243 7244 7486 7485
f 7244 7245 7487 7486
f 7245 7246 7488 7487
f 7246 7247 7489 7488
f 7247 7248 7490 7489
f 7482 7483 7725 7724
f 7483 7484 7726 7725
f 7484 7485 7727 7726
f 7485 7486 7728 7727
f 7486 7487 7729 7728
f 7487 7488 7730 7729
f 7488 7489 7731 7730
f 7489 7490 7732 7731
f 7724 7725 7967 7966
f 7725 7726 7968 7967
f 7726 7727 7969 7968
f 7727 7728 7970 7969
f 7728 7729 7971 7970
f 7729 7730 7972 7971
f 7730 7731 7973 7972
f 7731 7732 7974 7973
f 7966 7967 8209 8208
f 7967 7968 8210 8209
f 7968 7969 8211 8210
f 7969 7970 8212 8211
f 7970 7971 8213 8212
f 7971 7972 8214 8213
f 7972 7973 8215 8214
f 7973 7974 8216 8215
f 8208 8209 8451 8450
f 8209 8210 8452 8451
f 8210 8211 8453 8452
f 8211 8212 8454 8453
f 8212 8213 8455 8454
f 8213 8214 8456 8455
f 8214 8215 8457 8456
f 8215 8216 8458 8457
f 8450 8451 8693 8692
f 8451 8452 8694 8693
f 8452 8453 8695 8694
f 8453 8454 8696 8695
f 8454 8455 8697 8696
f 8455 8456 8698 8697
f 8456 8457 8699 8698
f 8457 8458 8700 8699
f 8692 8693 8935 8934
f 8693 8694 8936 8935
f 8694 8695 8937 8936
f 8695 8696 8938 8937
f 8696 8697 8939 8938
f 8697 8698 8940 8939
f 8698 8699 8941 8940
f 8699 8700 8942 8941
f 8934 8935 9177 9176
f 8935 8936 9178 9177
f 8936 8937 9179 9178
f 8937 8938 9180 9179
f 8938 8939 9181 9180
f 8939 8940 9182 9181
f 8940 8941 9183 9182
f 8941 8942 9184 9183
f 9176 9177 9419 9418
f 9177 9178 9420 9419
f 9178 9179 9421 9420
f 9179 9180 9422 9421
f 9180 9181 9423 9422
f 9181 9182 9424 9423
f 9182 9183 9425 9424
f 9183 9184 9426 9425
f 9418 9419 9661 9660
f 9419 9420 9662 9661
f 9420 9421 9663 9662
f 9421 9422 9664 9663
f 9422 9423 9665 9664
f 9423 9424 9666 9665
f 9424 9425 9667 9666
f 9425 9426 9668 9667
f 9660 9661 2159 2158
f 9661 9662 2160 2159
f 9662 9663 2161 2160
f 9663 9664 2162 2161
f 9664 9665 2163 2162
f 9665 9666 2164 2163
f 9666 9667 2165 2164
f 9667 9668 2166 2165
f 2166 2167 2409 2408
f 2167 2168 2410 2409
f 2168 2169 2411 2410
f 2169 2170 2412 2411
f 2170 2171 2413 2412
f 2171 2172 2414 2413
f 2172 2173 2415 2414
f 2173 2174 2416 2415
f 2408 2409 2651 2650
f 2409 2410 2652 2651
f 2410 2411 2653 2652
f 2411 2412 2654 2653
f 2412 2413 2655 2654
f 2413 2414 2656 2655
f 2414 2415 2657 2656
f 2415 2416 2658 2657
f 2650 2651 2893 2892
f 2651 2652 2894 2893
f 2652 2653 2895 2894
f 2653 2654 2896 2895
f 2654 2655 2897 2896
f 2655 2656 2898 2897
f 2656 2657 2899 2898
f 2657 2658 2900 2899
f 2892 2893 3135 3134
f 2893 2894 3136 3135
f 2894 2895 3137 3136
f 2895 2896 3138 3137
f 2896 2897 3139 3138
f 2897 2898 3140 3139
f 2898 2899 3141 3140
f 2899 2900 3142 3141
f 3134 3135 3377 3376
f 3135 3136 3378 3377
f 3136 3137 3379 3378
f 3137 3138 3380 3379
f 3138 3139 3381 3380
f 3139 3140 3382 3381
f 3140 3141 3383 3382
f 3141 3142 3384 3383
f 3376 3377 3619 3618
f 3377 3378 3620 3619
f 3378 3379 3621 3620
f 3379 3380 3622 3621
f 3380 3381 3623 3622
f 3381 3382 3624 3623
f 3382 3383 3625 3624
f 3383 3384 3626 3625
f 3618 3619 3861 3860
f 3619 3620 3862 3861
f 3620 3621 3863 3862
f 3621 3622 3864 3863
f 3622 3623 3865 3864
f 3623 3624 3866 3865
f 3624 3625 3867 3866
f 3625 3626 3868 3867
f 3860 3861 4103 4102
f 3861 3862 4104 4103
f 3862 3863 4105 4104
f 3863 3864 4106 4105
f 3864 3865 4107 4106
f 3865 3866 4108 4107
f 3866 3867 4109 4108
f 3867 3868 4110 4109
f 4102 4103 4345 4344
f 4103 4104 4346 4345
f 4104 4105 4347 4346
f 4105 4106 4348 4347
f 4106 4107 4349 4348
f 4107 4108 4350 4349
f 4108 4109 4351 4350
f 4109 4110 4352 4351
f 4344 4345 4587 4586
f 4345 4346 4588 4587
f 4346 4347 4589 4588
f 4347 4348 4590 4589
f 4348 4349 4591 4590
f 4349 4350 4592 4591
f 4350 4351 4593 4592
f 4351 4352 4594 4593
f 4586 4587 4829 4828
f 4587 4588 4830 4829
f 4588 4589 4831 4830
f 4589 4590 4832 4831
f 4590 4591 4833 4832
f 4591 4592 4834 4833
f 4592 4593 4835 4834
f 4593 4594 4836 4835
f 4828 4829 5071 5070
f 4829 4830 5072 5071
f 4830 4831 5073 5072
f 4831 4832 5074 5073
f 4832 4833 5075 5074
f 4833 4834 5076 5075
f 4834 4835 5077 5076
f 4835 4836 5078 5077
f 5070 5071 5313 5312
f 5071 5072 5314 5313
f 5072 5073 5315 5314
f 5073 5074 5316 5315
f 5074 5075 5317 5316
f 5075 5076 5318 5317
f 5076 5077 5319 5318
f 5077 5078 5320 5319
f 5312 5313 5555 5554
f 5313 5314 5556 5555
f 5314 5315 5557 5556
f 5315 5316 5558 5557
f 5316 5317 5559 5558
f 5317 5318 5560 5559
f 5318 5319 5561 5560
f 5319 5320 5562 5561
f 5554 5555 5797 5796
f 5555 5556 5798 5797
f 5556 5557 5799 5798
f 5557 5558 5800 5799
f 5558 5559 5801 5800
f 5559 5560 5802 5801
f 5560 5561 5803 5802
f 5561 5562 5804 5803
f 5796 5797 6039 6038
f 5797 5798 6040 6039
f 5798 5799 6041 6040
f 5799 5800 6042 6041
f 5800 5801 6043 6042
f 5801 5802 6044 6043
f 5802 5803 6045 6044
f 5803 5804 6046 6045
f 6038 6039 6281 6280
f 6039 6040 6282 6281
f 6040 6041 6283 6282
f 6041 6042 6284 6283
f 6042 6043 6285 6284
f 6043 6044 6286 6285
f 6044 6045 6287 6286
f 6045 6046 6288 6287
f 6280 6281 6523 6522
f 6281 6282 6524 6523
f 6282 6283 6525 6524
f 6283 6284 6526 6525
f 6284 6285 6527 6526
f 6285 6286 6528 6527
f 6286 6287 6529 6528
f 6287 6288 6530 6529
f 6522 6523 6765 6764
f 6523 6524 6766 6765
f 6524 6525 6767 6766
f 6525 6526 6768 6767
f 6526 6527 6769 6768
f 6527 6528 6770 6769
f 6528 6529 6771 6770
f 6529 6530 6772 6771
f 6764 6765 7007 7006
f 6765 6766 7008 7007
f 6766 6767 7009 7008
f 6767 6768 7010 7009
f 6768 6769 7011 7010
f 6769 6770 7012 7011
f 6770 6771 7013 7012
f 6771 6772 7014 7013
f 7006 7007 7249 7248
f 7007 7008 7250 7249
f 7008 7009 7251 7250
f 7009 7010 7252 7251
f 7010 7011 7253 7252
f 7011 7012 7254 7253
f 7012 7013 7255 7254
f 7013 7014 7256 7255
f 7248 7249 7491 7490
f 7249 7250 7492 7491
f 7250 7251 7493 7492
f 7251 7252 7494 7493
f 7252 7253 7495 7494
f 7253 7254 7496 7495
f 7254 7255 7497 7496
f 7255 7256 7498 7497
f 7490 7491 7733 7732
f 7491 7492 7734 7733
f 7492 7493 7735 7734
f 7493 7494 7736 7735
f 7494 7495 7737 7736
f 7495 7496 7738 7737
f 7496 7497 7739 7738
f 7497 7498 7740 7739
f 7732 7733 7975 7974
f 7733 7734 7976 7975
f 7734 7735 7977 7976
f 7735 7736 7978 7977
f 7736 7737 7979 7978
f 7737 7738 7980 7979
f 7738 7739 7981 7980
f 7739 7740 7982 7981
f 7974 7975 8217 8216
f 7975 7976 8218 8217
f 7976 7977 8219 8218
f 7977 7978 8220 8219
f 7978 7979 8221 8220
f 7979 7980 8222 8221
f 7980 7981 8223 8222
f 7981 7982 8224 8223
f 8216 8217 8459 8458
f 8217 8218 8460 8459
f 8218 8219 8461 8460
f 8219 8220 8462 8461
f 8220 8221 8463 8462
f 8221 8222 8464 8463
f 8222 8223 8465 8464
f 8223 8224 8466 8465
f 8458 8459 8701 8700
f 8459 8460 8702 8701
f 8460 8461 8703 8702
f 8461 8462 8704 8703
f 8462 8463 8705 8704
f 8463 8464 8706 8705
f 8464 8465 8707 8706
f 8465 8466 8708 8707
f 8700 8701 8943 8942
f 8701 8702 8944 8943
f 8702 8703 8945 8944
f 8703 8704 8946 8945
f 8704 8705 8947 8946
f 8705 8706 8948 8947
f 8706 8707 8949 8948
f 8707 8708 8950 8949
f 8942 8943 9185 9184
f 8943 8944 9186 9185
f 8944 8945 9187 9186
f 8945 8946 9188 9187
f 8946 8947 9189 9188
f 8947 8948 9190 9189
f 8948 8949 9191 9190
f 8949 8950 9192 9191
f 9184 9185 9427 9426
f 9185 9186 9428 9427
f 9186 9187 9429 9428
f 9187 9188 9430 9429
f 9188 9189 9431 9430
f 9189 9190 9432 9431
f 9190 9191 9433 9432
f 9191 9192 9434 9433
f 9426 9427 9669 9668
f 9427 9428 9670 9669
f 9428 9429 9671 9670
f 9429 9430 9672 9671
f 9430 9431 9673 9672
f 9431 9432 9674 9673
f 9432 9433 9675 9674
f 9433 9434 9676 9675
f 9668 9669 2167 2166
f 9669 9670 2168 2167
f 9670 9671 2169 2168
f 9671 9672 2170 2169
f 9672 9673 2171 2170
f 9673 9674 2172 2171
f 9674 9675 2173 2172
f 9675 9676 2174 2173
f 2174 2175 2417 2416
f 2175 2176 2418 2417
f 2176 2177 2419 2418
f 2177 2178 2420 2419
f 2178 2179 2421 2420
f 2179 2180 2422 2421
f 2180 2181 2423 2422
f 2181 2182 2424 2423
f 2416 2417 2659 2658
f 2417 2418 2660 2659
f 2418 2419 2661 2660
f 2419 2420 2662 2661
f 2420 2421 2663 2662
f 2421 2422 2664 2663
f 2422 2423 2665 2664
f 2423 2424 2666 2665
f 2658 2659 2901 2900
f 2659 2660 2902 2901
f 2660 2661 2903 2902
f 2661 2662 2904 2903
f 2662 2663 2905 2904
f 2663 2664 2906 2905
f 2664 2665 2907 2906
f 2665 2666 2908 2907
f 2900 2901 3143 3142
f 2901 2902 3144 3143
f 2902 2903 3145 3144
f 2903 2904 3146 3145
f 2904 2905 3147 3146
f 2905 2906 3148 3147
f 2906 2907 3149 3148
f 2907 2908 3150 3149
f 3142 3143 3385 3384
f 3143 3144 3386 3385
f 3144 3145 3387 3386
f 3145 3146 3388 3387
f 3146 3147 3389 3388
f 3147 3148 3390 3389
f 3148 3149 3391 3390
f 3149 3150 3392 3391
f 3384 3385 3627 3626
f 3385 3386 3628 3627
f 3386 3387 3629 3628
f 3387 3388 3630 3629
f 3388 3389 3631 3630
f 3389 3390 3632 3631
f 3390 3391 3633 3632
f 3391 3392 3634 3633
f 3626 3627 3869 3868
f 3627 3628 3870 3869
f 3628 3629 3871 3870
f 3629 3630 3872 3871
f 3630 3631 3873 3872
f 3631 3632 3874 3873
f 3632 3633 3875 3874
f 3633 3634 3876 3875
f 3868 3869 4111 4110
f 3869 3870 4112 4111
f 3870 3871 4113 4112
f 3871 3872 4114 4113
f 3872 3873 4115 4114
f 3873 3874 4116 4115
f 3874 3875 4117 4116
f 3875 3876 4118 4117
f 4110 4111 4353 4352
f 4111 4112 4354 4353
f 4112 4113 4355 4354
f 4113 4114 4356 4355
f 4114 4115 4357 4356
f 4115 4116 4358 4357
f 4116 4117 4359 4358
f 4117 4118 4360 4359
f 4352 4353 4595 4594
f 4353 4354 4596 4595
f 4354 4355 4597 4596
f 4355 4356 4598 4597
f 4356 4357 4599 4598
f 4357 4358 4600 4599
f 4358 4359 4601 4600
f 4359 4360 4602 4601
f 4594 4595 4837 4836
f 4595 4596 4838 4837
f 4596 4597 4839 4838
f 4597 4598 4840 4839
f 4598 4599 4841 4840
f 4599 4600 4842 4841
f 4600 4601 4843 4842
f 4601 4602 4844 4843
f 4836 4837 5079 5078
f 4837 4838 5080 5079
f 4838 4839 5081 5080
f 4839 4840 5082 5081
f 4840 4841 5083 5082
f 4841 4842 5084 5083
f 4842 4843 5085 5084
f 4843 4844 5086 5085
f 5078 5079 5321 5320
f 5079 5080 5322 5321
f 5080 5081 5323 5322
f 5081 5082 5324 5323
f 5082 5083 5325 5324
f 5083 5084 5326 5325
f 5084 5085 5327 5326
f 5085 5086 5328 5327
f 5320 5321 5563 5562
f 5321 5322 5564 5563
f 5322 5323 5565 5564
f 5323 5324 5566 5565
f 5324 5325 5567 5566
f 5325 5326 5568 5567
f 5326 5327 5569 5568
f 5327 5328 5570 5569
f 5562 5563 5805 5804
f 5563 5564 5806 5805
f 5564 5565 5807 5806
f 5565 5566 5808 5807
f 5566 5567 5809 5808
f 5567 5568 5810 5809
f 5568 5569 5811 5810
f 5569 5570 5812 5811
f 5804 5805 6047 6046
f 5805 5806 6048 6047
f 5806 5807 6049 6048
f 5807 5808 6050 6049
f 5808 5809 6051 6050
f 5809 5810 6052 6051
f 5810 5811 6053 6052
f 5811 5812 6054 6053
f 6046 6047 6289 6288
f 6047 6048 6290 6289
f 6048 6049 6291 6290
f 6049 6050 6292 6291
f 6050 6051 6293 6292
f 6051 6052 6294 6293
f 6052 6053 6295 6294
f 6053 6054 6296 6295
f 6288 6289 6531 6530
f 6289 6290 6532 6531
f 6290 6291 6533 6532
f 6291 6292 6534 6533
f 6292 6293 6535 6534
f 6293 6294 6536 6535
f 6294 6295 6537 6536
f 6295 6296 6538 6537
f 6530 6531 6773 6772
f 6531 6532 6774 6773
f 6532 6533 6775 6774
f 6533 6534 6776 6775
f 6534 6535 6777 6776
f 6535 6536 6778 6777
f 6536 6537 6779 6778
f 6537 6538 6780 6779
f 6772 6773 7015 7014
f 6773 6774 7016 7015
f 6774 6775 7017 7016
f 6775 6776 7018 7017
f 6776 6777 7019 7018
f 6777 6778 7020 7019
f 6778 6779 7021 7020
f 6779 6780 7022 7021
f 7014 7015 7257 7256
f 7015 7016 7258 7257
f 7016 7017 7259 7258
f 7017 7018 7260 7259
f 7018 7019 7261 7260
f 7019 7020 7262 7261
f 7020 7021 7263 7262
f 7021 7022 7264 7263
f 7256 7257 7499 7498
f 7257 7258 7500 7499
f 7258 7259 7501 7500
f 7259 7260 7502 7501
f 7260 7261 7503 7502
f 7261 7262 7504 7503
f 7262 7263 7505 7504
f 7263 7264 7506 7505
f 7498 7499 7741 7740
f 7499 7500 7742 7741
f 7500 7501 7743 7742
f 7501 7502 7744 7743
f 7502 7503 7745 7744
f 7503 7504 7746 7745
f 7504 7505 7747 7746
f 7505 7506 7748 7747
f 7740 7741 7983 7982
f 7741 7742 7984 7983
f 7742 7743 7985 7984
f 7743 7744 7986 7985
f 7744 7745 7987 7986
f 7745 7746 7988 7987
f 7746 7747 7989 7988
f 7747 7748 7990 7989
f 7982 7983 8225 8224
f 7983 7984 8226 8225
f 7984 7985 8227 8226
f 7985 7986 8228 8227
f 7986 7987 8229 8228
f 7987 7988 8230 8229
f 7988 7989 8231 8230
f 7989 7990 8232 8231
f 8224 8225 8467 8466
f 8225 8226 8468 8467
f 8226 8227 8469 8468
f 8227 8228 8470 8469
f 8228 8229 8471 8470
f 8229 8230 8472 8471
f 8230 8231 8473 8472
f 8231 8232 8474 8473
f 8466 8467 8709 8708
f 8467 8468 8710 8709
f 8468 8469 8711 8710
f 8469 8470 8712 8711
f 8470 8471 8713 8712
f 8471 8472 8714 8713
f 8472 8473 8715 8714
f 8473 8474 8716 8715
f 8708 8709 8951 8950
f 8709 8710 8952 8951
f 8710 8711 8953 8952
f 8711 8712 8954 8953
f 8712 8713 8955 8954
f 8713 8714 8956 8955
f 8714 8715 8957 8956
f 8715 8716 8958 8957
f 8950 8951 9193 9192
f 8951 8952 9194 9193
f 8952 8953 9195 9194
f 8953 8954 9196 9195
f 8954 8955 9197 9196
f 8955 8956 9198 9197
f 8956 8957 9199 9198
f 8957 8958 9200 9199
f 9192 9193 9435 9434
f 9193 9194 9436 9435
f 9194 9195 9437 9436
f 9195 9196 9438 9437
f 9196 9197 9439 9438
f 9197 9198 9440 9439
f 9198 9199 9441 9440
f 9199 9200 9442 9441
f 9434 9435 9677 9676
f 9435 9436 9678 9677
f 9436 9437 9679 9678
f 9437 9438 9680 9679
f 9438 9439 9681 9680
f 9439 9440 9682 9681
f 9440 9441 9683 9682
f 9441 9442 9684 9683
f 9676 9677 2175 2174
f 9677 9678 2176 2175
f 9678 9679 2177 2176
f 9679 9680 2178 2177
f 9680 9681 2179 2178
f 9681 9682 2180 2179
f 9682 9683 2181 2180
f 9683 9684 2182 2181
f 2182 2183 2425 2424
f 2183 2184 2426 2425
f 2184 2185 2427 2426
f 2185 2186 2428 2427
f 2186 2187 2429 2428
f 2187 2188 2430 2429
f 2188 2189 2431 2430
f 2189 2190 2432 2431
f 2424 2425 2667 2666
f 2425 2426 2668 2667
f 2426 2427 2669 2668
f 2427 2428 2670 2669
f 2428 2429 2671 2670
f 2429 2430 2672 2671
f 2430 2431 2673 2672
f 2431 2432 2674 2673
f 2666 2667 2909 2908
f 2667 2668 2910 2909
f 2668 2669 2911 2910
f 2669 2670 2912 2911
f 2670 2671 2913 2912
f 2671 2672 2914 2913
f 2672 2673 2915 2914
f 2673 2674 2916 2915
f 2908 2909 3151 3150
f 2909 2910 3152 3151
f 2910 2911 3153 3152
f 2911 2912 3154 3153
f 2912 2913 3155 3154
f 2913 2914 3156 3155
f 2914 2915 3157 3156
f 2915 2916 3158 3157
f 3150 3151 3393 3392
f 3151 3152 3394 3393
f 3152 3153 3395 3394
f 3153 3154 3396 3395
f 3154 3155 3397 3396
f 3155 3156 3398 3397
f 3156 3157 3399 3398
f 3157 3158 3400 3399
f 3392 3393 3635 3634
f 3393 3394 3636 3635
f 3394 3395 3637 3636
f 3395 3396 3638 3637
f 3396 3397 3639 3638
f 3397 3398 3640 3639
f 3398 3399 3641 3640
f 3399 3400 3642 3641
f 3634 3635 3877 3876
f 3635 3636 3878 3877
f 3636 3637 3879 3878
f 3637 3638 3880 3879
f 3638 3639 3881 3880
f 3639 3640 3882 3881
f 3640 3641 3883 3882
f 3641 3642 3884 3883
f 3876 3877 4119 4118
f 3877 3878 4120 4119
f 3878 3879 4121 4120
f 3879 3880 4122 4121
f 3880 3881 4123 4122
f 3881 3882 4124 4123
f 3882 3883 4125 4124
f 3883 3884 4126 4125
f 4118 4119 4361 4360
f 4119 4120 4362 4361
f 4120 4121 4363 4362
f 4121 4122 4364 4363
f 4122 4123 4365 4364
f 4123 4124 4366 4365
f 4124 4125 4367 4366
f 4125 4126 4368 4367
f 4360 4361 4603 4602
f 4361 4362 4604 4603
f 4362 4363 4605 4604
f 4363 4364 4606 4605
f 4364 4365 4607 4606
f 4365 4366 4608 4607
f 4366 4367 4609 4608
f 4367 4368 4610 4609
f 4602 4603 4845 4844
f 4603 4604 4846 4845
f 4604 4605 4847 4846
f 4605 4606 4848 4847
f 4606 4607 4849 4848
f 4607 4608 4850 4849
f 4608 4609 4851 4850
f 4609 4610 4852 4851
f 4844 4845 5087 5086
f 4845 4846 5088 5087
f 4846 4847 5089 5088
f 4847 4848 5090 5089
f 4848 4849 5091 5090
f 4849 4850 5092 5091
f 4850 4851 5093 5092
f 4851 4852 5094 5093
f 5086 5087 5329 5328
f 5087 5088 5330 5329
f 5088 5089 5331 5330
f 5089 5090 5332 5331
f 5090 5091 5333 5332
f 5091 5092 5334 5333
f 5092 5093 5335 5334
f 5093 5094 5336 5335
f 5328 5329 5571 5570
f 5329 5330 5572 5571
f 5330 5331 5573 5572
f 5331 5332 5574 5573
f 5332 5333 5575 5574
f 5333 5334 5576 5575
f 5334 5335 5577 5576
f 5335 5336 5578 5577
f 5570 5571 5813 5812
f 5571 5572 5814 5813
f 5572 5573 5815 5814
f 5573 5574 5816 5815
f 5574 5575 5817 5816
f 5575 5576 5818 5817
f 5576 5577 5819 5818
f 5577 5578 5820 5819
f 5812 5813 6055 6054
f 5813 5814 6056 6055
f 5814 5815 6057 6056
f 5815 5816 6058 6057
f 5816 5817 6059 6058
f 5817 5818 6060 6059
f 5818 5819 6061 6060
f 5819 5820 6062 6061
f 6054 6055 6297 6296
f 6055 6056 6298 6297
f 6056 6057 6299 6298
f 6057 6058 6300 6299
f 6058 6059 6301 6300
f 6059 6060 6302 6301
f 6060 6061 6303 6302
f 6061 6062 6304 6303
f 6296 6297 6539 6538
f 6297 6298 6540 6539
f 6298 6299 6541 6540
f 6299 6300 6542 6541
f 6300 6301 6543 6542
f 6301 6302 6544 6543
f 6302 6303 6545 6544
f 6303 6304 6546 6545
f 6538 6539 6781 6780
f 6539 6540 6782 6781
f 6540 6541 6783 6782
f 6541 6542 6784 6783
f 6542 6543 6785 6784
f 6543 6544 6786 6785
f 6544 6545 6787 6786
f 6545 6546 6788 6787
f 6780 6781 7023 7022
f 6781 6782 7024 7023
f 6782 6783 7025 7024
f 6783 6784 7026 7025
f 6784 6785 7027 7026
f 6785 6786 7028 7027
f 6786 6787 7029 7028
f 6787 6788 7030 7029
f 7022 7023 7265 7264
f 7023 7024 7266 7265
f 7024 7025 7267 7266
f 7025 7026 7268 7267
f 7026 7027 7269 7268
f 7027 7028 7270 7269
f 7028 7029 7271 7270
f 7029 7030 7272 7271
f 7264 7265 7507 7506
f 7265 7266 7508 7507
f 7266 7267 7509 7508
f 7267 7268 7510 7509
f 7268 7269 7511 7510
f 7269 7270 7512 7511
f 7270 7271 7513 7512
f 7271 7272 7514 7513
f 7506 7507 7749 7748
f 7507 7508 7750 7749
f 7508 7509 7751 7750
f 7509 7510 7752 7751
f 7510 7511 7753 7752
f 7511 7512 7754 7753
f 7512 7513 7755 7754
f 7513 7514 7756 7755
f 7748 7749 7991 7990
f 7749 7750 7992 7991
f 7750 7751 7993 7992
f 7751 7752 7994 7993
f 7752 7753 7995 7994
f 7753 7754 7996 7995
f 7754 7755 7997 7996
f 7755 7756 7998 7997
f 7990 7991 8233 8232
f 7991 7992 8234 8233
f 7992 7993 8235 8234
f 7993 7994 8236 8235
f 7994 7995 8237 8236
f 7995 7996 8238 8237
f 7996 7997 8239 8238
f 7997 7998 8240 8239
f 8232 8233 8475 8474
f 8233 8234 8476 8475
f 8234 8235 8477 8476
f 8235 8236 8478 8477
f 8236 8237 8479 8478
f 8237 8238 8480 8479
f 8238 8239 8481 8480
f 8239 8240 8482 8481
f 8474 8475 8717 8716
f 8475 8476 8718 8717
f 8476 8477 8719 8718
f 8477 8478 8720 8719
f 8478 8479 8721 8720
f 8479 8480 8722 8721
f 8480 8481 8723 8722
f 8481 8482 8724 8723
f 8716 8717 8959 8958
f 8717 8718 8960 8959
f 8718 8719 8961 8960
f 8719 8720 8962 8961
f 8720 8721 8963 8962
f 8721 8722 8964 8963
f 8722 8723 8965 8964
f 8723 8724 8966 8965
f 8958 8959 9201 9200
f 8959 8960 9202 9201
f 8960 8961 9203 9202
f 8961 8962 9204 9203
f 8962 8963 9205 9204
f 8963 8964 9206 9205
f 8964 8965 9207 9206
f 8965 8966 9208 9207
f 9200 9201 9443 9442
f 9201 9202 9444 9443
f 9202 9203 9445 9444
f 9203 9204 9446 9445
f 9204 9205 9447 9446
f 9205 9206 9448 9447
f 9206 9207 9449 9448
f 9207 9208 9450 9449
f 9442 9443 9685 9684
f 9443 9444 9686 9685
f 9444 9445 9687 9686
f 9445 9446 9688 9687
f 9446 9447 9689 9688
f 9447 9448 9690 9689
f 9448 9449 9691 9690
f 9449 9450 9692 9691
f 9684 9685 2183 2182
f 9685 9686 2184 2183
f 9686 9687 2185 2184
f 9687 9688 2186 2185
f 9688 9689 2187 2186
f 9689 9690 2188 2187
f 9690 9691 2189 2188
f 9691 9692 2190 2189
f 2190 2191 2433 2432
f 2191 2192 2434 2433
f 2192 2193 2435 2434
f 2193 2194 2436 2435
f 2194 2195 2437 2436
f 2195 2196 2438 2437
f 2196 2197 2439 2438
f 2197 2198 2440 2439
f 2432 2433 2675 2674
f 2433 2434 2676 2675
f 2434 2435 2677 2676
f 2435 2436 2678 2677
f 2436 2437 2679 2678
f 2437 2438 2680 2679
f 2438 2439 2681 2680
f 2439 2440 2682 2681
f 2674 2675 2917 2916
f 2675 2676 2918 2917
f 2676 2677 2919 2918
f 2677 2678 2920 2919
f 2678 2679 2921 2920
f 2679 2680 2922 2921
f 2680 2681 2923 2922
f 2681 2682 2924 2923
f 2916 2917 3159 3158
f 2917 2918 3160 3159
f 2918 2919 3161 3160
f 2919 2920 3162 3161
f 2920 2921 3163 3162
f 2921 2922 3164 3163
f 2922 2923 3165 3164
f 2923 2924 3166 3165
f 3158 3159 3401 3400
f 3159 3160 3402 3401
f 3160 3161 3403 3402
f 3161 3162 3404 3403
f 3162 3163 3405 3404
f 3163 3164 3406 3405
f 3164 3165 3407 3406
f 3165 3166 3408 3407
f 3400 3401 3643 3642
f 3401 3402 3644 3643
f 3402 3403 3645 3644
f 3403 3404 3646 3645
f 3404 3405 3647 3646
f 3405 3406 3648 3647
f 3406 3407 3649 3648
f 3407 3408 3650 3649
f 3642 3643 3885 3884
f 3643 3644 3886 3885
f 3644 3645 3887 3886
f 3645 3646 3888 3887
f 3646 3647 3889 3888
f 3647 3648 3890 3889
f 3648 3649 3891 3890
f 3649 3650 3892 3891
f 3884 3885 4127 4126
f 3885 3886 4128 4127
f 3886 3887 4129 4128
f 3887 3888 4130 4129
f 3888 3889 4131 4130
f 3889 3890 4132 4131
f 3890 3891 4133 4132
f 3891 3892 4134 4133
f 4126 4127 4369 4368
f 4127 4128 4370 4369
f 4128 4129 4371 4370
f 4129 4130 4372 4371
f 4130 4131 4373 4372
f 4131 4132 4374 4373
f 4132 4133 4375 4374
f 4133 4134 4376 4375
f 4368 4369 4611 4610
f 4369 4370 4612 4611
f 4370 4371 4613 4612
f 4371 4372 4614 4613
f 4372 4373 4615 4614
f 4373 4374 4616 4615
f 4374 4375 4617 4616
f 4375 4376 4618 4617
f 4610 4611 4853 4852
f 4611 4612 4854 4853
f 4612 4613 4855 4854
f 4613 4614 4856 4855
f 4614 4615 4857 4856
f 4615 4616 4858 4857
f 4616 4617 4859 4858
f 4617 4618 4860 4859
f 4852 4853 5095 5094
f 4853 4854 5096 5095
f 4854 4855 5097 5096
f 4855 4856 5098 5097
f 4856 4857 5099 5098
f 4857 4858 5100 5099
f 4858 4859 5101 5100
f 4859 4860 5102 5101
f 5094 5095 5337 5336
f 5095 5096 5338 5337
f 5096 5097 5339 5338
f 5097 5098 5340 5339
f 5098 5099 5341 5340
f 5099 5100 5342 5341
f 5100 5101 5343 5342
f 5101 5102 5344 5343
f 5336 5337 5579 5578
f 5337 5338 5580 5579
f 5338 5339 5581 5580
f 5339 5340 5582 5581
f 5340 5341 5583 5582
f 5341 5342 5584 5583
f 5342 5343 5585 5584
f 5343 5344 5586 5585
f 5578 5579 5821 5820
f 5579 5580 5822 5821
f 5580 5581 5823 5822
f 5581 5582 5824 5823
f 5582 5583 5825 5824
f 5583 5584 5826 5825
f 5584 5585 5827 5826
f 5585 5586 5828 5827
f 5820 5821 6063 6062
f 5821 5822 6064 6063
f 5822 5823 6065 6064
f 5823 5824 6066 6065
f 5824 5825 6067 6066
f 5825 5826 6068 6067
f 5826 5827 6069 6068
f 5827 5828 6070 6069
f 6062 6063 6305 6304
f 6063 6064 6306 6305
f 6064 6065 6307 6306
f 6065 6066 6308 6307
f 6066 6067 6309 6308
f 6067 6068 6310 6309
f 6068 6069 6311 6310
f 6069 6070 6312 6311
f 6304 6305 6547 6546
f 6305 6306 6548 6547
f 6306 6307 6549 6548
f 6307 6308 6550 6549
f 6308 6309 6551 6550
f 6309 6310 6552 6551
f 6310 6311 6553 6552
f 6311 6312 6554 6553
f 6546 6547 6789 6788
f 6547 6548 6790 6789
f 6548 6549 6791 6790
f 6549 6550 6792 6791
f 6550 6551 6793 6792
f 6551 6552 6794 6793
f 6552 6553 6795 6794
f 6553 6554 6796 6795
f 6788 6789 7031 7030
f 6789 6790 7032 7031
f 6790 6791 7033 7032
f 6791 6792 7034 7033
f 6792 6793 7035 7034
f 6793 6794 7036 7035
f 6794 6795 7037 7036
f 6795 6796 7038 7037
f 7030 7031 7273 7272
f 7031 7032 7274 7273
f 7032 7033 7275 7274
f 7033 7034 7276 7275
f 7034 7035 7277 7276
f 7035 7036 7278 7277
f 7036 7037 7279 7278
f 7037 7038 7280 7279
f 7272 7273 7515 7514
f 7273 7274 7516 7515
f 7274 7275 7517 7516
f 7275 7276 7518 7517
f 7276 7277 7519 7518
f 7277 7278 7520 7519
f 7278 7279 7521 7520
f 7279 7280 7522 7521
f 7514 7515 7757 7756
f 7515 7516 7758 7757
f 7516 7517 7759 7758
f 7517 7518 7760 7759
f 7518 7519 7761 7760
f 7519 7520 7762 7761
f 7520 7521 7763 7762
f 7521 7522 7764 7763
f 7756 7757 7999 7998
f 7757 7758 8000 7999
f 7758 7759 8001 8000
f 7759 7760 8002 8001
f 7760 7761 8003 8002
f 7761 7762 8004 8003
f 7762 7763 8005 8004
f 7763 7764 8006 8005
f 7998 7999 8241 8240
f 7999 8000 8242 8241
f 8000 8001 8243 8242
f 8001 8002 8244 8243
f 8002 8003 8245 8244
f 8003 8004 8246 8245
f 8004 8005 8247 8246
f 8005 8006 8248 8247
f 8240 8241 8483 8482
f 8241 8242 8484 8483
f 8242 8243 8485 8484
f 8243 8244 8486 8485
f 8244 8245 8487 8486
f 8245 8246 8488 8487
f 8246 8247 8489 8488
f 8247 8248 8490 8489
f 8482 8483 8725 8724
f 8483 8484 8726 8725
f 8484 8485 8727 8726
f 8485 8486 8728 8727
f 8486 8487 8729 8728
f 8487 8488 8730 8729
f 8488 8489 8731 8730
f 8489 8490 8732 8731
f 8724 8725 8967 8966
f 8725 8726 8968 8967
f 8726 8727 8969 8968
f 8727 8728 8970 8969
f 8728 8729 8971 8970
f 8729 8730 8972 8971
f 8730 8731 8973 8972
f 8731 8732 8974 8973
f 8966 8967 9209 9208
f 8967 8968 9210 9209
f 8968 8969 9211 9210
f 8969 8970 9212 9211
f 8970 8971 9213 9212
f 8971 8972 9214 9213
f 8972 8973 9215 9214
f 8973 8974 9216 9215
f 9208 9209 9451 9450
f 9209 9210 9452 9451
f 9210 9211 9453 9452
f 9211 9212 9454 9453
f 9212 9213 9455 9454
f 9213 9214 9456 9455
f 9214 9215 9457 9456
f 9215 9216 9458 9457
f 9450 9451 9693 9692
f 9451 9452 9694 9693
f 9452 9453 9695 9694
f 9453 9454 9696 9695
f 9454 9455 9697 9696
f 9455 9456 9698 9697
f 9456 9457 9699 9698
f 9457 9458 9700 9699
f 9692 9693 2191 2190
f 9693 9694 2192 2191
f 9694 9695 2193 2192
f 9695 9696 2194 2193
f 9696 9697 2195 2194
f 9697 9698 2196 2195
f 9698 9699 2197 2196
f 9699 9700 2198 2197
f 2198 2199 2441 2440
f 2199 2200 2442 2441
f 2200 2201 2443 2442
f 2201 2202 2444 2443
f 2202 2203 2445 2444
f 2203 2204 2446 2445
f 2204 2205 2447 2446
f 2205 2206 2448 2447
f 2440 2441 2683 2682
f 2441 2442 2684 2683
f 2442 2443 2685 2684
f 2443 2444 2686 2685
f 2444 2445 2687 2686
f 2445 2446 2688 2687
f 2446 2447 2689 2688
f 2447 2448 2690 2689
f 2682 2683 2925 2924
f 2683 2684 2926 2925
f 2684 2685 2927 2926
f 2685 2686 2928 2927
f 2686 2687 2929 2928
f 2687 2688 2930 2929
f 2688 2689 2931 2930
f 2689 2690 2932 2931
f 2924 2925 3167 3166
f 2925 2926 3168 3167
f 2926 2927 3169 3168
f 2927 2928 3170 3169
f 2928 2929 3171 3170
f 2929 2930 3172 3171
f 2930 2931 3173 3172
f 2931 2932 3174 3173
f 3166 3167 3409 3408
f 3167 3168 3410 3409
f 3168 3169 3411 3410
f 3169 3170 3412 3411
f 3170 3171 3413 3412
f 3171 3172 3414 3413
f 3172 3173 3415 3414
f 3173 3174 3416 3415
f 3408 3409 3651 3650
f 3409 3410 3652 3651
f 3410 3411 3653 3652
f 3411 3412 3654 3653
f 3412 3413 3655 3654
f 3413 3414 3656 3655
f 3414 3415 3657 3656
f 3415 3416 3658 3657
f 3650 3651 3893 3892
f 3651 3652 3894 3893
f 3652 3653 3895 3894
f 3653 3654 3896 3895
f 3654 3655 3897 3896
f 3655 3656 3898 3897
f 3656 3657 3899 3898
f 3657 3658 3900 3899
f 3892 3893 4135 4134
f 3893 3894 4136 4135
f 3894 3895 4137 4136
f 3895 3896 4138 4137
f 3896 3897 4139 4138
f 3897 3898 4140 4139
f 3898 3899 4141 4140
f 3899 3900 4142 4141
f 4134 4135 4377 4376
f 4135 4136 4378 4377
f 4136 4137 4379 4378
f 4137 4138 4380 4379
f 4138 4139 4381 4380
f 4139 4140 4382 4381
f 4140 4141 4383 4382
f 4141 4142 4384 4383
f 4376 4377 4619 4618
f 4377 4378 4620 4619
f 4378 4379 4621 4620
f 4379 4380 4622 4621
f 4380 4381 4623 4622
f 4381 4382 4624 4623
f 4382 4383 4625 4624
f 4383 4384 4626 4625
f 4618 4619 4861 4860
f 4619 4620 4862 4861
f 4620 4621 4863 4862
f 4621 4622 4864 4863
f 4622 4623 4865 4864
f 4623 4624 4866 4865
f 4624 4625 4867 4866
f 4625 4626 4868 4867
f 4860 4861 5103 5102
f 4861 4862 5104 5103
f 4862 4863 5105 5104
f 4863 4864 5106 5105
f 4864 4865 5107 5106
f 4865 4866 5108 5107
f 4866 4867 5109 5108
f 4867 4868 5110 5109
f 5102 5103 5345 5344
f 5103 5104 5346 5345
f 5104 5105 5347 5346
f 5105 5106 5348 5347
f 5106 5107 5349 5348
f 5107 5108 5350 5349
f 5108 5109 5351 5350
f 5109 5110 5352 5351
f 5344 5345 5587 5586
f 5345 5346 5588 5587
f 5346 5347 5589 5588
f 5347 5348 5590 5589
f 5348 5349 5591 5590
f 5349 5350 5592 5591
f 5350 5351 5593 5592
f 5351 5352 5594 5593
f 5586 5587 5829 5828
f 5587 5588 5830 5829
f 5588 5589 5831 5830
f 5589 5590 5832 5831
f 5590 5591 5833 5832
f 5591 5592 5834 5833
f 5592 5593 5835 5834
f 5593 5594 5836 5835
f 5828 5829 6071 6070
f 5829 5830 6072 6071
f 5830 5831 6073 6072
f 5831 5832 6074 6073
f 5832 5833 6075 6074
f 5833 5834 6076 6075
f 5834 5835 6077 6076
f 5835 5836 6078 6077
f 6070 6071 6313 6312
f 6071 6072 6314 6313
f 6072 6073 6315 6314
f 6073 6074 6316 6315
f 6074 6075 6317 6316
f 6075 6076 6318 6317
f 6076 6077 6319 6318
f 6077 6078 6320 6319
f 6312 6313 6555 6554
f 6313 6314 6556 6555
f 6314 6315 6557 6556
f 6315 6316 6558 6557
f 6316 6317 6559 6558
f 6317 6318 6560 6559
f 6318 6319 6561 6560
f 6319 6320 6562 6561
f 6554 6555 6797 6796
f 6555 6556 6798 6797
f 6556 6557 6799 6798
f 6557 6558 6800 6799
f 6558 6559 6801 6800
f 6559 6560 6802 6801
f 6560 6561 6803 6802
f 6561 6562 6804 6803
f 6796 6797 7039 7038
f 6797 6798 7040 7039
f 6798 6799 7041 7040
f 6799 6800 7042 7041
f 6800 6801 7043 7042
f 6801 6802 7044 7043
f 6802 6803 7045 7044
f 6803 6804 7046 7045
f 7038 7039 7281 7280
f 7039 7040 7282 7281
f 7040 7041 7283 7282
f 7041 7042 7284 7283
f 7042 7043 7285 7284
f 7043 7044 7286 7285
f 7044 7045 7287 7286
f 7045 7046 7288 7287
f 7280 7281 7523 7522
f 7281 7282 7524 7523
f 7282 7283 7525 7524
f 7283 7284 7526 7525
f 7284 7285 7527 7526
f 7285 7286 7528 7527
f 7286 7287 7529 7528
f 7287 7288 7530 7529
f 7522 7523 7765 7764
f 7523 7524 7766 7765
f 7524 7525 7767 7766
f 7525 7526 7768 7767
f 7526 7527 7769 7768
f 7527 7528 7770 7769
f 7528 7529 7771 7770
f 7529 7530 7772 7771
f 7764 7765 8007 8006
f 7765 7766 8008 8007
f 7766 7767 8009 8008
f 7767 7768 8010 8009
f 7768 7769 8011 8010
f 7769 7770 8012 8011
f 7770 7771 8013 8012
f 7771 7772 8014 8013
f 8006 8007 8249 8248
f 8007 8008 8250 8249
f 8008 8009 8251 8250
f 8009 8010 8252 8251
f 8010 8011 8253 8252
f 8011 8012 8254 8253
f 8012 8013 8255 8254
f 8013 8014 8256 8255
f 8248 8249 8491 8490
f 8249 8250 8492 8491
f 8250 8251 8493 8492
f 8251 8252 8494 8493
f 8252 8253 8495 8494
f 8253 8254 8496 8495
f 8254 8255 8497 8496
f 8255 8256 8498 8497
f 8490 8491 8733 8732
f 8491 8492 8734 8733
f 8492 8493 8735 8734
f 8493 8494 8736 8735
f 8494 8495 8737 8736
f 8495 8496 8738 8737
f 8496 8497 8739 8738
f 8497 8498 8740 8739
f 8732 8733 8975 8974
f 8733 8734 8976 8975
f 8734 8735 8977 8976
f 8735 8736 8978 8977
f 8736 8737 8979 8978
f 8737 8738 8980 8979
f 8738 8739 8981 8980
f 8739 8740 8982 8981
f 8974 8975 9217 9216
f 8975 8976 9218 9217
f 8976 8977 9219 9218
f 8977 8978 9220 9219
f 8978 8979 9221 9220
f 8979 8980 9222 9221
f 8980 8981 9223 9222
f 8981 8982 9224 9223
f 9216 9217 9459 9458
f 9217 9218 9460 9459
f 9218 9219 9461 9460
f 9219 9220 9462 9461
f 9220 9221 9463 9462
f 9221 9222 9464 9463
f 9222 9223 9465 9464
f 9223 9224 9466 9465
f 9458 9459 9701 9700
f 9459 9460 9702 9701
f 9460 9461 9703 9702
f 9461 9462 9704 9703
f 9462 9463 9705 9704
f 9463 9464 9706 9705
f 9464 9465 9707 9706
f 9465 9466 9708 9707
f 9700 9701 2199 2198
f 9701 9702 2200 2199
f 9702 9703 2201 2200
f 9703 9704 2202 2201
f 9704 9705 2203 2202
f 9705 9706 2204 2203
f 9706 9707 2205 2204
f 9707 9708 2206 2205
f 2206 2207 2449 2448
f 2207 2208 2450 2449
f 2208 2209 2451 2450
f 2209 2210 2452 2451
f 2210 2211 2453 2452
f 2211 2212 2454 2453
f 2212 2213 2455 2454
f 2213 2214 2456 2455
f 2448 2449 2691 2690
f 2449 2450 2692 2691
f 2450 2451 2693 2692
f 2451 2452 2694 2693
f 2452 2453 2695 2694
f 2453 2454 2696 2695
f 2454 2455 2697 2696
f 2455 2456 2698 2697
f 2690 2691 2933 2932
f 2691 2692 2934 2933
f 2692 2693 2935 2934
f 2693 2694 2936 2935
f 2694 2695 2937 2936
f 2695 2696 2938 2937
f 2696 2697 2939 2938
f 2697 2698 2940 2939
f 2932 2933 3175 3174
f 2933 2934 3176 3175
f 2934 2935 3177 3176
f 2935 2936 3178 3177
f 2936 2937 3179 3178
f 2937 2938 3180 3179
f 2938 2939 3181 3180
f 2939 2940 3182 3181
f 3174 3175 3417 3416
f 3175 3176 3418 3417
f 3176 3177 3419 3418
f 3177 3178 3420 3419
f 3178 3179 3421 3420
f 3179 3180 3422 3421
f 3180 3181 3423 3422
f 3181 3182 3424 3423
f 3416 3417 3659 3658
f 3417 3418 3660 3659
f 3418 3419 3661 3660
f 3419 3420 3662 3661
f 3420 3421 3663 3662
f 3421 3422 3664 3663
f 3422 3423 3665 3664
f 3423 3424 3666 3665
f 3658 3659 3901 3900
f 3659 3660 3902 3901
f 3660 3661 3903 3902
f 3661 3662 3904 3903
f 3662 3663 3905 3904
f 3663 3664 3906 3905
f 3664 3665 3907 3906
f 3665 3666 3908 3907
f 3900 3901 4143 4142
f 3901 3902 4144 4143
f 3902 3903 4145 4144
f 3903 3904 4146 4145
f 3904 3905 4147 4146
f 3905 3906 4148 4147
f 3906 3907 4149 4148
f 3907 3908 4150 4149
f 4142 4143 4385 4384
f 4143 4144 4386 4385
f 4144 4145 4387 4386
f 4145 4146 4388 4387
f 4146 4147 4389 4388
f 4147 4148 4390 4389
f 4148 4149 4391 4390
f 4149 4150 4392 4391
f 4384 4385 4627 4626
f 4385 4386 4628 4627
f 4386 4387 4629 4628
f 4387 4388 4630 4629
f 4388 4389 4631 4630
f 4389 4390 4632 4631
f 4390 4391 4633 4632
f 4391 4392 4634 4633
f 4626 4627 4869 4868
f 4627 4628 4870 4869
f 4628 4629 4871 4870
f 4629 4630 4872 4871
f 4630 4631 4873 4872
f 4631 4632 4874 4873
f 4632 4633 4875 4874
f 4633 4634 4876 4875
f 4868 4869 5111 5110
f 4869 4870 5112 5111
f 4870 4871 5113 5112
f 4871 4872 5114 5113
f 4872 4873 5115 5114
f 4873 4874 5116 5115
f 4874 4875 5117 5116
f 4875 4876 5118 5117
f 5110 5111 5353 5352
f 5111 5112 5354 5353
f 5112 5113 5355 5354
f 5113 5114 5356 5355
f 5114 5115 5357 5356
f 5115 5116 5358 5357
f 5116 5117 5359 5358
f 5117 5118 5360 5359
f 5352 5353 5595 5594
f 5353 5354 5596 5595
f 5354 5355 5597 5596
f 5355 5356 5598 5597
f 5356 5357 5599 5598
f 5357 5358 5600 5599
f 5358 5359 5601 5600
f 5359 5360 5602 5601
f 5594 5595 5837 5836
f 5595 5596 5838 5837
f 5596 5597 5839 5838
f 5597 5598 5840 5839
f 5598 5599 5841 5840
f 5599 5600 5842 5841
f 5600 5601 5843 5842
f 5601 5602 5844 5843
f 5836 5837 6079 6078
f 5837 5838 6080 6079
f 5838 5839 6081 6080
f 5839 5840 6082 6081
f 5840 5841 6083 6082
f 5841 5842 6084 6083
f 5842 5843 6085 6084
f 5843 5844 6086 6085
f 6078 6079 6321 6320
f 6079 6080 6322 6321
f 6080 6081 6323 6322
f 6081 6082 6324 6323
f 6082 6083 6325 6324
f 6083 6084 6326 6325
f 6084 6085 6327 6326
f 6085 6086 6328 6327
f 6320 6321 6563 6562
f 6321 6322 6564 6563
f 6322 6323 6565 6564
f 6323 6324 6566 6565
f 6324 6325 6567 6566
f 6325 6326 6568 6567
f 6326 6327 6569 6568
f 6327 6328 6570 6569
f 6562 6563 6805 6804
f 6563 6564 6806 6805
f 6564 6565 6807 6806
f 6565 6566 6808 6807
f 6566 6567 6809 6808
f 6567 6568 6810 6809
f 6568 6569 6811 6810
f 6569 6570 6812 6811
f 6804 6805 7047 7046
f 6805 6806 7048 7047
f 6806 6807 7049 7048
f 6807 6808 7050 7049
f 6808 6809 7051 7050
f 6809 6810 7052 7051
f 6810 6811 7053 7052
f 6811 6812 7054 7053
f 7046 7047 7289 7288
f 7047 7048 7290 7289
f 7048 7049 7291 7290
f 7049 7050 7292 7291
f 7050 7051 7293 7292
f 7051 7052 7294 7293
f 7052 7053 7295 7294
f 7053 7054 7296 7295
f 7288 7289 7531 7530
f 7289 7290 7532 7531
f 7290 7291 7533 7532
f 7291 7292 7534 7533
f 7292 7293 7535 7534
f 7293 7294 7536 7535
f 7294 7295 7537 7536
f 7295 7296 7538 7537
f 7530 7531 7773 7772
f 7531 7532 7774 7773
f 7532 7533 7775 7774
f 7533 7534 7776 7775
f 7534 7535 7777 7776
f 7535 7536 7778 7777
f 7536 7537 7779 7778
f 7537 7538 7780 7779
f 7772 7773 8015 8014
f 7773 7774 8016 8015
f 7774 7775 8017 8016
f 7775 7776 8018 8017
f 7776 7777 8019 8018
f 7777 7778 8020 8019
f 7778 7779 8021 8020
f 7779 7780 8022 8021
f 8014 8015 8257 8256
f 8015 8016 8258 8257
f 8016 8017 8259 8258
f 8017 8018 8260 8259
f 8018 8019 8261 8260
f 8019 8020 8262 8261
f 8020 8021 8263 8262
f 8021 8022 8264 8263
f 8256 8257 8499 8498
f 8257 8258 8500 8499
f 8258 8259 8501 8500
f 8259 8260 8502 8501
f 8260 8261 8503 8502
f 8261 8262 8504 8503
f 8262 8263 8505 8504
f 8263 8264 8506 8505
f 8498 8499 8741 8740
f 8499 8500 8742 8741
f 8500 8501 8743 8742
f 8501 8502 8744 8743
f 8502 8503 8745 8744
f 8503 8504 8746 8745
f 8504 8505 8747 8746
f 8505 8506 8748 8747
f 8740 8741 8983 8982
f 8741 8742 8984 8983
f 8742 8743 8985 8984
f 8743 8744 8986 8985
f 8744 8745 8987 8986
f 8745 8746 8988 8987
f 8746 8747 8989 8988
f 8747 8748 8990 8989
f 8982 8983 9225 9224
f 8983 8984 9226 9225
f 8984 8985 9227 9226
f 8985 8986 9228 9227
f 8986 8987 9229 9228
f 8987 8988 9230 9229
f 8988 8989 9231 9230
f 8989 8990 9232 9231
f 9224 9225 9467 9466
f 9225 9226 9468 9467
f 9226 9227 9469 9468
f 9227 9228 9470 9469
f 9228 9229 9471 9470
f 9229 9230 9472 9471
f 9230 9231 9473 9472
f 9231 9232 9474 9473
f 9466 9467 9709 9708
f 9467 9468 9710 9709
f 9468 9469 9711 9710
f 9469 9470 9712 9711
f 9470 9471 9713 9712
f 9471 9472 9714 9713
f 9472 9473 9715 9714
f 9473 9474 9716 9715
f 9708 9709 2207 2206
f 9709 9710 2208 2207
f 9710 9711 2209 2208
f 9711 9712 2210 2209
f 9712 9713 2211 2210
f 9713 9714 2212 2211
f 9714 9715 2213 2212
f 9715 9716 2214 2213
f 2214 2215 2457 2456
f 2215 2216 2458 2457
f 2216 2217 2459 2458
f 2217 2218 2460 2459
f 2218 2219 2461 2460
f 2219 2220 2462 2461
f 2220 2221 2463 2462
f 2221 2222 2464 2463
f 2456 2457 2699 2698
f 2457 2458 2700 2699
f 2458 2459 2701 2700
f 2459 2460 2702 2701
f 2460 2461 2703 2702
f 2461 2462 2704 2703
f 2462 2463 2705 2704
f 2463 2464 2706 2705
f 2698 2699 2941 2940
f 2699 2700 2942 2941
f 2700 2701 2943 2942
f 2701 2702 2944 2943
f 2702 2703 2945 2944
f 2703 2704 2946 2945
f 2704 2705 2947 2946
f 2705 2706 2948 2947
f 2940 2941 3183 3182
f 2941 2942 3184 3183
f 2942 2943 3185 3184
f 2943 2944 3186 3185
f 2944 2945 3187 3186
f 2945 2946 3188 3187
f 2946 2947 3189 3188
f 2947 2948 3190 3189
f 3182 3183 3425 3424
f 3183 3184 3426 3425
f 3184 3185 3427 3426
f 3185 3186 3428 3427
f 3186 3187 3429 3428
f 3187 3188 3430 3429
f 3188 3189 3431 3430
f 3189 3190 3432 3431
f 3424 3425 3667 3666
f 3425 3426 3668 3667
f 3426 3427 3669 3668
f 3427 3428 3670 3669
f 3428 3429 3671 3670
f 3429 3430 3672 3671
f 3430 3431 3673 3672
f 3431 3432 3674 3673
f 3666 3667 3909 3908
f 3667 3668 3910 3909
f 3668 3669 3911 3910
f 3669 3670 3912 3911
f 3670 3671 3913 3912
f 3671 3672 3914 3913
f 3672 3673 3915 3914
f 3673 3674 3916 3915
f 3908 3909 4151 4150
f 3909 3910 4152 4151
f 3910 3911 4153 4152
f 3911 3912 4154 4153
f 3912 3913 4155 4154
f 3913 3914 4156 4155
f 3914 3915 4157 4156
f 3915 3916 4158 4157
f 4150 4151 4393 4392
f 4151 4152 4394 4393
f 4152 4153 4395 4394
f 4153 4154 4396 4395
f 4154 4155 4397 4396
f 4155 4156 4398 4397
f 4156 4157 4399 4398
f 4157 4158 4400 4399
f 4392 4393 4635 4634
f 4393 4394 4636 4635
f 4394 4395 4637 4636
f 4395 4396 4638 4637
f 4396 4397 4639 4638
f 4397 4398 4640 4639
f 4398 4399 4641 4640
f 4399 4400 4642 4641
f 4634 4635 4877 4876
f 4635 4636 4878 4877
f 4636 4637 4879 4878
f 4637 4638 4880 4879
f 4638 4639 4881 4880
f 4639 4640 4882 4881
f 4640 4641 4883 4882
f 4641 4642 4884 4883
f 4876 4877 5119 5118
f 4877 4878 5120 5119
f 4878 4879 5121 5120
f 4879 4880 5122 5121
f 4880 4881 5123 5122
f 4881 4882 5124 5123
f 4882 4883 5125 5124
f 4883 4884 5126 5125
f 5118 5119 5361 5360
f 5119 5120 5362 5361
f 5120 5121 5363 5362
f 5121 5122 5364 5363
f 5122 5123 5365 5364
f 5123 5124 5366 5365
f 5124 5125 5367 5366
f 5125 5126 5368 5367
f 5360 5361 5603 5602
f 5361 5362 5604 5603
f 5362 5363 5605 5604
f 5363 5364 5606 5605
f 5364 5365 5607 5606
f 5365 5366 5608 5607
f 5366 5367 5609 5608
f 5367 5368 5610 5609
f 5602 5603 5845 5844
f 5603 5604 5846 5845
f 5604 5605 5847 5846
f 5605 5606 5848 5847
f 5606 5607 5849 5848
f 5607 5608 5850 5849
f 5608 5609 5851 5850
f 5609 5610 5852 5851
f 5844 5845 6087 6086
f 5845 5846 6088 6087
f 5846 5847 6089 6088
f 5847 5848 6090 6089
f 5848 5849 6091 6090
f 5849 5850 6092 6091
f 5850 5851 6093 6092
f 5851 5852 6094 6093
f 6086 6087 6329 6328
f 6087 6088 6330 6329
f 6088 6089 6331 6330
f 6089 6090 6332 6331
f 6090 6091 6333 6332
f 6091 6092 6334 6333
f 6092 6093 6335 6334
f 6093 6094 6336 6335
f 6328 6329 6571 6570
f 6329 6330 6572 6571
f 6330 6331 6573 6572
f 6331 6332 6574 6573
f 6332 6333 6575 6574
f 6333 6334 6576 6575
f 6334 6335 6577 6576
f 6335 6336 6578 6577
f 6570 6571 6813 6812
f 6571 6572 6814 6813
f 6572 6573 6815 6814
f 6573 6574 6816 6815
f 6574 6575 6817 6816
f 6575 6576 6818 6817
f 6576 6577 6819 6818
f 6577 6578 6820 6819
f 6812 6813 7055 7054
f 6813 6814 7056 7055
f 6814 6815 7057 7056
f 6815 6816 7058 7057
f 6816 6817 7059 7058
f 6817 6818 7060 7059
f 6818 6819 7061 7060
f 6819 6820 7062 7061
f 7054 7055 7297 7296
f 7055 7056 7298 7297
f 7056 7057 7299 7298
f 7057 7058 7300 7299
f 7058 7059 7301 7300
f 7059 7060 7302 7301
f 7060 7061 7303 7302
f 7061 7062 7304 7303
f 7296 7297 7539 7538
f 7297 7298 7540 7539
f 7298 7299 7541 7540
f 7299 7300 7542 7541
f 7300 7301 7543 7542
f 7301 7302 7544 7543
f 7302 7303 7545 7544
f 7303 7304 7546 7545
f 7538 7539 7781 7780
f 7539 7540 7782 7781
f 7540 7541 7783 7782
f 7541 7542 7784 7783
f 7542 7543 7785 7784
f 7543 7544 7786 7785
f 7544 7545 7787 7786
f 7545 7546 7788 7787
f 7780 7781 8023 8022
f 7781 7782 8024 8023
f 7782 7783 8025 8024
f 7783 7784 8026 8025
f 7784 7785 8027 8026
f 7785 7786 8028 8027
f 7786 7787 8029 8028
f 7787 7788 8030 8029
f 8022 8023 8265 8264
f 8023 8024 8266 8265
f 8024 8025 8267 8266
f 8025 8026 8268 8267
f 8026 8027 8269 8268
f 8027 8028 8270 8269
f 8028 8029 8271 8270
f 8029 8030 8272 8271
f 8264 8265 8507 8506
f 8265 8266 8508 8507
f 8266 8267 8509 8508
f 8267 8268 8510 8509
f 8268 8269 8511 8510
f 8269 8270 8512 8511
f 8270 8271 8513 8512
f 8271 8272 8514 8513
f 8506 8507 8749 8748
f 8507 8508 8750 8749
f 8508 8509 8751 8750
f 8509 8510 8752 8751
f 8510 8511 8753 8752
f 8511 8512 8754 8753
f 8512 8513 8755 8754
f 8513 8514 8756 8755
f 8748 8749 8991 8990
f 8749 8750 8992 8991
f 8750 8751 8993 8992
f 8751 8752 8994 8993
f 8752 8753 8995 8994
f 8753 8754 8996 8995
f 8754 8755 8997 8996
f 8755 8756 8998 8997
f 8990 8991 9233 9232
f 8991 8992 9234 9233
f 8992 8993 9235 9234
f 8993 8994 9236 9235
f 8994 8995 9237 9236
f 8995 8996 9238 9237
f 8996 8997 9239 9238
f 8997 8998 9240 9239
f 9232 9233 9475 9474
f 9233 9234 9476 9475
f 9234 9235 9477 9476
f 9235 9236 9478 9477
f 9236 9237 9479 9478
f 9237 9238 9480 9479
f 9238 9239 9481 9480
f 9239 9240 9482 9481
f 9474 9475 9717 9716
f 9475 9476 9718 9717
f 9476 9477 9719 9718
f 9477 9478 9720 9719
f 9478 9479 9721 9720
f 9479 9480 9722 9721
f 9480 9481 9723 9722
f 9481 9482 9724 9723
f 9716 9717 2215 2214
f 9717 9718 2216 2215
f 9718 9719 2217 2216
f 9719 9720 2218 2217
f 9720 9721 2219 2218
f 9721 9722 2220 2219
f 9722 9723 2221 2220
f 9723 9724 2222 2221
f 2222 2223 2465 2464
f 2223 2224 2466 2465
f 2224 2225 2467 2466
f 2225 2226 2468 2467
f 2226 2227 2469 2468
f 2227 2228 2470 2469
f 2228 2229 2471 2470
f 2229 2230 2472 2471
f 2464 2465 2707 2706
f 2465 2466 2708 2707
f 2466 2467 2709 2708
f 2467 2468 2710 2709
f 2468 2469 2711 2710
f 2469 2470 2712 2711
f 2470 2471 2713 2712
f 2471 2472 2714 2713
f 2706 2707 2949 2948
f 2707 2708 2950 2949
f 2708 2709 2951 2950
f 2709 2710 2952 2951
f 2710 2711 2953 2952
f 2711 2712 2954 2953
f 2712 2713 2955 2954
f 2713 2714 2956 2955
f 2948 2949 3191 3190
f 2949 2950 3192 3191
f 2950 2951 3193 3192
f 2951 2952 3194 3193
f 2952 2953 3195 3194
f 2953 2954 3196 3195
f 2954 2955 3197 3196
f 2955 2956 3198 3197
f 3190 3191 3433 3432
f 3191 3192 3434 3433
f 3192 3193 3435 3434
f 3193 3194 3436 3435
f 3194 3195 3437 3436
f 3195 3196 3438 3437
f 3196 3197 3439 3438
f 3197 3198 3440 3439
f 3432 3433 3675 3674
f 3433 3434 3676 3675
f 3434 3435 3677 3676
f 3435 3436 3678 3677
f 3436 3437 3679 3678
f 3437 3438 3680 3679
f 3438 3439 3681 3680
f 3439 3440 3682 3681
f 3674 3675 3917 3916
f 3675 3676 3918 3917
f 3676 3677 3919 3918
f 3677 3678 3920 3919
f 3678 3679 3921 3920
f 3679 3680 3922 3921
f 3680 3681 3923 3922
f 3681 3682 3924 3923
f 3916 3917 4159 4158
f 3917 3918 4160 4159
f 3918 3919 4161 4160
f 3919 3920 4162 4161
f 3920 3921 4163 4162
f 3921 3922 4164 4163
f 3922 3923 4165 4164
f 3923 3924 4166 4165
f 4158 4159 4401 4400
f 4159 4160 4402 4401
f 4160 4161 4403 4402
f 4161 4162 4404 4403
f 4162 4163 4405 4404
f 4163 4164 4406 4405
f 4164 4165 4407 4406
f 4165 4166 4408 4407
f 4400 4401 4643 4642
f 4401 4402 4644 4643
f 4402 4403 4645 4644
f 4403 4404 4646 4645
f 4404 4405 4647 4646
f 4405 4406 4648 4647
f 4406 4407 4649 4648
f 4407 4408 4650 4649
f 4642 4643 4885 4884
f 4643 4644 4886 4885
f 4644 4645 4887 4886
f 4645 4646 4888 4887
f 4646 4647 4889 4888
f 4647 4648 4890 4889
f 4648 4649 4891 4890
f 4649 4650 4892 4891
f 4884 4885 5127 5126
f 4885 4886 5128 5127
f 4886 4887 5129 5128
f 4887 4888 5130 5129
f 4888 4889 5131 5130
f 4889 4890 5132 5131
f 4890 4891 5133 5132
f 4891 4892 5134 5133
f 5126 5127 5369 5368
f 5127 5128 5370 5369
f 5128 5129 5371 5370
f 5129 5130 5372 5371
f 5130 5131 5373 5372
f 5131 5132 5374 5373
f 5132 5133 5375 5374
f 5133 5134 5376 5375
f 5368 5369 5611 5610
f 5369 5370 5612 5611
f 5370 5371 5613 5612
f 5371 5372 5614 5613
f 5372 5373 5615 5614
f 5373 5374 5616 5615
f 5374 5375 5617 5616
f 5375 5376 5618 5617
f 5610 5611 5853 5852
f 5611 5612 5854 5853
f 5612 5613 5855 5854
f 5613 5614 5856 5855
f 5614 5615 5857 5856
f 5615 5616 5858 5857
f 5616 5617 5859 5858
f 5617 5618 5860 5859
f 5852 5853 6095 6094
f 5853 5854 6096 6095
f 5854 5855 6097 6096
f 5855 5856 6098 6097
f 5856 5857 6099 6098
f 5857 5858 6100 6099
f 5858 5859 6101 6100
f 5859 5860 6102 6101
f 6094 6095 6337 6336
f 6095 6096 6338 6337
f 6096 6097 6339 6338
f 6097 6098 6340 6339
f 6098 6099 6341 6340
f 6099 6100 6342 6341
f 6100 6101 6343 6342
f 6101 6102 6344 6343
f 6336 6337 6579 6578
f 6337 6338 6580 6579
f 6338 6339 6581 6580
f 6339 6340 6582 6581
f 6340 6341 6583 6582
f 6341 6342 6584 6583
f 6342 6343 6585 6584
f 6343 6344 6586 6585
f 6578 6579 6821 6820
f 6579 6580 6822 6821
f 6580 6581 6823 6822
f 6581 6582 6824 6823
f 6582 6583 6825 6824
f 6583 6584 6826 6825
f 6584 6585 6827 6826
f 6585 6586 6828 6827
f 6820 6821 7063 7062
f 6821 6822 7064 7063
f 6822 6823 7065 7064
f 6823 6824 7066 7065
f 6824 6825 7067 7066
f 6825 6826 7068 7067
f 6826 6827 7069 7068
f 6827 6828 7070 7069
f 7062 7063 7305 7304
f 7063 7064 7306 7305
f 7064 7065 7307 7306
f 7065 7066 7308 7307
f 7066 7067 7309 7308
f 7067 7068 7310 7309
f 7068 7069 7311 7310
f 7069 7070 7312 7311
f 7304 7305 7547 7546
f 7305 7306 7548 7547
f 7306 7307 7549 7548
f 7307 7308 7550 7549
f 7308 7309 7551 7550
f 7309 7310 7552 7551
f 7310 7311 7553 7552
f 7311 7312 7554 7553
f 7546 7547 7789 7788
f 7547 7548 7790 7789
f 7548 7549 7791 7790
f 7549 7550 7792 7791
f 7550 7551 7793 7792
f 7551 7552 7794 7793
f 7552 7553 7795 7794
f 7553 7554 7796 7795
f 7788 7789 8031 8030
f 7789 7790 8032 8031
f 7790 7791 8033 8032
f 7791 7792 8034 8033
f 7792 7793 8035 8034
f 7793 7794 8036 8035
f 7794 7795 8037 8036
f 7795 7796 8038 8037
f 8030 8031 8273 8272
f 8031 8032 8274 8273
f 8032 8033 8275 8274
f 8033 8034 8276 8275
f 8034 8035 8277 8276
f 8035 8036 8278 8277
f 8036 8037 8279 8278
f 8037 8038 8280 8279
f 8272 8273 8515 8514
f 8273 8274 8516 8515
f 8274 8275 8517 8516
f 8275 8276 8518 8517
f 8276 8277 8519 8518
f 8277 8278 8520 8519
f 8278 8279 8521 8520
f 8279 8280 8522 8521
f 8514 8515 8757 8756
f 8515 8516 8758 8757
f 8516 8517 8759 8758
f 8517 8518 8760 8759
f 8518 8519 8761 8760
f 8519 8520 8762 8761
f 8520 8521 8763 8762
f 8521 8522 8764 8763
f 8756 8757 8999 8998
f 8757 8758 9000 8999
f 8758 8759 9001 9000
f 8759 8760 9002 9001
f 8760 8761 9003 9002
f 8761 8762 9004 9003
f 8762 8763 9005 9004
f 8763 8764 9006 9005
f 8998 8999 9241 9240
f 8999 9000 9242 9241
f 9000 9001 9243 9242
f 9001 9002 9244 9243
f 9002 9003 9245 9244
f 9003 9004 9246 9245
f 9004 9005 9247 9246
f 9005 9006 9248 9247
f 9240 9241 9483 9482
f 9241 9242 9484 9483
f 9242 9243 9485 9484
f 9243 9244 9486 9485
f 9244 9245 9487 9486
f 9245 9246 9488 9487
f 9246 9247 9489 9488
f 9247 9248 9490 9489
f 9482 9483 9725 9724
f 9483 9484 9726 9725
f 9484 9485 9727 9726
f 9485 9486 9728 9727
f 9486 9487 9729 9728
f 9487 9488 9730 9729
f 9488 9489 9731 9730
f 9489 9490 9732 9731
f 9724 9725 2223 2222
f 9725 9726 2224 2223
f 9726 9727 2225 2224
f 9727 9728 2226 2225
f 9728 9729 2227 2226
f 9729 9730 2228 2227
f 9730 9731 2229 2228
f 9731 9732 2230 2229
f 2230 2231 2473 2472
f 2231 2232 2474 2473
f 2232 2233 2475 2474
f 2233 2234 2476 2475
f 2234 2235 2477 2476
f 2235 2236 2478 2477
f 2236 2237 2479 2478
f 2237 2238 2480 2479
f 2472 2473 2715 2714
f 2473 2474 2716 2715
f 2474 2475 2717 2716
f 2475 2476 2718 2717
f 2476 2477 2719 2718
f 2477 2478 2720 2719
f 2478 2479 2721 2720
f 2479 2480 2722 2721
f 2714 2715 2957 2956
f 2715 2716 2958 2957
f 2716 2717 2959 2958
f 2717 2718 2960 2959
f 2718 2719 2961 2960
f 2719 2720 2962 2961
f 2720 2721 2963 2962
f 2721 2722 2964 2963
f 2956 2957 3199 3198
f 2957 2958 3200 3199
f 2958 2959 3201 3200
f 2959 2960 3202 3201
f 2960 2961 3203 3202
f 2961 2962 3204 3203
f 2962 2963 3205 3204
f 2963 2964 3206 3205
f 3198 3199 3441 3440
f 3199 3200 3442 3441
f 3200 3201 3443 3442
f 3201 3202 3444 3443
f 3202 3203 3445 3444
f 3203 3204 3446 3445
f 3204 3205 3447 3446
f 3205 3206 3448 3447
f 3440 3441 3683 3682
f 3441 3442 3684 3683
f 3442 3443 3685 3684
f 3443 3444 3686 3685
f 3444 3445 3687 3686
f 3445 3446 3688 3687
f 3446 3447 3689 3688
f 3447 3448 3690 3689
f 3682 3683 3925 3924
f 3683 3684 3926 3925
f 3684 3685 3927 3926
f 3685 3686 3928 3927
f 3686 3687 3929 3928
f 3687 3688 3930 3929
f 3688 3689 3931 3930
f 3689 3690 3932 3931
f 3924 3925 4167 4166
f 3925 3926 4168 4167
f 3926 3927 4169 4168
f 3927 3928 4170 4169
f 3928 3929 4171 4170
f 3929 3930 4172 4171
f 3930 3931 4173 4172
f 3931 3932 4174 4173
f 4166 4167 4409 4408
f 4167 4168 4410 4409
f 4168 4169 4411 4410
f 4169 4170 4412 4411
f 4170 4171 4413 4412
f 4171 4172 4414 4413
f 4172 4173 4415 4414
f 4173 4174 4416 4415
f 4408 4409 4651 4650
f 4409 4410 4652 4651
f 4410 4411 4653 4652
f 4411 4412 4654 4653
f 4412 4413 4655 4654
f 4413 4414 4656 4655
f 4414 4415 4657 4656
f 4415 4416 4658 4657
f 4650 4651 4893 4892
f 4651 4652 4894 4893
f 4652 4653 4895 4894
f 4653 4654 4896 4895
f 4654 4655 4897 4896
f 4655 4656 4898 4897
f 4656 4657 4899 4898
f 4657 4658 4900 4899
f 4892 4893 5135 5134
f 4893 4894 5136 5135
f 4894 4895 5137 5136
f 4895 4896 5138 5137
f 4896 4897 5139 5138
f 4897 4898 5140 5139
f 4898 4899 5141 5140
f 4899 4900 5142 5141
f 5134 5135 5377 5376
f 5135 5136 5378 5377
f 5136 5137 5379 5378
f 5137 5138 5380 5379
f 5138 5139 5381 5380
f 5139 5140 5382 5381
f 5140 5141 5383 5382
f 5141 5142 5384 5383
f 5376 5377 5619 5618
f 5377 5378 5620 5619
f 5378 5379 5621 5620
f 5379 5380 5622 5621
f 5380 5381 5623 5622
f 5381 5382 5624 5623
f 5382 5383 5625 5624
f 5383 5384 5626 5625
f 5618 5619 5861 5860
f 5619 5620 5862 5861
f 5620 5621 5863 5862
f 5621 5622 5864 5863
f 5622 5623 5865 5864
f 5623 5624 5866 5865
f 5624 5625 5867 5866
f 5625 5626 5868 5867
f 5860 5861 6103 6102
f 5861 5862 6104 6103
f 5862 5863 6105 6104
f 5863 5864 6106 6105
f 5864 5865 6107 6106
f 5865 5866 6108 6107
f 5866 5867 6109 6108
f 5867 5868 6110 6109
f 6102 6103 6345 6344
f 6103 6104 6346 6345
f 6104 6105 6347 6346
f 6105 6106 6348 6347
f 6106 6107 6349 6348
f 6107 6108 6350 6349
f 6108 6109 6351 6350
f 6109 6110 6352 6351
f 6344 6345 6587 6586
f 6345 6346 6588 6587
f 6346 6347 6589 6588
f 6347 6348 6590 6589
f 6348 6349 6591 6590
f 6349 6350 6592 6591
f 6350 6351 6593 6592
f 6351 6352 6594 6593
f 6586 6587 6829 6828
f 6587 6588 6830 6829
f 6588 6589 6831 6830
f 6589 6590 6832 6831
f 6590 6591 6833 6832
f 6591 6592 6834 6833
f 6592 6593 6835 6834
f 6593 6594 6836 6835
f 6828 6829 7071 7070
f 6829 6830 7072 7071
f 6830 6831 7073 7072
f 6831 6832 7074 7073
f 6832 6833 7075 7074
f 6833 6834 7076 7075
f 6834 6835 7077 7076
f 6835 6836 7078 7077
f 7070 7071 7313 7312
f 7071 7072 7314 7313
f 7072 7073 7315 7314
f 7073 7074 7316 7315
f 7074 7075 7317 7316
f 7075 7076 7318 7317
f 7076 7077 7319 7318
f 7077 7078 7320 7319
f 7312 7313 7555 7554
f 7313 7314 7556 7555
f 7314 7315 7557 7556
f 7315 7316 7558 7557
f 7316 7317 7559 7558
f 7317 7318 7560 7559
f 7318 7319 7561 7560
f 7319 7320 7562 7561
f 7554 7555 7797 7796
f 7555 7556 7798 7797
f 7556 7557 7799 7798
f 7557 7558 7800 7799
f 7558 7559 7801 7800
f 7559 7560 7802 7801
f 7560 7561 7803 7802
f 7561 7562 7804 7803
f 7796 7797 8039 8038
f 7797 7798 8040 8039
f 7798 7799 8041 8040
f 7799 7800 8042 8041
f 7800 7801 8043 8042
f 7801 7802 8044 8043
f 7802 7803 8045 8044
f 7803 7804 8046 8045
f 8038 8039 8281 8280
f 8039 8040 8282 8281
f 8040 8041 8283 8282
f 8041 8042 8284 8283
f 8042 8043 8285 8284
f 8043 8044 8286 8285
f 8044 8045 8287 8286
f 8045 8046 8288 8287
f 8280 8281 8523 8522
f 8281 8282 8524 8523
f 8282 8283 8525 8524
f 8283 8284 8526 8525
f 8284 8285 8527 8526
f 8285 8286 8528 8527
f 8286 8287 8529 8528
f 8287 8288 8530 8529
f 8522 8523 8765 8764
f 8523 8524 8766 8765
f 8524 8525 8767 8766
f 8525 8526 8768 8767
f 8526 8527 8769 8768
f 8527 8528 8770 8769
f 8528 8529 8771 8770
f 8529 8530 8772 8771
f 8764 8765 9007 9006
f 8765 8766 9008 9007
f 8766 8767 9009 9008
f 8767 8768 9010 9009
f 8768 8769 9011 9010
f 8769 8770 9012 9011
f 8770 8771 9013 9012
f 8771 8772 9014 9013
f 9006 9007 9249 9248
f 9007 9008 9250 9249
f 9008 9009 9251 9250
f 9009 9010 9252 9251
f 9010 9011 9253 9252
f 9011 9012 9254 9253
f 9012 9013 9255 9254
f 9013 9014 9256 9255
f 9248 9249 9491 9490
f 9249 9250 9492 9491
f 9250 9251 9493 9492
f 9251 9252 9494 9493
f 9252 9253 9495 9494
f 9253 9254 9496 9495
f 9254 9255 9497 9496
f 9255 9256 9498 9497
f 9490 9491 9733 9732
f 9491 9492 9734 9733
f 9492 9493 9735 9734
f 9493 9494 9736 9735
f 9494 9495 9737 9736
f 9495 9496 9738 9737
f 9496 9497 9739 9738
f 9497 9498 9740 9739
f 9732 9733 2231 2230
f 9733 9734 2232 2231
f 9734 9735 2233 2232
f 9735 9736 2234 2233
f 9736 9737 2235 2234
f 9737 9738 2236 2235
f 9738 9739 2237 2236
f 9739 9740 2238 2237
f 2238 2239 2481 2480
f 2480 2481 2723 2722
f 2722 2723 2965 2964
f 2964 2965 3207 3206
f 3206 3207 3449 3448
f 3448 3449 3691 3690
f 3690 3691 3933 3932
f 3932 3933 4175 4174
f 4174 4175 4417 4416
f 4416 4417 4659 4658
f 4658 4659 4901 4900
f 4900 4901 5143 5142
f 5142 5143 5385 5384
f 5384 5385 5627 5626
f 5626 5627 5869 5868
f 5868 5869 6111 6110
f 6110 6111 6353 6352
f 6352 6353 6595 6594
f 6594 6595 6837 6836
f 6836 6837 7079 7078
f 7078 7079 7321 7320
f 7320 7321 7563 7562
f 7562 7563 7805 7804
f 7804 7805 8047 8046
f 8046 8047 8289 8288
f 8288 8289 8531 8530
f 8530 8531 8773 8772
f 8772 8773 9015 9014
f 9014 9015 9257 9256
f 9256 9257 9499 9498
f 9498 9499 9741 9740
f 9740 9741 2239 2238
f 2239 2240 2482 2481
f 2481 2482 2724 2723
f 2723 2724 2966 2965
f 2965 2966 3208 3207
f 3207 3208 3450 3449
f 3449 3450 3692 3691
f 3691 3692 3934 3933
f 3933 3934 4176 4175
f 4175 4176 4418 4417
f 4417 4418 4660 4659
f 4659 4660 4902 4901
f 4901 4902 5144 5143
f 5143 5144 5386 5385
f 5385 5386 5628 5627
f 5627 5628 5870 5869
f 5869 5870 6112 6111
f 6111 6112 6354 6353
f 6353 6354 6596 6595
f 6595 6596 6838 6837
f 6837 6838 7080 7079
f 7079 7080 7322 7321
f 7321 7322 7564 7563
f 7563 7564 7806 7805
f 7805 7806 8048 8047
f 8047 8048 8290 8289
f 8289 8290 8532 8531
f 8531 8532 8774 8773
f 8773 8774 9016 9015
f 9015 9016 9258 9257
f 9257 9258 9500 9499
f 9499 9500 9742 9741
f 9741 9742 2240 2239
f 2240 2241 2483 2482
f 2241 2242 2484 2483
f 2242 2243 2485 2484
f 2243 2244 2486 2485
f 2244 2245 2487 2486
f 2245 2246 2488 2487
f 2246 2247 2489 2488
f 2247 2248 2490 2489
f 2482 2483 2725 2724
f 2483 2484 2726 2725
f 2484 2485 2727 2726
f 2485 2486 2728 2727
f 2486 2487 2729 2728
f 2487 2488 2730 2729
f 2488 2489 2731 2730
f 2489 2490 2732 2731
f 2724 2725 2967 2966
f 2725 2726 2968 2967
f 2726 2727 2969 2968
f 2727 2728 2970 2969
f 2728 2729 2971 2970
f 2729 2730 2972 2971
f 2730 2731 2973 2972
f 2731 2732 2974 2973
f 2966 2967 3209 3208
f 2967 2968 3210 3209
f 2968 2969 3211 3210
f 2969 2970 3212 3211
f 2970 2971 3213 3212
f 2971 2972 3214 3213
f 2972 2973 3215 3214
f 2973 2974 3216 3215
f 3208 3209 3451 3450
f 3209 3210 3452 3451
f 3210 3211 3453 3452
f 3211 3212 3454 3453
f 3212 3213 3455 3454
f 3213 3214 3456 3455
f 3214 3215 3457 3456
f 3215 3216 3458 3457
f 3450 3451 3693 3692
f 3451 3452 3694 3693
f 3452 3453 3695 3694
f 3453 3454 3696 3695
f 3454 3455 3697 3696
f 3455 3456 3698 3697
f 3456 3457 3699 3698
f 3457 3458 3700 3699
f 3692 3693 3935 3934
f 3693 3694 3936 3935
f 3694 3695 3937 3936
f 3695 3696 3938 3937
f 3696 3697 3939 3938
f 3697 3698 3940 3939
f 3698 3699 3941 3940
f 3699 3700 3942 3941
f 3934 3935 4177 4176
f 3935 3936 4178 4177
f 3936 3937 4179 4178
f 3937 3938 4180 4179
f 3938 3939 4181 4180
f 3939 3940 4182 4181
f 3940 3941 4183 4182
f 3941 3942 4184 4183
f 4176 4177 4419 4418
f 4177 4178 4420 4419
f 4178 4179 4421 4420
f 4179 4180 4422 4421
f 4180 4181 4423 4422
f 4181 4182 4424 4423
f 4182 4183 4425 4424
f 4183 4184 4426 4425
f 4418 4419 4661 4660
f 4419 4420 4662 4661
f 4420 4421 4663 4662
f 4421 4422 4664 4663
f 4422 4423 4665 4664
f 4423 4424 4666 4665
f 4424 4425 4667 4666
f 4425 4426 4668 4667
f 4660 4661 4903 4902
f 4661 4662 4904 4903
f 4662 4663 4905 4904
f 4663 4664 4906 4905
f 4664 4665 4907 4906
f 4665 4666 4908 4907
f 4666 4667 4909 4908
f 4667 4668 4910 4909
f 4902 4903 5145 5144
f 4903 4904 5146 5145
f 4904 4905 5147 5146
f 4905 4906 5148 5147
f 4906 4907 5149 5148
f 4907 4908 5150 5149
f 4908 4909 5151 5150
f 4909 4910 5152 5151
f 5144 5145 5387 5386
f 5145 5146 5388 5387
f 5146 5147 5389 5388
f 5147 5148 5390 5389
f 5148 5149 5391 5390
f 5149 5150 5392 5391
f 5150 5151 5393 5392
f 5151 5152 5394 5393
f 5386 5387 5629 5628
f 5387 5388 5630 5629
f 5388 5389 5631 5630
f 5389 5390 5632 5631
f 5390 5391 5633 5632
f 5391 5392 5634 5633
f 5392 5393 5635 5634
f 5393 5394 5636 5635
f 5628 5629 5871 5870
f 5629 5630 5872 5871
f 5630 5631 5873 5872
f 5631 5632 5874 5873
f 5632 5633 5875 5874
f 5633 5634 5876 5875
f 5634 5635 5877 5876
f 5635 5636 5878 5877
f 5870 5871 6113 6112
f 5871 5872 6114 6113
f 5872 5873 6115 6114
f 5873 5874 6116 6115
f 5874 5875 6117 6116
f 5875 5876 6118 6117
f 5876 5877 6119 6118
f 5877 5878 6120 6119
f 6112 6113 6355 6354
f 6113 6114 6356 6355
f 6114 6115 6357 6356
f 6115 6116 6358 6357
f 6116 6117 6359 6358
f 6117 6118 6360 6359
f 6118 6119 6361 6360
f 6119 6120 6362 6361
f 6354 6355 6597 6596
f 6355 6356 6598 6597
f 6356 6357 6599 6598
f 6357 6358 6600 6599
f 6358 6359 6601 6600
f 6359 6360 6602 6601
f 6360 6361 6603 6602
f 6361 6362 6604 6603
f 6596 6597 6839 6838
f 6597 6598 6840 6839
f 6598 6599 6841 6840
f 6599 6600 6842 6841
f 6600 6601 6843 6842
f 6601 6602 6844 6843
f 6602 6603 6845 6844
f 6603 6604 6846 6845
f 6838 6839 7081 7080
f 6839 6840 7082 7081
f 6840 6841 7083 7082
f 6841 6842 7084 7083
f 6842 6843 7085 7084
f 6843 6844 7086 7085
f 6844 6845 7087 7086
f 6845 6846 7088 7087
f 7080 7081 7323 7322
f 7081 7082 7324 7323
f 7082 7083 7325 7324
f 7083 7084 7326 7325
f 7084 7085 7327 7326
f 7085 7086 7328 7327
f 7086 7087 7329 7328
f 7087 7088 7330 7329
f 7322 7323 7565 7564
f 7323 7324 7566 7565
f 7324 7325 7567 7566
f 7325 7326 7568 7567
f 7326 7327 7569 7568
f 7327 7328 7570 7569
f 7328 7329 7571 7570
f 7329 7330 7572 7571
f 7564 7565 7807 7806
f 7565 7566 7808 7807
f 7566 7567 7809 7808
f 7567 7568 7810 7809
f 7568 7569 7811 7810
f 7569 7570 7812 7811
f 7570 7571 7813 7812
f 7571 7572 7814 7813
f 7806 7807 8049 8048
f 7807 7808 8050 8049
f 7808 7809 8051 8050
f 7809 7810 8052 8051
f 7810 7811 8053 8052
f 7811 7812 8054 8053
f 7812 7813 8055 8054
f 7813 7814 8056 8055
f 8048 8049 8291 8290
f 8049 8050 8292 8291
f 8050 8051 8293 8292
f 8051 8052 8294 8293
f 8052 8053 8295 8294
f 8053 8054 8296 8295
f 8054 8055 8297 8296
f 8055 8056 8298 8297
f 8290 8291 8533 8532
f 8291 8292 8534 8533
f 8292 8293 8535 8534
f 8293 8294 8536 8535
f 8294 8295 8537 8536
f 8295 8296 8538 8537
f 8296 8297 8539 8538
f 8297 8298 8540 8539
f 8532 8533 8775 8774
f 8533 8534 8776 8775
f 8534 8535 8777 8776
f 8535 8536 8778 8777
f 8536 8537 8779 8778
f 8537 8538 8780 8779
f 8538 8539 8781 8780
f 8539 8540 8782 8781
f 8774 8775 9017 9016
f 8775 8776 9018 9017
f 8776 8777 9019 9018
f 8777 8778 9020 9019
f 8778 8779 9021 9020
f 8779 8780 9022 9021
f 8780 8781 9023 9022
f 8781 8782 9024 9023
f 9016 9017 9259 9258
f 9017 9018 9260 9259
f 9018 9019 9261 9260
f 9019 9020 9262 9261
f 9020 9021 9263 9262
f 9021 9022 9264 9263
f 9022 9023 9265 9264
f 9023 9024 9266 9265
f 9258 9259 9501 9500
f 9259 9260 9502 9501
f 9260 9261 9503 9502
f 9261 9262 9504 9503
f 9262 9263 9505 9504
f 9263 9264 9506 9505
f 9264 9265 9507 9506
f 9265 9266 9508 9507
f 9500 9501 9743 9742
f 9501 9502 9744 9743
f 9502 9503 9745 9744
f 9503 9504 9746 9745
f 9504 9505 9747 9746
f 9505 9506 9748 9747
f 9506 9507 9749 9748
f 9507 9508 9750 9749
f 9742 9743 2241 2240
f 9743 9744 2242 2241
f 9744 9745 2243 2242
f 9745 9746 2244 2243
f 9746 9747 2245 2244
f 9747 9748 2246 2245
f 9748 9749 2247 2246
f 9749 9750 2248 2247
f 2248 2249 2491 2490
f 2249 2250 2492 2491
f 2250 2251 2493 2492
f 2251 2252 2494 2493
f 2252 2253 2495 2494
f 2253 2254 2496 2495
f 2254 2255 2497 2496
f 2255 2256 2498 2497
f 2490 2491 2733 2732
f 2491 2492 2734 2733
f 2492 2493 2735 2734
f 2493 2494 2736 2735
f 2494 2495 2737 2736
f 2495 2496 2738 2737
f 2496 2497 2739 2738
f 2497 2498 2740 2739
f 2732 2733 2975 2974
f 2733 2734 2976 2975
f 2734 2735 2977 2976
f 2735 2736 2978 2977
f 2736 2737 2979 2978
f 2737 2738 2980 2979
f 2738 2739 2981 2980
f 2739 2740 2982 2981
f 2974 2975 3217 3216
f 2975 2976 3218 3217
f 2976 2977 3219 3218
f 2977 2978 3220 3219
f 2978 2979 3221 3220
f 2979 2980 3222 3221
f 2980 2981 3223 3222
f 2981 2982 3224 3223
f 3216 3217 3459 3458
f 3217 3218 3460 3459
f 3218 3219 3461 3460
f 3219 3220 3462 3461
f 3220 3221 3463 3462
f 3221 3222 3464 3463
f 3222 3223 3465 3464
f 3223 3224 3466 3465
f 3458 3459 3701 3700
f 3459 3460 3702 3701
f 3460 3461 3703 3702
f 3461 3462 3704 3703
f 3462 3463 3705 3704
f 3463 3464 3706 3705
f 3464 3465 3707 3706
f 3465 3466 3708 3707
f 3700 3701 3943 3942
f 3701 3702 3944 3943
f 3702 3703 3945 3944
f 3703 3704 3946 3945
f 3704 3705 3947 3946
f 3705 3706 3948 3947
f 3706 3707 3949 3948
f 3707 3708 3950 3949
f 3942 3943 4185 4184
f 3943 3944 4186 4185
f 3944 3945 4187 4186
f 3945 3946 4188 4187
f 3946 3947 4189 4188
f 3947 3948 4190 4189
f 3948 3949 4191 4190
f 3949 3950 4192 4191
f 4184 4185 4427 4426
f 4185 4186 4428 4427
f 4186 4187 4429 4428
f 4187 4188 4430 4429
f 4188 4189 4431 4430
f 4189 4190 4432 4431
f 4190 4191 4433 4432
f 4191 4192 4434 4433
f 4426 4427 4669 4668
f 4427 4428 4670 4669
f 4428 4429 4671 4670
f 4429 4430 4672 4671
f 4430 4431 4673 4672
f 4431 4432 4674 4673
f 4432 4433 4675 4674
f 4433 4434 4676 4675
f 4668 4669 4911 4910
f 4669 4670 4912 4911
f 4670 4671 4913 4912
f 4671 4672 4914 4913
f 4672 4673 4915 4914
f 4673 4674 4916 4915
f 4674 4675 4917 4916
f 4675 4676 4918 4917
f 4910 4911 5153 5152
f 4911 4912 5154 5153
f 4912 4913 5155 5154
f 4913 4914 5156 5155
f 4914 4915 5157 5156
f 4915 4916 5158 5157
f 4916 4917 5159 5158
f 4917 4918 5160 5159
f 5152 5153 5395 5394
f 5153 5154 5396 5395
f 5154 5155 5397 5396
f 5155 5156 5398 5397
f 5156 5157 5399 5398
f 5157 5158 5400 5399
f 5158 5159 5401 5400
f 5159 5160 5402 5401
f 5394 5395 5637 5636
f 5395 5396 5638 5637
f 5396 5397 5639 5638
f 5397 5398 5640 5639
f 5398 5399 5641 5640
f 5399 5400 5642 5641
f 5400 5401 5643 5642
f 5401 5402 5644 5643
f 5636 5637 5879 5878
f 5637 5638 5880 5879
f 5638 5639 5881 5880
f 5639 5640 5882 5881
f 5640 5641 5883 5882
f 5641 5642 5884 5883
f 5642 5643 5885 5884
f 5643 5644 5886 5885
f 5878 5879 6121 6120
f 5879 5880 6122 6121
f 5880 5881 6123 6122
f 5881 5882 6124 6123
f 5882 5883 6125 6124
f 5883 5884 6126 6125
f 5884 5885 6127 6126
f 5885 5886 6128 6127
f 6120 6121 6363 6362
f 6121 6122 6364 6363
f 6122 6123 6365 6364
f 6123 6124 6366 6365
f 6124 6125 6367 6366
f 6125 6126 6368 6367
f 6126 6127 6369 6368
f 6127 6128 6370 6369
f 6362 6363 6605 6604
f 6363 6364 6606 6605
f 6364 6365 6607 6606
f 6365 6366 6608 6607
f 6366 6367 6609 6608
f 6367 6368 6610 6609
f 6368 6369 6611 6610
f 6369 6370 6612 6611
f 6604 6605 6847 6846
f 6605 6606 6848 6847
f 6606 6607 6849 6848
f 6607 6608 6850 6849
f 6608 6609 6851 6850
f 6609 6610 6852 6851
f 6610 6611 6853 6852
f 6611 6612 6854 6853
f 6846 6847 7089 7088
f 6847 6848 7090 7089
f 6848 6849 7091 7090
f 6849 6850 7092 7091
f 6850 6851 7093 7092
f 6851 6852 7094 7093
f 6852 6853 7095 7094
f 6853 6854 7096 7095
f 7088 7089 7331 7330
f 7089 7090 7332 7331
f 7090 7091 7333 7332
f 7091 7092 7334 7333
f 7092 7093 7335 7334
f 7093 7094 7336 7335
f 7094 7095 7337 7336
f 7095 7096 7338 7337
f 7330 7331 7573 7572
f 7331 7332 7574 7573
f 7332 7333 7575 7574
f 7333 7334 7576 7575
f 7334 7335 7577 7576
f 7335 7336 7578 7577
f 7336 7337 7579 7578
f 7337 7338 7580 7579
f 7572 7573 7815 7814
f 7573 7574 7816 7815
f 7574 7575 7817 7816
f 7575 7576 7818 7817
f 7576 7577 7819 7818
f 7577 7578 7820 7819
f 7578 7579 7821 7820
f 7579 7580 7822 7821
f 7814 7815 8057 8056
f 7815 7816 8058 8057
f 7816 7817 8059 8058
f 7817 7818 8060 8059
f 7818 7819 8061 8060
f 7819 7820 8062 8061
f 7820 7821 8063 8062
f 7821 7822 8064 8063
f 8056 8057 8299 8298
f 8057 8058 8300 8299
f 8058 8059 8301 8300
f 8059 8060 8302 8301
f 8060 8061 8303 8302
f 8061 8062 8304 8303
f 8062 8063 8305 8304
f 8063 8064 8306 8305
f 8298 8299 8541 8540
f 8299 8300 8542 8541
f 8300 8301 8543 8542
f 8301 8302 8544 8543
f 8302 8303 8545 8544
f 8303 8304 8546 8545
f 8304 8305 8547 8546
f 8305 8306 8548 8547
f 8540 8541 8783 8782
f 8541 8542 8784 8783
f 8542 8543 8785 8784
f 8543 8544 8786 8785
f 8544 8545 8787 8786
f 8545 8546 8788 8787
f 8546 8547 8789 8788
f 8547 8548 8790 8789
f 8782 8783 9025 9024
f 8783 8784 9026 9025
f 8784 8785 9027 9026
f 8785 8786 9028 9027
f 8786 8787 9029 9028
f 8787 8788 9030 9029
f 8788 8789 9031 9030
f 8789 8790 9032 9031
f 9024 9025 9267 9266
f 9025 9026 9268 9267
f 9026 9027 9269 9268
f 9027 9028 9270 9269
f 9028 9029 9271 9270
f 9029 9030 9272 9271
f 9030 9031 9273 9272
f 9031 9032 9274 9273
f 9266 9267 9509 9508
f 9267 9268 9510 9509
f 9268 9269 9511 9510
f 9269 9270 9512 9511
f 9270 9271 9513 9512
f 9271 9272 9514 9513
f 9272 9273 9515 9514
f 9273 9274 9516 9515
f 9508 9509 9751 9750
f 9509 9510 9752 9751
f 9510 9511 9753 9752
f 9511 9512 9754 9753
f 9512 9513 9755 9754
f 9513 9514 9756 9755
f 9514 9515 9757 9756
f 9515 9516 9758 9757
f 9750 9751 2249 2248
f 9751 9752 2250 2249
f 9752 9753 2251 2250
f 9753 9754 2252 2251
f 9754 9755 2253 2252
f 9755 9756 2254 2253
f 9756 9757 2255 2254
f 9757 9758 2256 2255
f 2256 2257 2499 2498
f 2498 2499 2741 2740
f 2740 2741 2983 2982
f 2982 2983 3225 3224
f 3224 3225 3467 3466
f 3466 3467 3709 3708
f 3708 3709 3951 3950
f 3950 3951 4193 4192
f 4192 4193 4435 4434
f 4434 4435 4677 4676
f 4676 4677 4919 4918
f 4918 4919 5161 5160
f 5160 5161 5403 5402
f 5402 5403 5645 5644
f 5644 5645 5887 5886
f 5886 5887 6129 6128
f 6128 6129 6371 6370
f 6370 6371 6613 6612
f 6612 6613 6855 6854
f 6854 6855 7097 7096
f 7096 7097 7339 7338
f 7338 7339 7581 7580
f 7580 7581 7823 7822
f 7822 7823 8065 8064
f 8064 8065 8307 8306
f 8306 8307 8549 8548
f 8548 8549 8791 8790
f 8790 8791 9033 9032
f 9032 9033 9275 9274
f 9274 9275 9517 9516
f 9516 9517 9759 9758
f 9758 9759 2257 2256
f 2257 2258 2500 2499
f 2258 2259 2501 2500
f 2259 2260 2502 2501
f 2260 2261 2503 2502
f 2261 2262 2504 2503
f 2262 2263 2505 2504
f 2263 2264 2506 2505
f 2264 2265 2507 2506
f 2499 2500 2742 2741
f 2500 2501 2743 2742
f 2501 2502 2744 2743
f 2502 2503 2745 2744
f 2503 2504 2746 2745
f 2504 2505 2747 2746
f 2505 2506 2748 2747
f 2506 2507 2749 2748
f 2741 2742 2984 2983
f 2742 2743 2985 2984
f 2743 2744 2986 2985
f 2744 2745 2987 2986
f 2745 2746 2988 2987
f 2746 2747 2989 2988
f 2747 2748 2990 2989
f 2748 2749 2991 2990
f 2983 2984 3226 3225
f 2984 2985 3227 3226
f 2985 2986 3228 3227
f 2986 2987 3229 3228
f 2987 2988 3230 3229
f 2988 2989 3231 3230
f 2989 2990 3232 3231
f 2990 2991 3233 3232
f 3225 3226 3468 3467
f 3226 3227 3469 3468
f 3227 3228 3470 3469
f 3228 3229 3471 3470
f 3229 3230 3472 3471
f 3230 3231 3473 3472
f 3231 3232 3474 3473
f 3232 3233 3475 3474
f 3467 3468 3710 3709
f 3468 3469 3711 3710
f 3469 3470 3712 3711
f 3470 3471 3713 3712
f 3471 3472 3714 3713
f 3472 3473 3715 3714
f 3473 3474 3716 3715
f 3474 3475 3717 3716
f 3709 3710 3952 3951
f 3710 3711 3953 3952
f 3711 3712 3954 3953
f 3712 3713 3955 3954
f 3713 3714 3956 3955
f 3714 3715 3957 3956
f 3715 3716 3958 3957
f 3716 3717 3959 3958
f 3951 3952 4194 4193
f 3952 3953 4195 4194
f 3953 3954 4196 4195
f 3954 3955 4197 4196
f 3955 3956 4198 4197
f 3956 3957 4199 4198
f 3957 3958 4200 4199
f 3958 3959 4201 4200
f 4193 4194 4436 4435
f 4194 4195 4437 4436
f 4195 4196 4438 4437
f 4196 4197 4439 4438
f 4197 4198 4440 4439
f 4198 4199 4441 4440
f 4199 4200 4442 4441
f 4200 4201 4443 4442
f 4435 4436 4678 4677
f 4436 4437 4679 4678
f 4437 4438 4680 4679
f 4438 4439 4681 4680
f 4439 4440 4682 4681
f 4440 4441 4683 4682
f 4441 4442 4684 4683
f 4442 4443 4685 4684
f 4677 4678 4920 4919
f 4678 4679 4921 4920
f 4679 4680 4922 4921
f 4680 4681 4923 4922
f 4681 4682 4924 4923
f 4682 4683 4925 4924
f 4683 4684 4926 4925
f 4684 4685 4927 4926
f 4919 4920 5162 5161
f 4920 4921 5163 5162
f 4921 4922 5164 5163
f 4922 4923 5165 5164
f 4923 4924 5166 5165
f 4924 4925 5167 5166
f 4925 4926 5168 5167
f 4926 4927 5169 5168
f 5161 5162 5404 5403
f 5162 5163 5405 5404
f 5163 5164 5406 5405
f 5164 5165 5407 5406
f 5165 5166 5408 5407
f 5166 5167 5409 5408
f 5167 5168 5410 5409
f 5168 5169 5411 5410
f 5403 5404 5646 5645
f 5404 5405 5647 5646
f 5405 5406 5648 5647
f 5406 5407 5649 5648
f 5407 5408 5650 5649
f 5408 5409 5651 5650
f 5409 5410 5652 5651
f 5410 5411 5653 5652
f 5645 5646 5888 5887
f 5646 5647 5889 5888
f 5647 5648 5890 5889
f 5648 5649 5891 5890
f 5649 5650 5892 5891
f 5650 5651 5893 5892
f 5651 5652 5894 5893
f 5652 5653 5895 5894
f 5887 5888 6130 6129
f 5888 5889 6131 6130
f 5889 5890 6132 6131
f 5890 5891 6133 6132
f 5891 5892 6134 6133
f 5892 5893 6135 6134
f 5893 5894 6136 6135
f 5894 5895 6137 6136
f 6129 6130 6372 6371
f 6130 6131 6373 6372
f 6131 6132 6374 6373
f 6132 6133 6375 6374
f 6133 6134 6376 6375
f 6134 6135 6377 6376
f 6135 6136 6378 6377
f 6136 6137 6379 6378
f 6371 6372 6614 6613
f 6372 6373 6615 6614
f 6373 6374 6616 6615
f 6374 6375 6617 6616
f 6375 6376 6618 6617
f 6376 6377 6619 6618
f 6377 6378 6620 6619
f 6378 6379 6621 6620
f 6613 6614 6856 6855
f 6614 6615 6857 6856
f 6615 6616 6858 6857
f 6616 6617 6859 6858
f 6617 6618 6860 6859
f 6618 6619 6861 6860
f 6619 6620 6862 6861
f 6620 6621 6863 6862
f 6855 6856 7098 7097
f 6856 6857 7099 7098
f 6857 6858 7100 7099
f 6858 6859 7101 7100
f 6859 6860 7102 7101
f 6860 6861 7103 7102
f 6861 6862 7104 7103
f 6862 6863 7105 7104
f 7097 7098 7340 7339
f 7098 7099 7341 7340
f 7099 7100 7342 7341
f 7100 7101 7343 7342
f 7101 7102 7344 7343
f 7102 7103 7345 7344
f 7103 7104 7346 7345
f 7104 7105 7347 7346
f 7339 7340 7582 7581
f 7340 7341 7583 7582
f 7341 7342 7584 7583
f 7342 7343 7585 7584
f 7343 7344 7586 7585
f 7344 7345 7587 7586
f 7345 7346 7588 7587
f 7346 7347 7589 7588
f 7581 7582 7824 7823
f 7582 7583 7825 7824
f 7583 7584 7826 7825
f 7584 7585 7827 7826
f 7585 7586 7828 7827
f 7586 7587 7829 7828
f 7587 7588 7830 7829
f 7588 7589 7831 7830
f 7823 7824 8066 8065
f 7824 7825 8067 8066
f 7825 7826 8068 8067
f 7826 7827 8069 8068
f 7827 7828 8070 8069
f 7828 7829 8071 8070
f 7829 7830 8072 8071
f 7830 7831 8073 8072
f 8065 8066 8308 8307
f 8066 8067 8309 8308
f 8067 8068 8310 8309
f 8068 8069 8311 8310
f 8069 8070 8312 8311
f 8070 8071 8313 8312
f 8071 8072 8314 8313
f 8072 8073 8315 8314
f 8307 8308 8550 8549
f 8308 8309 8551 8550
f 8309 8310 8552 8551
f 8310 8311 8553 8552
f 8311 8312 8554 8553
f 8312 8313 8555 8554
f 8313 8314 8556 8555
f 8314 8315 8557 8556
f 8549 8550 8792 8791
f 8550 8551 8793 8792
f 8551 8552 8794 8793
f 8552 8553 8795 8794
f 8553 8554 8796 8795
f 8554 8555 8797 8796
f 8555 8556 8798 8797
f 8556 8557 8799 8798
f 8791 8792 9034 9033
f 8792 8793 9035 9034
f 8793 8794 9036 9035
f 8794 8795 9037 9036
f 8795 8796 9038 9037
f 8796 8797 9039 9038
f 8797 8798 9040 9039
f 8798 8799 9041 9040
f 9033 9034 9276 9275
f 9034 9035 9277 9276
f 9035 9036 9278 9277
f 9036 9037 9279 9278
f 9037 9038 9280 9279
f 9038 9039 9281 9280
f 9039 9040 9282 9281
f 9040 9041 9283 9282
f 9275 9276 9518 9517
f 9276 9277 9519 9518
f 9277 9278 9520 9519
f 9278 9279 9521 9520
f 9279 9280 9522 9521
f 9280 9281 9523 9522
f 9281 9282 9524 9523
f 9282 9283 9525 9524
f 9517 9518 9760 9759
f 9518 9519 9761 9760
f 9519 9520 9762 9761
f 9520 9521 9763 9762
f 9521 9522 9764 9763
f 9522 9523 9765 9764
f 9523 9524 9766 9765
f 9524 9525 9767 9766
f 9759 9760 2258 2257
f 9760 9761 2259 2258
f 9761 9762 2260 2259
f 9762 9763 2261 2260
f 9763 9764 2262 2261
f 9764 9765 2263 2262
f 9765 9766 2264 2263
f 9766 9767 2265 2264
f 2265 2266 2508 2507
f 2266 2267 2509 2508
f 2267 2268 2510 2509
f 2268 2269 2511 2510
f 2269 2270 2512 2511
f 2270 2271 2513 2512
f 2271 2272 2514 2513
f 2272 2273 2515 2514
f 2507 2508 2750 2749
f 2508 2509 2751 2750
f 2509 2510 2752 2751
f 2510 2511 2753 2752
f 2511 2512 2754 2753
f 2512 2513 2755 2754
f 2513 2514 2756 2755
f 2514 2515 2757 2756
f 2749 2750 2992 2991
f 2750 2751 2993 2992
f 2751 2752 2994 2993
f 2752 2753 2995 2994
f 2753 2754 2996 2995
f 2754 2755 2997 2996
f 2755 2756 2998 2997
f 2756 2757 2999 2998
f 2991 2992 3234 3233
f 2992 2993 3235 3234
f 2993 2994 3236 3235
f 2994 2995 3237 3236
f 2995 2996 3238 3237
f 2996 2997 3239 3238
f 2997 2998 3240 3239
f 2998 2999 3241 3240
f 3233 3234 3476 3475
f 3234 3235 3477 3476
f 3235 3236 3478 3477
f 3236 3237 3479 3478
f 3237 3238 3480 3479
f 3238 3239 3481 3480
f 3239 3240 3482 3481
f 3240 3241 3483 3482
f 3475 3476 3718 3717
f 3476 3477 3719 3718
f 3477 3478 3720 3719
f 3478 3479 3721 3720
f 3479 3480 3722 3721
f 3480 3481 3723 3722
f 3481 3482 3724 3723
f 3482 3483 3725 3724
f 3717 3718 3960 3959
f 3718 3719 3961 3960
f 3719 3720 3962 3961
f 3720 3721 3963 3962
f 3721 3722 3964 3963
f 3722 3723 3965 3964
f 3723 3724 3966 3965
f 3724 3725 3967 3966
f 3959 3960 4202 4201
f 3960 3961 4203 4202
f 3961 3962 4204 4203
f 3962 3963 4205 4204
f 3963 3964 4206 4205
f 3964 3965 4207 4206
f 3965 3966 4208 4207
f 3966 3967 4209 4208
f 4201 4202 4444 4443
f 4202 4203 4445 4444
f 4203 4204 4446 4445
f 4204 4205 4447 4446
f 4205 4206 4448 4447
f 4206 4207 4449 4448
f 4207 4208 4450 4449
f 4208 4209 4451 4450
f 4443 4444 4686 4685
f 4444 4445 4687 4686
f 4445 4446 4688 4687
f 4446 4447 4689 4688
f 4447 4448 4690 4689
f 4448 4449 4691 4690
f 4449 4450 4692 4691
f 4450 4451 4693 4692
f 4685 4686 4928 4927
f 4686 4687 4929 4928
f 4687 4688 4930 4929
f 4688 4689 4931 4930
f 4689 4690 4932 4931
f 4690 4691 4933 4932
f 4691 4692 4934 4933
f 4692 4693 4935 4934
f 4927 4928 5170 5169
f 4928 4929 5171 5170
f 4929 4930 5172 5171
f 4930 4931 5173 5172
f 4931 4932 5174 5173
f 4932 4933 5175 5174
f 4933 4934 5176 5175
f 4934 4935 5177 5176
f 5169 5170 5412 5411
f 5170 5171 5413 5412
f 5171 5172 5414 5413
f 5172 5173 5415 5414
f 5173 5174 5416 5415
f 5174 5175 5417 5416
f 5175 5176 5418 5417
f 5176 5177 5419 5418
f 5411 5412 5654 5653
f 5412 5413 5655 5654
f 5413 5414 5656 5655
f 5414 5415 5657 5656
f 5415 5416 5658 5657
f 5416 5417 5659 5658
f 5417 5418 5660 5659
f 5418 5419 5661 5660
f 5653 5654 5896 5895
f 5654 5655 5897 5896
f 5655 5656 5898 5897
f 5656 5657 5899 5898
f 5657 5658 5900 5899
f 5658 5659 5901 5900
f 5659 5660 5902 5901
f 5660 5661 5903 5902
f 5895 5896 6138 6137
f 5896 5897 6139 6138
f 5897 5898 6140 6139
f 5898 5899 6141 6140
f 5899 5900 6142 6141
f 5900 5901 6143 6142
f 5901 5902 6144 6143
f 5902 5903 6145 6144
f 6137 6138 6380 6379
f 6138 6139 6381 6380
f 6139 6140 6382 6381
f 6140 6141 6383 6382
f 6141 6142 6384 6383
f 6142 6143 6385 6384
f 6143 6144 6386 6385
f 6144 6145 6387 6386
f 6379 6380 6622 6621
f 6380 6381 6623 6622
f 6381 6382 6624 6623
f 6382 6383 6625 6624
f 6383 6384 6626 6625
f 6384 6385 6627 6626
f 6385 6386 6628 6627
f 6386 6387 6629 6628
f 6621 6622 6864 6863
f 6622 6623 6865 6864
f 6623 6624 6866 6865
f 6624 6625 6867 6866
f 6625 6626 6868 6867
f 6626 6627 6869 6868
f 6627 6628 6870 6869
f 6628 6629 6871 6870
f 6863 6864 7106 7105
f 6864 6865 7107 7106
f 6865 6866 7108 7107
f 6866 6867 7109 7108
f 6867 6868 7110 7109
f 6868 6869 7111 7110
f 6869 6870 7112 7111
f 6870 6871 7113 7112
f 7105 7106 7348 7347
f 7106 7107 7349 7348
f 7107 7108 7350 7349
f 7108 7109 7351 7350
f 7109 7110 7352 7351
f 7110 7111 7353 7352
f 7111 7112 7354 7353
f 7112 7113 7355 7354
f 7347 7348 7590 7589
f 7348 7349 7591 7590
f 7349 7350 7592 7591
f 7350 7351 7593 7592
f 7351 7352 7594 7593
f 7352 7353 7595 7594
f 7353 7354 7596 7595
f 7354 7355 7597 7596
f 7589 7590 7832 7831
f 7590 7591 7833 7832
f 7591 7592 7834 7833
f 7592 7593 7835 7834
f 7593 7594 7836 7835
f 7594 7595 7837 7836
f 7595 7596 7838 7837
f 7596 7597 7839 7838
f 7831 7832 8074 8073
f 7832 7833 8075 8074
f 7833 7834 8076 8075
f 7834 7835 8077 8076
f 7835 7836 8078 8077
f 7836 7837 8079 8078
f 7837 7838 8080 8079
f 7838 7839 8081 8080
f 8073 8074 8316 8315
f 8074 8075 8317 8316
f 8075 8076 8318 8317
f 8076 8077 8319 8318
f 8077 8078 8320 8319
f 8078 8079 8321 8320
f 8079 8080 8322 8321
f 8080 8081 8323 8322
f 8315 8316 8558 8557
f 8316 8317 8559 8558
f 8317 8318 8560 8559
f 8318 8319 8561 8560
f 8319 8320 8562 8561
f 8320 8321 8563 8562
f 8321 8322 8564 8563
f 8322 8323 8565 8564
f 8557 8558 8800 8799
f 8558 8559 8801 8800
f 8559 8560 8802 8801
f 8560 8561 8803 8802
f 8561 8562 8804 8803
f 8562 8563 8805 8804
f 8563 8564 8806 8805
f 8564 8565 8807 8806
f 8799 8800 9042 9041
f 8800 8801 9043 9042
f 8801 8802 9044 9043
f 8802 8803 9045 9044
f 8803 8804 9046 9045
f 8804 8805 9047 9046
f 8805 8806 9048 9047
f 8806 8807 9049 9048
f 9041 9042 9284 9283
f 9042 9043 9285 9284
f 9043 9044 9286 9285
f 9044 9045 9287 9286
f 9045 9046 9288 9287
f 9046 9047 9289 9288
f 9047 9048 9290 9289
f 9048 9049 9291 9290
f 9283 9284 9526 9525
f 9284 9285 9527 9526
f 9285 9286 9528 9527
f 9286 9287 9529 9528
f 9287 9288 9530 9529
f 9288 9289 9531 9530
f 9289 9290 9532 9531
f 9290 9291 9533 9532
f 9525 9526 9768 9767
f 9526 9527 9769 9768
f 9527 9528 9770 9769
f 9528 9529 9771 9770
f 9529 9530 9772 9771
f 9530 9531 9773 9772
f 9531 9532 9774 9773
f 9532 9533 9775 9774
f 9767 9768 2266 2265
f 9768 9769 2267 2266
f 9769 9770 2268 2267
f 9770 9771 2269 2268
f 9771 9772 2270 2269
f 9772 9773 2271 2270
f 9773 9774 2272 2271
f 9774 9775 2273 2272
f 2273 2274 2516 2515
f 2274 2275 2517 2516
f 2275 2276 2518 2517
f 2276 2277 2519 2518
f 2277 2278 2520 2519
f 2278 2279 2521 2520
f 2279 2280 2522 2521
f 2280 2281 2523 2522
f 2515 2516 2758 2757
f 2516 2517 2759 2758
f 2517 2518 2760 2759
f 2518 2519 2761 2760
f 2519 2520 2762 2761
f 2520 2521 2763 2762
f 2521 2522 2764 2763
f 2522 2523 2765 2764
f 2757 2758 3000 2999
f 2758 2759 3001 3000
f 2759 2760 3002 3001
f 2760 2761 3003 3002
f 2761 2762 3004 3003
f 2762 2763 3005 3004
f 2763 2764 3006 3005
f 2764 2765 3007 3006
f 2999 3000 3242 3241
f 3000 3001 3243 3242
f 3001 3002 3244 3243
f 3002 3003 3245 3244
f 3003 3004 3246 3245
f 3004 3005 3247 3246
f 3005 3006 3248 3247
f 3006 3007 3249 3248
f 3241 3242 3484 3483
f 3242 3243 3485 3484
f 3243 3244 3486 3485
f 3244 3245 3487 3486
f 3245 3246 3488 3487
f 3246 3247 3489 3488
f 3247 3248 3490 3489
f 3248 3249 3491 3490
f 3483 3484 3726 3725
f 3484 3485 3727 3726
f 3485 3486 3728 3727
f 3486 3487 3729 3728
f 3487 3488 3730 3729
f 3488 3489 3731 3730
f 3489 3490 3732 3731
f 3490 3491 3733 3732
f 3725 3726 3968 3967
f 3726 3727 3969 3968
f 3727 3728 3970 3969
f 3728 3729 3971 3970
f 3729 3730 3972 3971
f 3730 3731 3973 3972
f 3731 3732 3974 3973
f 3732 3733 3975 3974
f 3967 3968 4210 4209
f 3968 3969 4211 4210
f 3969 3970 4212 4211
f 3970 3971 4213 4212
f 3971 3972 4214 4213
f 3972 3973 4215 4214
f 3973 3974 4216 4215
f 3974 3975 4217 4216
f 4209 4210 4452 4451
f 4210 4211 4453 4452
f 4211 4212 4454 4453
f 4212 4213 4455 4454
f 4213 4214 4456 4455
f 4214 4215 4457 4456
f 4215 4216 4458 4457
f 4216 4217 4459 4458
f 4451 4452 4694 4693
f 4452 4453 4695 4694
f 4453 4454 4696 4695
f 4454 4455 4697 4696
f 4455 4456 4698 4697
f 4456 4457 4699 4698
f 4457 4458 4700 4699
f 4458 4459 4701 4700
f 4693 4694 4936 4935
f 4694 4695 4937 4936
f 4695 4696 4938 4937
f 4696 4697 4939 4938
f 4697 4698 4940 4939
f 4698 4699 4941 4940
f 4699 4700 4942 4941
f 4700 4701 4943 4942
f 4935 4936 5178 5177
f 4936 4937 5179 5178
f 4937 4938 5180 5179
f 4938 4939 5181 5180
f 4939 4940 5182 5181
f 4940 4941 5183 5182
f 4941 4942 5184 5183
f 4942 4943 5185 5184
f 5177 5178 5420 5419
f 5178 5179 5421 5420
f 5179 5180 5422 5421
f 5180 5181 5423 5422
f 5181 5182 5424 5423
f 5182 5183 5425 5424
f 5183 5184 5426 5425
f 5184 5185 5427 5426
f 5419 5420 5662 5661
f 5420 5421 5663 5662
f 5421 5422 5664 5663
f 5422 5423 5665 5664
f 5423 5424 5666 5665
f 5424 5425 5667 5666
f 5425 5426 5668 5667
f 5426 5427 5669 5668
f 5661 5662 5904 5903
f 5662 5663 5905 5904
f 5663 5664 5906 5905
f 5664 5665 5907 5906
f 5665 5666 5908 5907
f 5666 5667 5909 5908
f 5667 5668 5910 5909
f 5668 5669 5911 5910
f 5903 5904 6146 6145
f 5904 5905 6147 6146
f 5905 5906 6148 6147
f 5906 5907 6149 6148
f 5907 5908 6150 6149
f 5908 5909 6151 6150
f 5909 5910 6152 6151
f 5910 5911 6153 6152
f 6145 6146 6388 6387
f 6146 6147 6389 6388
f 6147 6148 6390 6389
f 6148 6149 6391 6390
f 6149 6150 6392 6391
f 6150 6151 6393 6392
f 6151 6152 6394 6393
f 6152 6153 6395 6394
f 6387 6388 6630 6629
f 6388 6389 6631 6630
f 6389 6390 6632 6631
f 6390 6391 6633 6632
f 6391 6392 6634 6633
f 6392 6393 6635 6634
f 6393 6394 6636 6635
f 6394 6395 6637 6636
f 6629 6630 6872 6871
f 6630 6631 6873 6872
f 6631 6632 6874 6873
f 6632 6633 6875 6874
f 6633 6634 6876 6875
f 6634 6635 6877 6876
f 6635 6636 6878 6877
f 6636 6637 6879 6878
f 6871 6872 7114 7113
f 6872 6873 7115 7114
f 6873 6874 7116 7115
f 6874 6875 7117 7116
f 6875 6876 7118 7117
f 6876 6877 7119 7118
f 6877 6878 7120 7119
f 6878 6879 7121 7120
f 7113 7114 7356 7355
f 7114 7115 7357 7356
f 7115 7116 7358 7357
f 7116 7117 7359 7358
f 7117 7118 7360 7359
f 7118 7119 7361 7360
f 7119 7120 7362 7361
f 7120 7121 7363 7362
f 7355 7356 7598 7597
f 7356 7357 7599 7598
f 7357 7358 7600 7599
f 7358 7359 7601 7600
f 7359 7360 7602 7601
f 7360 7361 7603 7602
f 7361 7362 7604 7603
f 7362 7363 7605 7604
f 7597 7598 7840 7839
f 7598 7599 7841 7840
f 7599 7600 7842 7841
f 7600 7601 7843 7842
f 7601 7602 7844 7843
f 7602 7603 7845 7844
f 7603 7604 7846 7845
f 7604 7605 7847 7846
f 7839 7840 8082 8081
f 7840 7841 8083 8082
f 7841 7842 8084 8083
f 7842 7843 8085 8084
f 7843 7844 8086 8085
f 7844 7845 8087 8086
f 7845 7846 8088 8087
f 7846 7847 8089 8088
f 8081 8082 8324 8323
f 8082 8083 8325 8324
f 8083 8084 8326 8325
f 8084 8085 8327 8326
f 8085 8086 8328 8327
f 8086 8087 8329 8328
f 8087 8088 8330 8329
f 8088 8089 8331 8330
f 8323 8324 8566 8565
f 8324 8325 8567 8566
f 8325 8326 8568 8567
f 8326 8327 8569 8568
f 8327 8328 8570 8569
f 8328 8329 8571 8570
f 8329 8330 8572 8571
f 8330 8331 8573 8572
f 8565 8566 8808 8807
f 8566 8567 8809 8808
f 8567 8568 8810 8809
f 8568 8569 8811 8810
f 8569 8570 8812 8811
f 8570 8571 8813 8812
f 8571 8572 8814 8813
f 8572 8573 8815 8814
f 8807 8808 9050 9049
f 8808 8809 9051 9050
f 8809 8810 9052 9051
f 8810 8811 9053 9052
f 8811 8812 9054 9053
f 8812 8813 9055 9054
f 8813 8814 9056 9055
f 8814 8815 9057 9056
f 9049 9050 9292 9291
f 9050 9051 9293 9292
f 9051 9052 9294 9293
f 9052 9053 9295 9294
f 9053 9054 9296 9295
f 9054 9055 9297 9296
f 9055 9056 9298 9297
f 9056 9057 9299 9298
f 9291 9292 9534 9533
f 9292 9293 9535 9534
f 9293 9294 9536 9535
f 9294 9295 9537 9536
f 9295 9296 9538 9537
f 9296 9297 9539 9538
f 9297 9298 9540 9539
f 9298 9299 9541 9540
f 9533 9534 9776 9775
f 9534 9535 9777 9776
f 9535 9536 9778 9777
f 9536 9537 9779 9778
f 9537 9538 9780 9779
f 9538 9539 9781 9780
f 9539 9540 9782 9781
f 9540 9541 9783 9782
f 9775 9776 2274 2273
f 9776 9777 2275 2274
f 9777 9778 2276 2275
f 9778 9779 2277 2276
f 9779 9780 2278 2277
f 9780 9781 2279 2278
f 9781 9782 2280 2279
f 9782 9783 2281 2280
f 2281 2282 2524 2523
f 2282 2283 2525 2524
f 2283 2284 2526 2525
f 2284 2285 2527 2526
f 2285 2286 2528 2527
f 2286 2287 2529 2528
f 2287 2288 2530 2529
f 2288 2289 2531 2530
f 2523 2524 2766 2765
f 2524 2525 2767 2766
f 2525 2526 2768 2767
f 2526 2527 2769 2768
f 2527 2528 2770 2769
f 2528 2529 2771 2770
f 2529 2530 2772 2771
f 2530 2531 2773 2772
f 2765 2766 3008 3007
f 2766 2767 3009 3008
f 2767 2768 3010 3009
f 2768 2769 3011 3010
f 2769 2770 3012 3011
f 2770 2771 3013 3012
f 2771 2772 3014 3013
f 2772 2773 3015 3014
f 3007 3008 3250 3249
f 3008 3009 3251 3250
f 3009 3010 3252 3251
f 3010 3011 3253 3252
f 3011 3012 3254 3253
f 3012 3013 3255 3254
f 3013 3014 3256 3255
f 3014 3015 3257 3256
f 3249 3250 3492 3491
f 3250 3251 3493 3492
f 3251 3252 3494 3493
f 3252 3253 3495 3494
f 3253 3254 3496 3495
f 3254 3255 3497 3496
f 3255 3256 3498 3497
f 3256 3257 3499 3498
f 3491 3492 3734 3733
f 3492 3493 3735 3734
f 3493 3494 3736 3735
f 3494 3495 3737 3736
f 3495 3496 3738 3737
f 3496 3497 3739 3738
f 3497 3498 3740 3739
f 3498 3499 3741 3740
f 3733 3734 3976 3975
f 3734 3735 3977 3976
f 3735 3736 3978 3977
f 3736 3737 3979 3978
f 3737 3738 3980 3979
f 3738 3739 3981 3980
f 3739 3740 3982 3981
f 3740 3741 3983 3982
f 3975 3976 4218 4217
f 3976 3977 4219 4218
f 3977 3978 4220 4219
f 3978 3979 4221 4220
f 3979 3980 4222 4221
f 3980 3981 4223 4222
f 3981 3982 4224 4223
f 3982 3983 4225 4224
f 4217 4218 4460 4459
f 4218 4219 4461 4460
f 4219 4220 4462 4461
f 4220 4221 4463 4462
f 4221 4222 4464 4463
f 4222 4223 4465 4464
f 4223 4224 4466 4465
f 4224 4225 4467 4466
f 4459 4460 4702 4701
f 4460 4461 4703 4702
f 4461 4462 4704 4703
f 4462 4463 4705 4704
f 4463 4464 4706 4705
f 4464 4465 4707 4706
f 4465 4466 4708 4707
f 4466 4467 4709 4708
f 4701 4702 4944 4943
f 4702 4703 4945 4944
f 4703 4704 4946 4945
f 4704 4705 4947 4946
f 4705 4706 4948 4947
f 4706 4707 4949 4948
f 4707 4708 4950 4949
f 4708 4709 4951 4950
f 4943 4944 5186 5185
f 4944 4945 5187 5186
f 4945 4946 5188 5187
f 4946 4947 5189 5188
f 4947 4948 5190 5189
f 4948 4949 5191 5190
f 4949 4950 5192 5191
f 4950 4951 5193 5192
f 5185 5186 5428 5427
f 5186 5187 5429 5428
f 5187 5188 5430 5429
f 5188 5189 5431 5430
f 5189 5190 5432 5431
f 5190 5191 5433 5432
f 5191 5192 5434 5433
f 5192 5193 5435 5434
f 5427 5428 5670 5669
f 5428 5429 5671 5670
f 5429 5430 5672 5671
f 5430 5431 5673 5672
f 5431 5432 5674 5673
f 5432 5433 5675 5674
f 5433 5434 5676 5675
f 5434 5435 5677 5676
f 5669 5670 5912 5911
f 5670 5671 5913 5912
f 5671 5672 5914 5913
f 5672 5673 5915 5914
f 5673 5674 5916 5915
f 5674 5675 5917 5916
f 5675 5676 5918 5917
f 5676 5677 5919 5918
f 5911 5912 6154 6153
f 5912 5913 6155 6154
f 5913 5914 6156 6155
f 5914 5915 6157 6156
f 5915 5916 6158 6157
f 5916 5917 6159 6158
f 5917 5918 6160 6159
f 5918 5919 6161 6160
f 6153 6154 6396 6395
f 6154 6155 6397 6396
f 6155 6156 6398 6397
f 6156 6157 6399 6398
f 6157 6158 6400 6399
f 6158 6159 6401 6400
f 6159 6160 6402 6401
f 6160 6161 6403 6402
f 6395 6396 6638 6637
f 6396 6397 6639 6638
f 6397 6398 6640 6639
f 6398 6399 6641 6640
f 6399 6400 6642 6641
f 6400 6401 6643 6642
f 6401 6402 6644 6643
f 6402 6403 6645 6644
f 6637 6638 6880 6879
f 6638 6639 6881 6880
f 6639 6640 6882 6881
f 6640 6641 6883 6882
f 6641 6642 6884 6883
f 6642 6643 6885 6884
f 6643 6644 6886 6885
f 6644 6645 6887 6886
f 6879 6880 7122 7121
f 6880 6881 7123 7122
f 6881 6882 7124 7123
f 6882 6883 7125 7124
f 6883 6884 7126 7125
f 6884 6885 7127 7126
f 6885 6886 7128 7127
f 6886 6887 7129 7128
f 7121 7122 7364 7363
f 7122 7123 7365 7364
f 7123 7124 7366 7365
f 7124 7125 7367 7366
f 7125 7126 7368 7367
f 7126 7127 7369 7368
f 7127 7128 7370 7369
f 7128 7129 7371 7370
f 7363 7364 7606 7605
f 7364 7365 7607 7606
f 7365 7366 7608 7607
f 7366 7367 7609 7608
f 7367 7368 7610 7609
f 7368 7369 7611 7610
f 7369 7370 7612 7611
f 7370 7371 7613 7612
f 7605 7606 7848 7847
f 7606 7607 7849 7848
f 7607 7608 7850 7849
f 7608 7609 7851 7850
f 7609 7610 7852 7851
f 7610 7611 7853 7852
f 7611 7612 7854 7853
f 7612 7613 7855 7854
f 7847 7848 8090 8089
f 7848 7849 8091 8090
f 7849 7850 8092 8091
f 7850 7851 8093 8092
f 7851 7852 8094 8093
f 7852 7853 8095 8094
f 7853 7854 8096 8095
f 7854 7855 8097 8096
f 8089 8090 8332 8331
f 8090 8091 8333 8332
f 8091 8092 8334 8333
f 8092 8093 8335 8334
f 8093 8094 8336 8335
f 8094 8095 8337 8336
f 8095 8096 8338 8337
f 8096 8097 8339 8338
f 8331 8332 8574 8573
f 8332 8333 8575 8574
f 8333 8334 8576 8575
f 8334 8335 8577 8576
f 8335 8336 8578 8577
f 8336 8337 8579 8578
f 8337 8338 8580 8579
f 8338 8339 8581 8580
f 8573 8574 8816 8815
f 8574 8575 8817 8816
f 8575 8576 8818 8817
f 8576 8577 8819 8818
f 8577 8578 8820 8819
f 8578 8579 8821 8820
f 8579 8580 8822 8821
f 8580 8581 8823 8822
f 8815 8816 9058 9057
f 8816 8817 9059 9058
f 8817 8818 9060 9059
f 8818 8819 9061 9060
f 8819 8820 9062 9061
f 8820 8821 9063 9062
f 8821 8822 9064 9063
f 8822 8823 9065 9064
f 9057 9058 9300 9299
f 9058 9059 9301 9300
f 9059 9060 9302 9301
f 9060 9061 9303 9302
f 9061 9062 9304 9303
f 9062 9063 9305 9304
f 9063 9064 9306 9305
f 9064 9065 9307 9306
f 9299 9300 9542 9541
f 9300 9301 9543 9542
f 9301 9302 9544 9543
f 9302 9303 9545 9544
f 9303 9304 9546 9545
f 9304 9305 9547 9546
f 9305 9306 9548 9547
f 9306 9307 9549 9548
f 9541 9542 9784 9783
f 9542 9543 9785 9784
f 9543 9544 9786 9785
f 9544 9545 9787 9786
f 9545 9546 9788 9787
f 9546 9547 9789 9788
f 9547 9548 9790 9789
f 9548 9549 9791 9790
f 9783 9784 2282 2281
f 9784 9785 2283 2282
f 9785 9786 2284 2283
f 9786 9787 2285 2284
f 9787 9788 2286 2285
f 9788 9789 2287 2286
f 9789 9790 2288 2287
f 9790 9791 2289 2288
f 2289 2290 2532 2531
f 2290 2291 2533 2532
f 2291 2292 2534 2533
f 2292 2293 2535 2534
f 2293 2294 2536 2535
f 2294 2295 2537 2536
f 2295 2296 2538 2537
f 2296 2297 2539 2538
f 2531 2532 2774 2773
f 2532 2533 2775 2774
f 2533 2534 2776 2775
f 2534 2535 2777 2776
f 2535 2536 2778 2777
f 2536 2537 2779 2778
f 2537 2538 2780 2779
f 2538 2539 2781 2780
f 2773 2774 3016 3015
f 2774 2775 3017 3016
f 2775 2776 3018 3017
f 2776 2777 3019 3018
f 2777 2778 3020 3019
f 2778 2779 3021 3020
f 2779 2780 3022 3021
f 2780 2781 3023 3022
f 3015 3016 3258 3257
f 3016 3017 3259 3258
f 3017 3018 3260 3259
f 3018 3019 3261 3260
f 3019 3020 3262 3261
f 3020 3021 3263 3262
f 3021 3022 3264 3263
f 3022 3023 3265 3264
f 3257 3258 3500 3499
f 3258 3259 3501 3500
f 3259 3260 3502 3501
f 3260 3261 3503 3502
f 3261 3262 3504 3503
f 3262 3263 3505 3504
f 3263 3264 3506 3505
f 3264 3265 3507 3506
f 3499 3500 3742 3741
f 3500 3501 3743 3742
f 3501 3502 3744 3743
f 3502 3503 3745 3744
f 3503 3504 3746 3745
f 3504 3505 3747 3746
f 3505 3506 3748 3747
f 3506 3507 3749 3748
f 3741 3742 3984 3983
f 3742 3743 3985 3984
f 3743 3744 3986 3985
f 3744 3745 3987 3986
f 3745 3746 3988 3987
f 3746 3747 3989 3988
f 3747 3748 3990 3989
f 3748 3749 3991 3990
f 3983 3984 4226 4225
f 3984 3985 4227 4226
f 3985 3986 4228 4227
f 3986 3987 4229 4228
f 3987 3988 4230 4229
f 3988 3989 4231 4230
f 3989 3990 4232 4231
f 3990 3991 4233 4232
f 4225 4226 4468 4467
f 4226 4227 4469 4468
f 4227 4228 4470 4469
f 4228 4229 4471 4470
f 4229 4230 4472 4471
f 4230 4231 4473 4472
f 4231 4232 4474 4473
f 4232 4233 4475 4474
f 4467 4468 4710 4709
f 4468 4469 4711 4710
f 4469 4470 4712 4711
f 4470 4471 4713 4712
f 4471 4472 4714 4713
f 4472 4473 4715 4714
f 4473 4474 4716 4715
f 4474 4475 4717 4716
f 4709 4710 4952 4951
f 4710 4711 4953 4952
f 4711 4712 4954 4953
f 4712 4713 4955 4954
f 4713 4714 4956 4955
f 4714 4715 4957 4956
f 4715 4716 4958 4957
f 4716 4717 4959 4958
f 4951 4952 5194 5193
f 4952 4953 5195 5194
f 4953 4954 5196 5195
f 4954 4955 5197 5196
f 4955 4956 5198 5197
f 4956 4957 5199 5198
f 4957 4958 5200 5199
f 4958 4959 5201 5200
f 5193 5194 5436 5435
f 5194 5195 5437 5436
f 5195 5196 5438 5437
f 5196 5197 5439 5438
f 5197 5198 5440 5439
f 5198 5199 5441 5440
f 5199 5200 5442 5441
f 5200 5201 5443 5442
f 5435 5436 5678 5677
f 5436 5437 5679 5678
f 5437 5438 5680 5679
f 5438 5439 5681 5680
f 5439 5440 5682 5681
f 5440 5441 5683 5682
f 5441 5442 5684 5683
f 5442 5443 5685 5684
f 5677 5678 5920 5919
f 5678 5679 5921 5920
f 5679 5680 5922 5921
f 5680 5681 5923 5922
f 5681 5682 5924 5923
f 5682 5683 5925 5924
f 5683 5684 5926 5925
f 5684 5685 5927 5926
f 5919 5920 6162 6161
f 5920 5921 6163 6162
f 5921 5922 6164 6163
f 5922 5923 6165 6164
f 5923 5924 6166 6165
f 5924 5925 6167 6166
f 5925 5926 6168 6167
f 5926 5927 6169 6168
f 6161 6162 6404 6403
f 6162 6163 6405 6404
f 6163 6164 6406 6405
f 6164 6165 6407 6406
f 6165 6166 6408 6407
f 6166 6167 6409 6408
f 6167 6168 6410 6409
f 6168 6169 6411 6410
f 6403 6404 6646 6645
f 6404 6405 6647 6646
f 6405 6406 6648 6647
f 6406 6407 6649 6648
f 6407 6408 6650 6649
f 6408 6409 6651 6650
f 6409 6410 6652 6651
f 6410 6411 6653 6652
f 6645 6646 6888 6887
f 6646 6647 6889 6888
f 6647 6648 6890 6889
f 6648 6649 6891 6890
f 6649 6650 6892 6891
f 6650 6651 6893 6892
f 6651 6652 6894 6893
f 6652 6653 6895 6894
f 6887 6888 7130 7129
f 6888 6889 7131 7130
f 6889 6890 7132 7131
f 6890 6891 7133 7132
f 6891 6892 7134 7133
f 6892 6893 7135 7134
f 6893 6894 7136 7135
f 6894 6895 7137 7136
f 7129 7130 7372 7371
f 7130 7131 7373 7372
f 7131 7132 7374 7373
f 7132 7133 7375 7374
f 7133 7134 7376 7375
f 7134 7135 7377 7376
f 7135 7136 7378 7377
f 7136 7137 7379 7378
f 7371 7372 7614 7613
f 7372 7373 7615 7614
f 7373 7374 7616 7615
f 7374 7375 7617 7616
f 7375 7376 7618 7617
f 7376 7377 7619 7618
f 7377 7378 7620 7619
f 7378 7379 7621 7620
f 7613 7614 7856 7855
f 7614 7615 7857 7856
f 7615 7616 7858 7857
f 7616 7617 7859 7858
f 7617 7618 7860 7859
f 7618 7619 7861 7860
f 7619 7620 7862 7861
f 7620 7621 7863 7862
f 7855 7856 8098 8097
f 7856 7857 8099 8098
f 7857 7858 8100 8099
f 7858 7859 8101 8100
f 7859 7860 8102 8101
f 7860 7861 8103 8102
f 7861 7862 8104 8103
f 7862 7863 8105 8104
f 8097 8098 8340 8339
f 8098 8099 8341 8340
f 8099 8100 8342 8341
f 8100 8101 8343 8342
f 8101 8102 8344 8343
f 8102 8103 8345 8344
f 8103 8104 8346 8345
f 8104 8105 8347 8346
f 8339 8340 8582 8581
f 8340 8341 8583 8582
f 8341 8342 8584 8583
f 8342 8343 8585 8584
f 8343 8344 8586 8585
f 8344 8345 8587 8586
f 8345 8346 8588 8587
f 8346 8347 8589 8588
f 8581 8582 8824 8823
f 8582 8583 8825 8824
f 8583 8584 8826 8825
f 8584 8585 8827 8826
f 8585 8586 8828 8827
f 8586 8587 8829 8828
f 8587 8588 8830 8829
f 8588 8589 8831 8830
f 8823 8824 9066 9065
f 8824 8825 9067 9066
f 8825 8826 9068 9067
f 8826 8827 9069 9068
f 8827 8828 9070 9069
f 8828 8829 9071 9070
f 8829 8830 9072 9071
f 8830 8831 9073 9072
f 9065 9066 9308 9307
f 9066 9067 9309 9308
f 9067 9068 9310 9309
f 9068 9069 9311 9310
f 9069 9070 9312 9311
f 9070 9071 9313 9312
f 9071 9072 9314 9313
f 9072 9073 9315 9314
f 9307 9308 9550 9549
f 9308 9309 9551 9550
f 9309 9310 9552 9551
f 9310 9311 9553 9552
f 9311 9312 9554 9553
f 9312 9313 9555 9554
f 9313 9314 9556 9555
f 9314 9315 9557 9556
f 9549 9550 9792 9791
f 9550 9551 9793 9792
f 9551 9552 9794 9793
f 9552 9553 9795 9794
f 9553 9554 9796 9795
f 9554 9555 9797 9796
f 9555 9556 9798 9797
f 9556 9557 9799 9798
f 9791 9792 2290 2289
f 9792 9793 2291 2290
f 9793 9794 2292 2291
f 9794 9795 2293 2292
f 9795 9796 2294 2293
f 9796 9797 2295 2294
f 9797 9798 2296 2295
f 9798 9799 2297 2296
f 2297 2298 2540 2539
f 2298 2299 2541 2540
f 2299 2300 2542 2541
f 2300 2301 2543 2542
f 2301 2302 2544 2543
f 2302 2303 2545 2544
f 2303 2304 2546 2545
f 2304 2305 2547 2546
f 2539 2540 2782 2781
f 2540 2541 2783 2782
f 2541 2542 2784 2783
f 2542 2543 2785 2784
f 2543 2544 2786 2785
f 2544 2545 2787 2786
f 2545 2546 2788 2787
f 2546 2547 2789 2788
f 2781 2782 3024 3023
f 2782 2783 3025 3024
f 2783 2784 3026 3025
f 2784 2785 3027 3026
f 2785 2786 3028 3027
f 2786 2787 3029 3028
f 2787 2788 3030 3029
f 2788 2789 3031 3030
f 3023 3024 3266 3265
f 3024 3025 3267 3266
f 3025 3026 3268 3267
f 3026 3027 3269 3268
f 3027 3028 3270 3269
f 3028 3029 3271 3270
f 3029 3030 3272 3271
f 3030 3031 3273 3272
f 3265 3266 3508 3507
f 3266 3267 3509 3508
f 3267 3268 3510 3509
f 3268 3269 3511 3510
f 3269 3270 3512 3511
f 3270 3271 3513 3512
f 3271 3272 3514 3513
f 3272 3273 3515 3514
f 3507 3508 3750 3749
f 3508 3509 3751 3750
f 3509 3510 3752 3751
f 3510 3511 3753 3752
f 3511 3512 3754 3753
f 3512 3513 3755 3754
f 3513 3514 3756 3755
f 3514 3515 3757 3756
f 3749 3750 3992 3991
f 3750 3751 3993 3992
f 3751 3752 3994 3993
f 3752 3753 3995 3994
f 3753 3754 3996 3995
f 3754 3755 3997 3996
f 3755 3756 3998 3997
f 3756 3757 3999 3998
f 3991 3992 4234 4233
f 3992 3993 4235 4234
f 3993 3994 4236 4235
f 3994 3995 4237 4236
f 3995 3996 4238 4237
f 3996 3997 4239 4238
f 3997 3998 4240 4239
f 3998 3999 4241 4240
f 4233 4234 4476 4475
f 4234 4235 4477 4476
f 4235 4236 4478 4477
f 4236 4237 4479 4478
f 4237 4238 4480 4479
f 4238 4239 4481 4480
f 4239 4240 4482 4481
f 4240 4241 4483 4482
f 4475 4476 4718 4717
f 4476 4477 4719 4718
f 4477 4478 4720 4719
f 4478 4479 4721 4720
f 4479 4480 4722 4721
f 4480 4481 4723 4722
f 4481 4482 4724 4723
f 4482 4483 4725 4724
f 4717 4718 4960 4959
f 4718 4719 4961 4960
f 4719 4720 4962 4961
f 4720 4721 4963 4962
f 4721 4722 4964 4963
f 4722 4723 4965 4964
f 4723 4724 4966 4965
f 4724 4725 4967 4966
f 4959 4960 5202 5201
f 4960 4961 5203 5202
f 4961 4962 5204 5203
f 4962 4963 5205 5204
f 4963 4964 5206 5205
f 4964 4965 5207 5206
f 4965 4966 5208 5207
f 4966 4967 5209 5208
f 5201 5202 5444 5443
f 5202 5203 5445 5444
f 5203 5204 5446 5445
f 5204 5205 5447 5446
f 5205 5206 5448 5447
f 5206 5207 5449 5448
f 5207 5208 5450 5449
f 5208 5209 5451 5450
f 5443 5444 5686 5685
f 5444 5445 5687 5686
f 5445 5446 5688 5687
f 5446 5447 5689 5688
f 5447 5448 5690 5689
f 5448 5449 5691 5690
f 5449 5450 5692 5691
f 5450 5451 5693 5692
f 5685 5686 5928 5927
f 5686 5687 5929 5928
f 5687 5688 5930 5929
f 5688 5689 5931 5930
f 5689 5690 5932 5931
f 5690 5691 5933 5932
f 5691 5692 5934 5933
f 5692 5693 5935 5934
f 5927 5928 6170 6169
f 5928 5929 6171 6170
f 5929 5930 6172 6171
f 5930 5931 6173 6172
f 5931 5932 6174 6173
f 5932 5933 6175 6174
f 5933 5934 6176 6175
f 5934 5935 6177 6176
f 6169 6170 6412 6411
f 6170 6171 6413 6412
f 6171 6172 6414 6413
f 6172 6173 6415 6414
f 6173 6174 6416 6415
f 6174 6175 6417 6416
f 6175 6176 6418 6417
f 6176 6177 6419 6418
f 6411 6412 6654 6653
f 6412 6413 6655 6654
f 6413 6414 6656 6655
f 6414 6415 6657 6656
f 6415 6416 6658 6657
f 6416 6417 6659 6658
f 6417 6418 6660 6659
f 6418 6419 6661 6660
f 6653 6654 6896 6895
f 6654 6655 6897 6896
f 6655 6656 6898 6897
f 6656 6657 6899 6898
f 6657 6658 6900 6899
f 6658 6659 6901 6900
f 6659 6660 6902 6901
f 6660 6661 6903 6902
f 6895 6896 7138 7137
f 6896 6897 7139 7138
f 6897 6898 7140 7139
f 6898 6899 7141 7140
f 6899 6900 7142 7141
f 6900 6901 7143 7142
f 6901 6902 7144 7143
f 6902 6903 7145 7144
f 7137 7138 7380 7379
f 7138 7139 7381 7380
f 7139 7140 7382 7381
f 7140 7141 7383 7382
f 7141 7142 7384 7383
f 7142 7143 7385 7384
f 7143 7144 7386 7385
f 7144 7145 7387 7386
f 7379 7380 7622 7621
f 7380 7381 7623 7622
f 7381 7382 7624 7623
f 7382 7383 7625 7624
f 7383 7384 7626 7625
f 7384 7385 7627 7626
f 7385 7386 7628 7627
f 7386 7387 7629 7628
f 7621 7622 7864 7863
f 7622 7623 7865 7864
f 7623 7624 7866 7865
f 7624 7625 7867 7866
f 7625 7626 7868 7867
f 7626 7627 7869 7868
f 7627 7628 7870 7869
f 7628 7629 7871 7870
f 7863 7864 8106 8105
f 7864 7865 8107 8106
f 7865 7866 8108 8107
f 7866 7867 8109 8108
f 7867 7868 8110 8109
f 7868 7869 8111 8110
f 7869 7870 8112 8111
f 7870 7871 8113 8112
f 8105 8106 8348 8347
f 8106 8107 8349 8348
f 8107 8108 8350 8349
f 8108 8109 8351 8350
f 8109 8110 8352 8351
f 8110 8111 8353 8352
f 8111 8112 8354 8353
f 8112 8113 8355 8354
f 8347 8348 8590 8589
f 8348 8349 8591 8590
f 8349 8350 8592 8591
f 8350 8351 8593 8592
f 8351 8352 8594 8593
f 8352 8353 8595 8594
f 8353 8354 8596 8595
f 8354 8355 8597 8596
f 8589 8590 8832 8831
f 8590 8591 8833 8832
f 8591 8592 8834 8833
f 8592 8593 8835 8834
f 8593 8594 8836 8835
f 8594 8595 8837 8836
f 8595 8596 8838 8837
f 8596 8597 8839 8838
f 8831 8832 9074 9073
f 8832 8833 9075 9074
f 8833 8834 9076 9075
f 8834 8835 9077 9076
f 8835 8836 9078 9077
f 8836 8837 9079 9078
f 8837 8838 9080 9079
f 8838 8839 9081 9080
f 9073 9074 9316 9315
f 9074 9075 9317 9316
f 9075 9076 9318 9317
f 9076 9077 9319 9318
f 9077 9078 9320 9319
f 9078 9079 9321 9320
f 9079 9080 9322 9321
f 9080 9081 9323 9322
f 9315 9316 9558 9557
f 9316 9317 9559 9558
f 9317 9318 9560 9559
f 9318 9319 9561 9560
f 9319 9320 9562 9561
f 9320 9321 9563 9562
f 9321 9322 9564 9563
f 9322 9323 9565 9564
f 9557 9558 9800 9799
f 9558 9559 9801 9800
f 9559 9560 9802 9801
f 9560 9561 9803 9802
f 9561 9562 9804 9803
f 9562 9563 9805 9804
f 9563 9564 9806 9805
f 9564 9565 9807 9806
f 9799 9800 2298 2297
f 9800 9801 2299 2298
f 9801 9802 2300 2299
f 9802 9803 2301 2300
f 9803 9804 2302 2301
f 9804 9805 2303 2302
f 9805 9806 2304 2303
f 9806 9807 2305 2304
f 2305 2306 2548 2547
f 2306 2307 2549 2548
f 2307 2308 2550 2549
f 2308 2309 2551 2550
f 2309 2310 2552 2551
f 2310 2311 2553 2552
f 2311 2312 2554 2553
f 2312 2313 2555 2554
f 2547 2548 2790 2789
f 2548 2549 2791 2790
f 2549 2550 2792 2791
f 2550 2551 2793 2792
f 2551 2552 2794 2793
f 2552 2553 2795 2794
f 2553 2554 2796 2795
f 2554 2555 2797 2796
f 2789 2790 3032 3031
f 2790 2791 3033 3032
f 2791 2792 3034 3033
f 2792 2793 3035 3034
f 2793 2794 3036 3035
f 2794 2795 3037 3036
f 2795 2796 3038 3037
f 2796 2797 3039 3038
f 3031 3032 3274 3273
f 3032 3033 3275 3274
f 3033 3034 3276 3275
f 3034 3035 3277 3276
f 3035 3036 3278 3277
f 3036 3037 3279 3278
f 3037 3038 3280 3279
f 3038 3039 3281 3280
f 3273 3274 3516 3515
f 3274 3275 3517 3516
f 3275 3276 3518 3517
f 3276 3277 3519 3518
f 3277 3278 3520 3519
f 3278 3279 3521 3520
f 3279 3280 3522 3521
f 3280 3281 3523 3522
f 3515 3516 3758 3757
f 3516 3517 3759 3758
f 3517 3518 3760 3759
f 3518 3519 3761 3760
f 3519 3520 3762 3761
f 3520 3521 3763 3762
f 3521 3522 3764 3763
f 3522 3523 3765 3764
f 3757 3758 4000 3999
f 3758 3759 4001 4000
f 3759 3760 4002 4001
f 3760 3761 4003 4002
f 3761 3762 4004 4003
f 3762 3763 4005 4004
f 3763 3764 4006 4005
f 3764 3765 4007 4006
f 3999 4000 4242 4241
f 4000 4001 4243 4242
f 4001 4002 4244 4243
f 4002 4003 4245 4244
f 4003 4004 4246 4245
f 4004 4005 4247 4246
f 4005 4006 4248 4247
f 4006 4007 4249 4248
f 4241 4242 4484 4483
f 4242 4243 4485 4484
f 4243 4244 4486 4485
f 4244 4245 4487 4486
f 4245 4246 4488 4487
f 4246 4247 4489 4488
f 4247 4248 4490 4489
f 4248 4249 4491 4490
f 4483 4484 4726 4725
f 4484 4485 4727 4726
f 4485 4486 4728 4727
f 4486 4487 4729 4728
f 4487 4488 4730 4729
f 4488 4489 4731 4730
f 4489 4490 4732 4731
f 4490 4491 4733 4732
f 4725 4726 4968 4967
f 4726 4727 4969 4968
f 4727 4728 4970 4969
f 4728 4729 4971 4970
f 4729 4730 4972 4971
f 4730 4731 4973 4972
f 4731 4732 4974 4973
f 4732 4733 4975 4974
f 4967 4968 5210 5209
f 4968 4969 5211 5210
f 4969 4970 5212 5211
f 4970 4971 5213 5212
f 4971 4972 5214 5213
f 4972 4973 5215 5214
f 4973 4974 5216 5215
f 4974 4975 5217 5216
f 5209 5210 5452 5451
f 5210 5211 5453 5452
f 5211 5212 5454 5453
f 5212 5213 5455 5454
f 5213 5214 5456 5455
f 5214 5215 5457 5456
f 5215 5216 5458 5457
f 5216 5217 5459 5458
f 5451 5452 5694 5693
f 5452 5453 5695 5694
f 5453 5454 5696 5695
f 5454 5455 5697 5696
f 5455 5456 5698 5697
f 5456 5457 5699 5698
f 5457 5458 5700 5699
f 5458 5459 5701 5700
f 5693 5694 5936 5935
f 5694 5695 5937 5936
f 5695 5696 5938 5937
f 5696 5697 5939 5938
f 5697 5698 5940 5939
f 5698 5699 5941 5940
f 5699 5700 5942 5941
f 5700 5701 5943 5942
f 5935 5936 6178 6177
f 5936 5937 6179 6178
f 5937 5938 6180 6179
f 5938 5939 6181 6180
f 5939 5940 6182 6181
f 5940 5941 6183 6182
f 5941 5942 6184 6183
f 5942 5943 6185 6184
f 6177 6178 6420 6419
f 6178 6179 6421 6420
f 6179 6180 6422 6421
f 6180 6181 6423 6422
f 6181 6182 6424 6423
f 6182 6183 6425 6424
f 6183 6184 6426 6425
f 6184 6185 6427 6426
f 6419 6420 6662 6661
f 6420 6421 6663 6662
f 6421 6422 6664 6663
f 6422 6423 6665 6664
f 6423 6424 6666 6665
f 6424 6425 6667 6666
f 6425 6426 6668 6667
f 6426 6427 6669 6668
f 6661 6662 6904 6903
f 6662 6663 6905 6904
f 6663 6664 6906 6905
f 6664 6665 6907 6906
f 6665 6666 6908 6907
f 6666 6667 6909 6908
f 6667 6668 6910 6909
f 6668 6669 6911 6910
f 6903 6904 7146 7145
f 6904 6905 7147 7146
f 6905 6906 7148 7147
f 6906 6907 7149 7148
f 6907 6908 7150 7149
f 6908 6909 7151 7150
f 6909 6910 7152 7151
f 6910 6911 7153 7152
f 7145 7146 7388 7387
f 7146 7147 7389 7388
f 7147 7148 7390 7389
f 7148 7149 7391 7390
f 7149 7150 7392 7391
f 7150 7151 7393 7392
f 7151 7152 7394 7393
f 7152 7153 7395 7394
f 7387 7388 7630 7629
f 7388 7389 7631 7630
f 7389 7390 7632 7631
f 7390 7391 7633 7632
f 7391 7392 7634 7633
f 7392 7393 7635 7634
f 7393 7394 7636 7635
f 7394 7395 7637 7636
f 7629 7630 7872 7871
f 7630 7631 7873 7872
f 7631 7632 7874 7873
f 7632 7633 7875 7874
f 7633 7634 7876 7875
f 7634 7635 7877 7876
f 7635 7636 7878 7877
f 7636 7637 7879 7878
f 7871 7872 8114 8113
f 7872 7873 8115 8114
f 7873 7874 8116 8115
f 7874 7875 8117 8116
f 7875 7876 8118 8117
f 7876 7877 8119 8118
f 7877 7878 8120 8119
f 7878 7879 8121 8120
f 8113 8114 8356 8355
f 8114 8115 8357 8356
f 8115 8116 8358 8357
f 8116 8117 8359 8358
f 8117 8118 8360 8359
f 8118 8119 8361 8360
f 8119 8120 8362 8361
f 8120 8121 8363 8362
f 8355 8356 8598 8597
f 8356 8357 8599 8598
f 8357 8358 8600 8599
f 8358 8359 8601 8600
f 8359 8360 8602 8601
f 8360 8361 8603 8602
f 8361 8362 8604 8603
f 8362 8363 8605 8604
f 8597 8598 8840 8839
f 8598 8599 8841 8840
f 8599 8600 8842 8841
f 8600 8601 8843 8842
f 8601 8602 8844 8843
f 8602 8603 8845 8844
f 8603 8604 8846 8845
f 8604 8605 8847 8846
f 8839 8840 9082 9081
f 8840 8841 9083 9082
f 8841 8842 9084 9083
f 8842 8843 9085 9084
f 8843 8844 9086 9085
f 8844 8845 9087 9086
f 8845 8846 9088 9087
f 8846 8847 9089 9088
f 9081 9082 9324 9323
f 9082 9083 9325 9324
f 9083 9084 9326 9325
f 9084 9085 9327 9326
f 9085 9086 9328 9327
f 9086 9087 9329 9328
f 9087 9088 9330 9329
f 9088 9089 9331 9330
f 9323 9324 9566 9565
f 9324 9325 9567 9566
f 9325 9326 9568 9567
f 9326 9327 9569 9568
f 9327 9328 9570 9569
f 9328 9329 9571 9570
f 9329 9330 9572 9571
f 9330 9331 9573 9572
f 9565 9566 9808 9807
f 9566 9567 9809 9808
f 9567 9568 9810 9809
f 9568 9569 9811 9810
f 9569 9570 9812 9811
f 9570 9571 9813 9812
f 9571 9572 9814 9813
f 9572 9573 9815 9814
f 9807 9808 2306 2305
f 9808 9809 2307 2306
f 9809 9810 2308 2307
f 9810 9811 2309 2308
f 9811 9812 2310 2309
f 9812 9813 2311 2310
f 9813 9814 2312 2311
f 9814 9815 2313 2312
f 2313 2314 2556 2555
f 2314 2315 2557 2556
f 2315 2316 2558 2557
f 2316 2317 2559 2558
f 2317 2318 2560 2559
f 2318 2319 2561 2560
f 2319 2320 2562 2561
f 2320 2321 2563 2562
f 2555 2556 2798 2797
f 2556 2557 2799 2798
f 2557 2558 2800 2799
f 2558 2559 2801 2800
f 2559 2560 2802 2801
f 2560 2561 2803 2802
f 2561 2562 2804 2803
f 2562 2563 2805 2804
f 2797 2798 3040 3039
f 2798 2799 3041 3040
f 2799 2800 3042 3041
f 2800 2801 3043 3042
f 2801 2802 3044 3043
f 2802 2803 3045 3044
f 2803 2804 3046 3045
f 2804 2805 3047 3046
f 3039 3040 3282 3281
f 3040 3041 3283 3282
f 3041 3042 3284 3283
f 3042 3043 3285 3284
f 3043 3044 3286 3285
f 3044 3045 3287 3286
f 3045 3046 3288 3287
f 3046 3047 3289 3288
f 3281 3282 3524 3523
f 3282 3283 3525 3524
f 3283 3284 3526 3525
f 3284 3285 3527 3526
f 3285 3286 3528 3527
f 3286 3287 3529 3528
f 3287 3288 3530 3529
f 3288 3289 3531 3530
f 3523 3524 3766 3765
f 3524 3525 3767 3766
f 3525 3526 3768 3767
f 3526 3527 3769 3768
f 3527 3528 3770 3769
f 3528 3529 3771 3770
f 3529 3530 3772 3771
f 3530 3531 3773 3772
f 3765 3766 4008 4007
f 3766 3767 4009 4008
f 3767 3768 4010 4009
f 3768 3769 4011 4010
f 3769 3770 4012 4011
f 3770 3771 4013 4012
f 3771 3772 4014 4013
f 3772 3773 4015 4014
f 4007 4008 4250 4249
f 4008 4009 4251 4250
f 4009 4010 4252 4251
f 4010 4011 4253 4252
f 4011 4012 4254 4253
f 4012 4013 4255 4254
f 4013 4014 4256 4255
f 4014 4015 4257 4256
f 4249 4250 4492 4491
f 4250 4251 4493 4492
f 4251 4252 4494 4493
f 4252 4253 4495 4494
f 4253 4254 4496 4495
f 4254 4255 4497 4496
f 4255 4256 4498 4497
f 4256 4257 4499 4498
f 4491 4492 4734 4733
f 4492 4493 4735 4734
f 4493 4494 4736 4735
f 4494 4495 4737 4736
f 4495 4496 4738 4737
f 4496 4497 4739 4738
f 4497 4498 4740 4739
f 4498 4499 4741 4740
f 4733 4734 4976 4975
f 4734 4735 4977 4976
f 4735 4736 4978 4977
f 4736 4737 4979 4978
f 4737 4738 4980 4979
f 4738 4739 4981 4980
f 4739 4740 4982 4981
f 4740 4741 4983 4982
f 4975 4976 5218 5217
f 4976 4977 5219 5218
f 4977 4978 5220 5219
f 4978 4979 5221 5220
f 4979 4980 5222 5221
f 4980 4981 5223 5222
f 4981 4982 5224 5223
f 4982 4983 5225 5224
f 5217 5218 5460 5459
f 5218 5219 5461 5460
f 5219 5220 5462 5461
f 5220 5221 5463 5462
f 5221 5222 5464 5463
f 5222 5223 5465 5464
f 5223 5224 5466 5465
f 5224 5225 5467 5466
f 5459 5460 5702 5701
f 5460 5461 5703 5702
f 5461 5462 5704 5703
f 5462 5463 5705 5704
f 5463 5464 5706 5705
f 5464 5465 5707 5706
f 5465 5466 5708 5707
f 5466 5467 5709 5708
f 5701 5702 5944 5943
f 5702 5703 5945 5944
f 5703 5704 5946 5945
f 5704 5705 5947 5946
f 5705 5706 5948 5947
f 5706 5707 5949 5948
f 5707 5708 5950 5949
f 5708 5709 5951 5950
f 5943 5944 6186 6185
f 5944 5945 6187 6186
f 5945 5946 6188 6187
f 5946 5947 6189 6188
f 5947 5948 6190 6189
f 5948 5949 6191 6190
f 5949 5950 6192 6191
f 5950 5951 6193 6192
f 6185 6186 6428 6427
f 6186 6187 6429 6428
f 6187 6188 6430 6429
f 6188 6189 6431 6430
f 6189 6190 6432 6431
f 6190 6191 6433 6432
f 6191 6192 6434 6433
f 6192 6193 6435 6434
f 6427 6428 6670 6669
f 6428 6429 6671 6670
f 6429 6430 6672 6671
f 6430 6431 6673 6672
f 6431 6432 6674 6673
f 6432 6433 6675 6674
f 6433 6434 6676 6675
f 6434 6435 6677 6676
f 6669 6670 6912 6911
f 6670 6671 6913 6912
f 6671 6672 6914 6913
f 6672 6673 6915 6914
f 6673 6674 6916 6915
f 6674 6675 6917 6916
f 6675 6676 6918 6917
f 6676 6677 6919 6918
f 6911 6912 7154 7153
f 6912 6913 7155 7154
f 6913 6914 7156 7155
f 6914 6915 7157 7156
f 6915 6916 7158 7157
f 6916 6917 7159 7158
f 6917 6918 7160 7159
f 6918 6919 7161 7160
f 7153 7154 7396 7395
f 7154 7155 7397 7396
f 7155 7156 7398 7397
f 7156 7157 7399 7398
f 7157 7158 7400 7399
f 7158 7159 7401 7400
f 7159 7160 7402 7401
f 7160 7161 7403 7402
f 7395 7396 7638 7637
f 7396 7397 7639 7638
f 7397 7398 7640 7639
f 7398 7399 7641 7640
f 7399 7400 7642 7641
f 7400 7401 7643 7642
f 7401 7402 7644 7643
f 7402 7403 7645 7644
f 7637 7638 7880 7879
f 7638 7639 7881 7880
f 7639 7640 7882 7881
f 7640 7641 7883 7882
f 7641 7642 7884 7883
f 7642 7643 7885 7884
f 7643 7644 7886 7885
f 7644 7645 7887 7886
f 7879 7880 8122 8121
f 7880 7881 8123 8122
f 7881 7882 8124 8123
f 7882 7883 8125 8124
f 7883 7884 8126 8125
f 7884 7885 8127 8126
f 7885 7886 8128 8127
f 7886 7887 8129 8128
f 8121 8122 8364 8363
f 8122 8123 8365 8364
f 8123 8124 8366 8365
f 8124 8125 8367 8366
f 8125 8126 8368 8367
f 8126 8127 8369 8368
f 8127 8128 8370 8369
f 8128 8129 8371 8370
f 8363 8364 8606 8605
f 8364 8365 8607 8606
f 8365 8366 8608 8607
f 8366 8367 8609 8608
f 8367 8368 8610 8609
f 8368 8369 8611 8610
f 8369 8370 8612 8611
f 8370 8371 8613 8612
f 8605 8606 8848 8847
f 8606 8607 8849 8848
f 8607 8608 8850 8849
f 8608 8609 8851 8850
f 8609 8610 8852 8851
f 8610 8611 8853 8852
f 8611 8612 8854 8853
f 8612 8613 8855 8854
f 8847 8848 9090 9089
f 8848 8849 9091 9090
f 8849 8850 9092 9091
f 8850 8851 9093 9092
f 8851 8852 9094 9093
f 8852 8853 9095 9094
f 8853 8854 9096 9095
f 8854 8855 9097 9096
f 9089 9090 9332 9331
f 9090 9091 9333 9332
f 9091 9092 9334 9333
f 9092 9093 9335 9334
f 9093 9094 9336 9335
f 9094 9095 9337 9336
f 9095 9096 9338 9337
f 9096 9097 9339 9338
f 9331 9332 9574 9573
f 9332 9333 9575 9574
f 9333 9334 9576 9575
f 9334 9335 9577 9576
f 9335 9336 9578 9577
f 9336 9337 9579 9578
f 9337 9338 9580 9579
f 9338 9339 9581 9580
f 9573 9574 9816 9815
f 9574 9575 9817 9816
f 9575 9576 9818 9817
f 9576 9577 9819 9818
f 9577 9578 9820 9819
f 9578 9579 9821 9820
f 9579 9580 9822 9821
f 9580 9581 9823 9822
f 9815 9816 2314 2313
f 9816 9817 2315 2314
f 9817 9818 2316 2315
f 9818 9819 2317 2316
f 9819 9820 2318 2317
f 9820 9821 2319 2318
f 9821 9822 2320 2319
f 9822 9823 2321 2320
f 2321 2322 2564 2563
f 2322 2323 2565 2564
f 2323 2324 2566 2565
f 2324 2325 2567 2566
f 2325 2326 2568 2567
f 2326 2327 2569 2568
f 2327 2328 2570 2569
f 2328 2329 2571 2570
f 2563 2564 2806 2805
f 2564 2565 2807 2806
f 2565 2566 2808 2807
f 2566 2567 2809 2808
f 2567 2568 2810 2809
f 2568 2569 2811 2810
f 2569 2570 2812 2811
f 2570 2571 2813 2812
f 2805 2806 3048 3047
f 2806 2807 3049 3048
f 2807 2808 3050 3049
f 2808 2809 3051 3050
f 2809 2810 3052 3051
f 2810 2811 3053 3052
f 2811 2812 3054 3053
f 2812 2813 3055 3054
f 3047 3048 3290 3289
f 3048 3049 3291 3290
f 3049 3050 3292 3291
f 3050 3051 3293 3292
f 3051 3052 3294 3293
f 3052 3053 3295 3294
f 3053 3054 3296 3295
f 3054 3055 3297 3296
f 3289 3290 3532 3531
f 3290 3291 3533 3532
f 3291 3292 3534 3533
f 3292 3293 3535 3534
f 3293 3294 3536 3535
f 3294 3295 3537 3536
f 3295 3296 3538 3537
f 3296 3297 3539 3538
f 3531 3532 3774 3773
f 3532 3533 3775 3774
f 3533 3534 3776 3775
f 3534 3535 3777 3776
f 3535 3536 3778 3777
f 3536 3537 3779 3778
f 3537 3538 3780 3779
f 3538 3539 3781 3780
f 3773 3774 4016 4015
f 3774 3775 4017 4016
f 3775 3776 4018 4017
f 3776 3777 4019 4018
f 3777 3778 4020 4019
f 3778 3779 4021 4020
f 3779 3780 4022 4021
f 3780 3781 4023 4022
f 4015 4016 4258 4257
f 4016 4017 4259 4258
f 4017 4018 4260 4259
f 4018 4019 4261 4260
f 4019 4020 4262 4261
f 4020 4021 4263 4262
f 4021 4022 4264 4263
f 4022 4023 4265 4264
f 4257 4258 4500 4499
f 4258 4259 4501 4500
f 4259 4260 4502 4501
f 4260 4261 4503 4502
f 4261 4262 4504 4503
f 4262 4263 4505 4504
f 4263 4264 4506 4505
f 4264 4265 4507 4506
f 4499 4500 4742 4741
f 4500 4501 4743 4742
f 4501 4502 4744 4743
f 4502 4503 4745 4744
f 4503 4504 4746 4745
f 4504 4505 4747 4746
f 4505 4506 4748 4747
f 4506 4507 4749 4748
f 4741 4742 4984 4983
f 4742 4743 4985 4984
f 4743 4744 4986 4985
f 4744 4745 4987 4986
f 4745 4746 4988 4987
f 4746 4747 4989 4988
f 4747 4748 4990 4989
f 4748 4749 4991 4990
f 4983 4984 5226 5225
f 4984 4985 5227 5226
f 4985 4986 5228 5227
f 4986 4987 5229 5228
f 4987 4988 5230 5229
f 4988 4989 5231 5230
f 4989 4990 5232 5231
f 4990 4991 5233 5232
f 5225 5226 5468 5467
f 5226 5227 5469 5468
f 5227 5228 5470 5469
f 5228 5229 5471 5470
f 5229 5230 5472 5471
f 5230 5231 5473 5472
f 5231 5232 5474 5473
f 5232 5233 5475 5474
f 5467 5468 5710 5709
f 5468 5469 5711 5710
f 5469 5470 5712 5711
f 5470 5471 5713 5712
f 5471 5472 5714 5713
f 5472 5473 5715 5714
f 5473 5474 5716 5715
f 5474 5475 5717 5716
f 5709 5710 5952 5951
f 5710 5711 5953 5952
f 5711 5712 5954 5953
f 5712 5713 5955 5954
f 5713 5714 5956 5955
f 5714 5715 5957 5956
f 5715 5716 5958 5957
f 5716 5717 5959 5958
f 5951 5952 6194 6193
f 5952 5953 6195 6194
f 5953 5954 6196 6195
f 5954 5955 6197 6196
f 5955 5956 6198 6197
f 5956 5957 6199 6198
f 5957 5958 6200 6199
f 5958 5959 6201 6200
f 6193 6194 6436 6435
f 6194 6195 6437 6436
f 6195 6196 6438 6437
f 6196 6197 6439 6438
f 6197 6198 6440 6439
f 6198 6199 6441 6440
f 6199 6200 6442 6441
f 6200 6201 6443 6442
f 6435 6436 6678 6677
f 6436 6437 6679 6678
f 6437 6438 6680 6679
f 6438 6439 6681 6680
f 6439 6440 6682 6681
f 6440 6441 6683 6682
f 6441 6442 6684 6683
f 6442 6443 6685 6684
f 6677 6678 6920 6919
f 6678 6679 6921 6920
f 6679 6680 6922 6921
f 6680 6681 6923 6922
f 6681 6682 6924 6923
f 6682 6683 6925 6924
f 6683 6684 6926 6925
f 6684 6685 6927 6926
f 6919 6920 7162 7161
f 6920 6921 7163 7162
f 6921 6922 7164 7163
f 6922 6923 7165 7164
f 6923 6924 7166 7165
f 6924 6925 7167 7166
f 6925 6926 7168 7167
f 6926 6927 7169 7168
f 7161 7162 7404 7403
f 7162 7163 7405 7404
f 7163 7164 7406 7405
f 7164 7165 7407 7406
f 7165 7166 7408 7407
f 7166 7167 7409 7408
f 7167 7168 7410 7409
f 7168 7169 7411 7410
f 7403 7404 7646 7645
f 7404 7405 7647 7646
f 7405 7406 7648 7647
f 7406 7407 7649 7648
f 7407 7408 7650 7649
f 7408 7409 7651 7650
f 7409 7410 7652 7651
f 7410 7411 7653 7652
f 7645 7646 7888 7887
f 7646 7647 7889 7888
f 7647 7648 7890 7889
f 7648 7649 7891 7890
f 7649 7650 7892 7891
f 7650 7651 7893 7892
f 7651 7652 7894 7893
f 7652 7653 7895 7894
f 7887 7888 8130 8129
f 7888 7889 8131 8130
f 7889 7890 8132 8131
f 7890 7891 8133 8132
f 7891 7892 8134 8133
f 7892 7893 8135 8134
f 7893 7894 8136 8135
f 7894 7895 8137 8136
f 8129 8130 8372 8371
f 8130 8131 8373 8372
f 8131 8132 8374 8373
f 8132 8133 8375 8374
f 8133 8134 8376 8375
f 8134 8135 8377 8376
f 8135 8136 8378 8377
f 8136 8137 8379 8378
f 8371 8372 8614 8613
f 8372 8373 8615 8614
f 8373 8374 8616 8615
f 8374 8375 8617 8616
f 8375 8376 8618 8617
f 8376 8377 8619 8618
f 8377 8378 8620 8619
f 8378 8379 8621 8620
f 8613 8614 8856 8855
f 8614 8615 8857 8856
f 8615 8616 8858 8857
f 8616 8617 8859 8858
f 8617 8618 8860 8859
f 8618 8619 8861 8860
f 8619 8620 8862 8861
f 8620 8621 8863 8862
f 8855 8856 9098 9097
f 8856 8857 9099 9098
f 8857 8858 9100 9099
f 8858 8859 9101 9100
f 8859 8860 9102 9101
f 8860 8861 9103 9102
f 8861 8862 9104 9103
f 8862 8863 9105 9104
f 9097 9098 9340 9339
f 9098 9099 9341 9340
f 9099 9100 9342 9341
f 9100 9101 9343 9342
f 9101 9102 9344 9343
f 9102 9103 9345 9344
f 9103 9104 9346 9345
f 9104 9105 9347 9346
f 9339 9340 9582 9581
f 9340 9341 9583 9582
f 9341 9342 9584 9583
f 9342 9343 9585 9584
f 9343 9344 9586 9585
f 9344 9345 9587 9586
f 9345 9346 9588 9587
f 9346 9347 9589 9588
f 9581 9582 9824 9823
f 9582 9583 9825 9824
f 9583 9584 9826 9825
f 9584 9585 9827 9826
f 9585 9586 9828 9827
f 9586 9587 9829 9828
f 9587 9588 9830 9829
f 9588 9589 9831 9830
f 9823 9824 2322 2321
f 9824 9825 2323 2322
f 9825 9826 2324 2323
f 9826 9827 2325 2324
f 9827 9828 2326 2325
f 9828 9829 2327 2326
f 9829 9830 2328 2327
f 9830 9831 2329 2328
f 2329 2330 2572 2571
f 2571 2572 2814 2813
f 2813 2814 3056 3055
f 3055 3056 3298 3297
f 3297 3298 3540 3539
f 3539 3540 3782 3781
f 3781 3782 4024 4023
f 4023 4024 4266 4265
f 4265 4266 4508 4507
f 4507 4508 4750 4749
f 4749 4750 4992 4991
f 4991 4992 5234 5233
f 5233 5234 5476 5475
f 5475 5476 5718 5717
f 5717 5718 5960 5959
f 5959 5960 6202 6201
f 6201 6202 6444 6443
f 6443 6444 6686 6685
f 6685 6686 6928 6927
f 6927 6928 7170 7169
f 7169 7170 7412 7411
f 7411 7412 7654 7653
f 7653 7654 7896 7895
f 7895 7896 8138 8137
f 8137 8138 8380 8379
f 8379 8380 8622 8621
f 8621 8622 8864 8863
f 8863 8864 9106 9105
f 9105 9106 9348 9347
f 9347 9348 9590 9589
f 9589 9590 9832 9831
f 9831 9832 2330 2329
f 2330 2331 2573 2572
f 2572 2573 2815 2814
f 2814 2815 3057 3056
f 3056 3057 3299 3298
f 3298 3299 3541 3540
f 3540 3541 3783 3782
f 3782 3783 4025 4024
f 4024 4025 4267 4266
f 4266 4267 4509 4508
f 4508 4509 4751 4750
f 4750 4751 4993 4992
f 4992 4993 5235 5234
f 5234 5235 5477 5476
f 5476 5477 5719 5718
f 5718 5719 5961 5960
f 5960 5961 6203 6202
f 6202 6203 6445 6444
f 6444 6445 6687 6686
f 6686 6687 6929 6928
f 6928 6929 7171 7170
f 7170 7171 7413 7412
f 7412 7413 7655 7654
f 7654 7655 7897 7896
f 7896 7897 8139 8138
f 8138 8139 8381 8380
f 8380 8381 8623 8622
f 8622 8623 8865 8864
f 8864 8865 9107 9106
f 9106 9107 9349 9348
f 9348 9349 9591 9590
f 9590 9591 9833 9832
f 9832 9833 2331 2330
f 2331 2332 2574 2573
f 2573 2574 2816 2815
f 2815 2816 3058 3057
f 3057 3058 3300 3299
f 3299 3300 3542 3541
f 3541 3542 3784 3783
f 3783 3784 4026 4025
f 4025 4026 4268 4267
f 4267 4268 4510 4509
f 4509 4510 4752 4751
f 4751 4752 4994 4993
f 4993 4994 5236 5235
f 5235 5236 5478 5477
f 5477 5478 5720 5719
f 5719 5720 5962 5961
f 5961 5962 6204 6203
f 6203 6204 6446 6445
f 6445 6446 6688 6687
f 6687 6688 6930 6929
f 6929 6930 7172 7171
f 7171 7172 7414 7413
f 7413 7414 7656 7655
f 7655 7656 7898 7897
f 7897 7898 8140 8139
f 8139 8140 8382 8381
f 8381 8382 8624 8623
f 8623 8624 8866 8865
f 8865 8866 9108 9107
f 9107 9108 9350 9349
f 9349 9350 9592 9591
f 9591 9592 9834 9833
f 9833 9834 2332 2331
f 2332 2333 2575 2574
f 2333 2334 2576 2575
f 2334 2335 2577 2576
f 2335 2336 2578 2577
f 2336 2337 2579 2578
f 2337 2338 2580 2579
f 2338 2339 2581 2580
f 2339 2340 2582 2581
f 2574 2575 2817 2816
f 2575 2576 2818 2817
f 2576 2577 2819 2818
f 2577 2578 2820 2819
f 2578 2579 2821 2820
f 2579 2580 2822 2821
f 2580 2581 2823 2822
f 2581 2582 2824 2823
f 2816 2817 3059 3058
f 2817 2818 3060 3059
f 2818 2819 3061 3060
f 2819 2820 3062 3061
f 2820 2821 3063 3062
f 2821 2822 3064 3063
f 2822 2823 3065 3064
f 2823 2824 3066 3065
f 3058 3059 3301 3300
f 3059 3060 3302 3301
f 3060 3061 3303 3302
f 3061 3062 3304 3303
f 3062 3063 3305 3304
f 3063 3064 3306 3305
f 3064 3065 3307 3306
f 3065 3066 3308 3307
f 3300 3301 3543 3542
f 3301 3302 3544 3543
f 3302 3303 3545 3544
f 3303 3304 3546 3545
f 3304 3305 3547 3546
f 3305 3306 3548 3547
f 3306 3307 3549 3548
f 3307 3308 3550 3549
f 3542 3543 3785 3784
f 3543 3544 3786 3785
f 3544 3545 3787 3786
f 3545 3546 3788 3787
f 3546 3547 3789 3788
f 3547 3548 3790 3789
f 3548 3549 3791 3790
f 3549 3550 3792 3791
f 3784 3785 4027 4026
f 3785 3786 4028 4027
f 3786 3787 4029 4028
f 3787 3788 4030 4029
f 3788 3789 4031 4030
f 3789 3790 4032 4031
f 3790 3791 4033 4032
f 3791 3792 4034 4033
f 4026 4027 4269 4268
f 4027 4028 4270 4269
f 4028 4029 4271 4270
f 4029 4030 4272 4271
f 4030 4031 4273 4272
f 4031 4032 4274 4273
f 4032 4033 4275 4274
f 4033 4034 4276 4275
f 4268 4269 4511 4510
f 4269 4270 4512 4511
f 4270 4271 4513 4512
f 4271 4272 4514 4513
f 4272 4273 4515 4514
f 4273 4274 4516 4515
f 4274 4275 4517 4516
f 4275 4276 4518 4517
f 4510 4511 4753 4752
f 4511 4512 4754 4753
f 4512 4513 4755 4754
f 4513 4514 4756 4755
f 4514 4515 4757 4756
f 4515 4516 4758 4757
f 4516 4517 4759 4758
f 4517 4518 4760 4759
f 4752 4753 4995 4994
f 4753 4754 4996 4995
f 4754 4755 4997 4996
f 4755 4756 4998 4997
f 4756 4757 4999 4998
f 4757 4758 5000 4999
f 4758 4759 5001 5000
f 4759 4760 5002 5001
f 4994 4995 5237 5236
f 4995 4996 5238 5237
f 4996 4997 5239 5238
f 4997 4998 5240 5239
f 4998 4999 5241 5240
f 4999 5000 5242 5241
f 5000 5001 5243 5242
f 5001 5002 5244 5243
f 5236 5237 5479 5478
f 5237 5238 5480 5479
f 5238 5239 5481 5480
f 5239 5240 5482 5481
f 5240 5241 5483 5482
f 5241 5242 5484 5483
f 5242 5243 5485 5484
f 5243 5244 5486 5485
f 5478 5479 5721 5720
f 5479 5480 5722 5721
f 5480 5481 5723 5722
f 5481 5482 5724 5723
f 5482 5483 5725 5724
f 5483 5484 5726 5725
f 5484 5485 5727 5726
f 5485 5486 5728 5727
f 5720 5721 5963 5962
f 5721 5722 5964 5963
f 5722 5723 5965 5964
f 5723 5724 5966 5965
f 5724 5725 5967 5966
f 5725 5726 5968 5967
f 5726 5727 5969 5968
f 5727 5728 5970 5969
f 5962 5963 6205 6204
f 5963 5964 6206 6205
f 5964 5965 6207 6206
f 5965 5966 6208 6207
f 5966 5967 6209 6208
f 5967 5968 6210 6209
f 5968 5969 6211 6210
f 5969 5970 6212 6211
f 6204 6205 6447 6446
f 6205 6206 6448 6447
f 6206 6207 6449 6448
f 6207 6208 6450 6449
f 6208 6209 6451 6450
f 6209 6210 6452 6451
f 6210 6211 6453 6452
f 6211 6212 6454 6453
f 6446 6447 6689 6688
f 6447 6448 6690 6689
f 6448 6449 6691 6690
f 6449 6450 6692 6691
f 6450 6451 6693 6692
f 6451 6452 6694 6693
f 6452 6453 6695 6694
f 6453 6454 6696 6695
f 6688 6689 6931 6930
f 6689 6690 6932 6931
f 6690 6691 6933 6932
f 6691 6692 6934 6933
f 6692 6693 6935 6934
f 6693 6694 6936 6935
f 6694 6695 6937 6936
f 6695 6696 6938 6937
f 6930 6931 7173 7172
f 6931 6932 7174 7173
f 6932 6933 7175 7174
f 6933 6934 7176 7175
f 6934 6935 7177 7176
f 6935 6936 7178 7177
f 6936 6937 7179 7178
f 6937 6938 7180 7179
f 7172 7173 7415 7414
f 7173 7174 7416 7415
f 7174 7175 7417 7416
f 7175 7176 7418 7417
f 7176 7177 7419 7418
f 7177 7178 7420 7419
f 7178 7179 7421 7420
f 7179 7180 7422 7421
f 7414 7415 7657 7656
f 7415 7416 7658 7657
f 7416 7417 7659 7658
f 7417 7418 7660 7659
f 7418 7419 7661 7660
f 7419 7420 7662 7661
f 7420 7421 7663 7662
f 7421 7422 7664 7663
f 7656 7657 7899 7898
f 7657 7658 7900 7899
f 7658 7659 7901 7900
f 7659 7660 7902 7901
f 7660 7661 7903 7902
f 7661 7662 7904 7903
f 7662 7663 7905 7904
f 7663 7664 7906 7905
f 7898 7899 8141 8140
f 7899 7900 8142 8141
f 7900 7901 8143 8142
f 7901 7902 8144 8143
f 7902 7903 8145 8144
f 7903 7904 8146 8145
f 7904 7905 8147 8146
f 7905 7906 8148 8147
f 8140 8141 8383 8382
f 8141 8142 8384 8383
f 8142 8143 8385 8384
f 8143 8144 8386 8385
f 8144 8145 8387 8386
f 8145 8146 8388 8387
f 8146 8147 8389 8388
f 8147 8148 8390 8389
f 8382 8383 8625 8624
f 8383 8384 8626 8625
f 8384 8385 8627 8626
f 8385 8386 8628 8627
f 8386 8387 8629 8628
f 8387 8388 8630 8629
f 8388 8389 8631 8630
f 8389 8390 8632 8631
f 8624 8625 8867 8866
f 8625 8626 8868 8867
f 8626 8627 8869 8868
f 8627 8628 8870 8869
f 8628 8629 8871 8870
f 8629 8630 8872 8871
f 8630 8631 8873 8872
f 8631 8632 8874 8873
f 8866 8867 9109 9108
f 8867 8868 9110 9109
f 8868 8869 9111 9110
f 8869 8870 9112 9111
f 8870 8871 9113 9112
f 8871 8872 9114 9113
f 8872 8873 9115 9114
f 8873 8874 9116 9115
f 9108 9109 9351 9350
f 9109 9110 9352 9351
f 9110 9111 9353 9352
f 9111 9112 9354 9353
f 9112 9113 9355 9354
f 9113 9114 9356 9355
f 9114 9115 9357 9356
f 9115 9116 9358 9357
f 9350 9351 9593 9592
f 9351 9352 9594 9593
f 9352 9353 9595 9594
f 9353 9354 9596 9595
f 9354 9355 9597 9596
f 9355 9356 9598 9597
f 9356 9357 9599 9598
f 9357 9358 9600 9599
f 9592 9593 9835 9834
f 9593 9594 9836 9835
f 9594 9595 9837 9836
f 9595 9596 9838 9837
f 9596 9597 9839 9838
f 9597 9598 9840 9839
f 9598 9599 9841 9840
f 9599 9600 9842 9841
f 9834 9835 2333 2332
f 9835 9836 2334 2333
f 9836 9837 2335 2334
f 9837 9838 2336 2335
f 9838 9839 2337 2336
f 9839 9840 2338 2337
f 9840 9841 2339 2338
f 9841 9842 2340 2339
f 2340 2341 2583 2582
f 2341 2342 2584 2583
f 2342 2343 2585 2584
f 2343 2344 2586 2585
f 2344 2345 2587 2586
f 2345 2346 2588 2587
f 2346 2347 2589 2588
f 2347 2348 2590 2589
f 2582 2583 2825 2824
f 2583 2584 2826 2825
f 2584 2585 2827 2826
f 2585 2586 2828 2827
f 2586 2587 2829 2828
f 2587 2588 2830 2829
f 2588 2589 2831 2830
f 2589 2590 2832 2831
f 2824 2825 3067 3066
f 2825 2826 3068 3067
f 2826 2827 3069 3068
f 2827 2828 3070 3069
f 2828 2829 3071 3070
f 2829 2830 3072 3071
f 2830 2831 3073 3072
f 2831 2832 3074 3073
f 3066 3067 3309 3308
f 3067 3068 3310 3309
f 3068 3069 3311 3310
f 3069 3070 3312 3311
f 3070 3071 3313 3312
f 3071 3072 3314 3313
f 3072 3073 3315 3314
f 3073 3074 3316 3315
f 3308 3309 3551 3550
f 3309 3310 3552 3551
f 3310 3311 3553 3552
f 3311 3312 3554 3553
f 3312 3313 3555 3554
f 3313 3314 3556 3555
f 3314 3315 3557 3556
f 3315 3316 3558 3557
f 3550 3551 3793 3792
f 3551 3552 3794 3793
f 3552 3553 3795 3794
f 3553 3554 3796 3795
f 3554 3555 3797 3796
f 3555 3556 3798 3797
f 3556 3557 3799 3798
f 3557 3558 3800 3799
f 3792 3793 4035 4034
f 3793 3794 4036 4035
f 3794 3795 4037 4036
f 3795 3796 4038 4037
f 3796 3797 4039 4038
f 3797 3798 4040 4039
f 3798 3799 4041 4040
f 3799 3800 4042 4041
f 4034 4035 4277 4276
f 4035 4036 4278 4277
f 4036 4037 4279 4278
f 4037 4038 4280 4279
f 4038 4039 4281 4280
f 4039 4040 4282 4281
f 4040 4041 4283 4282
f 4041 4042 4284 4283
f 4276 4277 4519 4518
f 4277 4278 4520 4519
f 4278 4279 4521 4520
f 4279 4280 4522 4521
f 4280 4281 4523 4522
f 4281 4282 4524 4523
f 4282 4283 4525 4524
f 4283 4284 4526 4525
f 4518 4519 4761 4760
f 4519 4520 4762 4761
f 4520 4521 4763 4762
f 4521 4522 4764 4763
f 4522 4523 4765 4764
f 4523 4524 4766 4765
f 4524 4525 4767 4766
f 4525 4526 4768 4767
f 4760 4761 5003 5002
f 4761 4762 5004 5003
f 4762 4763 5005 5004
f 4763 4764 5006 5005
f 4764 4765 5007 5006
f 4765 4766 5008 5007
f 4766 4767 5009 5008
f 4767 4768 5010 5009
f 5002 5003 5245 5244
f 5003 5004 5246 5245
f 5004 5005 5247 5246
f 5005 5006 5248 5247
f 5006 5007 5249 5248
f 5007 5008 5250 5249
f 5008 5009 5251 5250
f 5009 5010 5252 5251
f 5244 5245 5487 5486
f 5245 5246 5488 5487
f 5246 5247 5489 5488
f 5247 5248 5490 5489
f 5248 5249 5491 5490
f 5249 5250 5492 5491
f 5250 5251 5493 5492
f 5251 5252 5494 5493
f 5486 5487 5729 5728
f 5487 5488 5730 5729
f 5488 5489 5731 5730
f 5489 5490 5732 5731
f 5490 5491 5733 5732
f 5491 5492 5734 5733
f 5492 5493 5735 5734
f 5493 5494 5736 5735
f 5728 5729 5971 5970
f 5729 5730 5972 5971
f 5730 5731 5973 5972
f 5731 5732 5974 5973
f 5732 5733 5975 5974
f 5733 5734 5976 5975
f 5734 5735 5977 5976
f 5735 5736 5978 5977
f 5970 5971 6213 6212
f 5971 5972 6214 6213
f 5972 5973 6215 6214
f 5973 5974 6216 6215
f 5974 5975 6217 6216
f 5975 5976 6218 6217
f 5976 5977 6219 6218
f 5977 5978 6220 6219
f 6212 6213 6455 6454
f 6213 6214 6456 6455
f 6214 6215 6457 6456
f 6215 6216 6458 6457
f 6216 6217 6459 6458
f 6217 6218 6460 6459
f 6218 6219 6461 6460
f 6219 6220 6462 6461
f 6454 6455 6697 6696
f 6455 6456 6698 6697
f 6456 6457 6699 6698
f 6457 6458 6700 6699
f 6458 6459 6701 6700
f 6459 6460 6702 6701
f 6460 6461 6703 6702
f 6461 6462 6704 6703
f 6696 6697 6939 6938
f 6697 6698 6940 6939
f 6698 6699 6941 6940
f 6699 6700 6942 6941
f 6700 6701 6943 6942
f 6701 6702 6944 6943
f 6702 6703 6945 6944
f 6703 6704 6946 6945
f 6938 6939 7181 7180
f 6939 6940 7182 7181
f 6940 6941 7183 7182
f 6941 6942 7184 7183
f 6942 6943 7185 7184
f 6943 6944 7186 7185
f 6944 6945 7187 7186
f 6945 6946 7188 7187
f 7180 7181 7423 7422
f 7181 7182 7424 7423
f 7182 7183 7425 7424
f 7183 7184 7426 7425
f 7184 7185 7427 7426
f 7185 7186 7428 7427
f 7186 7187 7429 7428
f 7187 7188 7430 7429
f 7422 7423 7665 7664
f 7423 7424 7666 7665
f 7424 7425 7667 7666
f 7425 7426 7668 7667
f 7426 7427 7669 7668
f 7427 7428 7670 7669
f 7428 7429 7671 7670
f 7429 7430 7672 7671
f 7664 7665 7907 7906
f 7665 7666 7908 7907
f 7666 7667 7909 7908
f 7667 7668 7910 7909
f 7668 7669 7911 7910
f 7669 7670 7912 7911
f 7670 7671 7913 7912
f 7671 7672 7914 7913
f 7906 7907 8149 8148
f 7907 7908 8150 8149
f 7908 7909 8151 8150
f 7909 7910 8152 8151
f 7910 7911 8153 8152
f 7911 7912 8154 8153
f 7912 7913 8155 8154
f 7913 7914 8156 8155
f 8148 8149 8391 8390
f 8149 8150 8392 8391
f 8150 8151 8393 8392
f 8151 8152 8394 8393
f 8152 8153 8395 8394
f 8153 8154 8396 8395
f 8154 8155 8397 8396
f 8155 8156 8398 8397
f 8390 8391 8633 8632
f 8391 8392 8634 8633
f 8392 8393 8635 8634
f 8393 8394 8636 8635
f 8394 8395 8637 8636
f 8395 8396 8638 8637
f 8396 8397 8639 8638
f 8397 8398 8640 8639
f 8632 8633 8875 8874
f 8633 8634 8876 8875
f 8634 8635 8877 8876
f 8635 8636 8878 8877
f 8636 8637 8879 8878
f 8637 8638 8880 8879
f 8638 8639 8881 8880
f 8639 8640 8882 8881
f 8874 8875 9117 9116
f 8875 8876 9118 9117
f 8876 8877 9119 9118
f 8877 8878 9120 9119
f 8878 8879 9121 9120
f 8879 8880 9122 9121
f 8880 8881 9123 9122
f 8881 8882 9124 9123
f 9116 9117 9359 9358
f 9117 9118 9360 9359
f 9118 9119 9361 9360
f 9119 9120 9362 9361
f 9120 9121 9363 9362
f 9121 9122 9364 9363
f 9122 9123 9365 9364
f 9123 9124 9366 9365
f 9358 9359 9601 9600
f 9359 9360 9602 9601
f 9360 9361 9603 9602
f 9361 9362 9604 9603
f 9362 9363 9605 9604
f 9363 9364 9606 9605
f 9364 9365 9607 9606
f 9365 9366 9608 9607
f 9600 9601 9843 9842
f 9601 9602 9844 9843
f 9602 9603 9845 9844
f 9603 9604 9846 9845
f 9604 9605 9847 9846
f 9605 9606 9848 9847
f 9606 9607 9849 9848
f 9607 9608 9850 9849
f 9842 9843 2341 2340
f 9843 9844 2342 2341
f 9844 9845 2343 2342
f 9845 9846 2344 2343
f 9846 9847 2345 2344
f 9847 9848 2346 2345
f 9848 9849 2347 2346
f 9849 9850 2348 2347
f 2348 2349 2591 2590
f 2349 2350 2592 2591
f 2350 2351 2593 2592
f 2351 2352 2594 2593
f 2352 2353 2595 2594
f 2353 2354 2596 2595
f 2354 2355 2597 2596
f 2355 2356 2598 2597
f 2590 2591 2833 2832
f 2591 2592 2834 2833
f 2592 2593 2835 2834
f 2593 2594 2836 2835
f 2594 2595 2837 2836
f 2595 2596 2838 2837
f 2596 2597 2839 2838
f 2597 2598 2840 2839
f 2832 2833 3075 3074
f 2833 2834 3076 3075
f 2834 2835 3077 3076
f 2835 2836 3078 3077
f 2836 2837 3079 3078
f 2837 2838 3080 3079
f 2838 2839 3081 3080
f 2839 2840 3082 3081
f 3074 3075 3317 3316
f 3075 3076 3318 3317
f 3076 3077 3319 3318
f 3077 3078 3320 3319
f 3078 3079 3321 3320
f 3079 3080 3322 3321
f 3080 3081 3323 3322
f 3081 3082 3324 3323
f 3316 3317 3559 3558
f 3317 3318 3560 3559
f 3318 3319 3561 3560
f 3319 3320 3562 3561
f 3320 3321 3563 3562
f 3321 3322 3564 3563
f 3322 3323 3565 3564
f 3323 3324 3566 3565
f 3558 3559 3801 3800
f 3559 3560 3802 3801
f 3560 3561 3803 3802
f 3561 3562 3804 3803
f 3562 3563 3805 3804
f 3563 3564 3806 3805
f 3564 3565 3807 3806
f 3565 3566 3808 3807
f 3800 3801 4043 4042
f 3801 3802 4044 4043
f 3802 3803 4045 4044
f 3803 3804 4046 4045
f 3804 3805 4047 4046
f 3805 3806 4048 4047
f 3806 3807 4049 4048
f 3807 3808 4050 4049
f 4042 4043 4285 4284
f 4043 4044 4286 4285
f 4044 4045 4287 4286
f 4045 4046 4288 4287
f 4046 4047 4289 4288
f 4047 4048 4290 4289
f 4048 4049 4291 4290
f 4049 4050 4292 4291
f 4284 4285 4527 4526
f 4285 4286 4528 4527
f 4286 4287 4529 4528
f 4287 4288 4530 4529
f 4288 4289 4531 4530
f 4289 4290 4532 4531
f 4290 4291 4533 4532
f 4291 4292 4534 4533
f 4526 4527 4769 4768
f 4527 4528 4770 4769
f 4528 4529 4771 4770
f 4529 4530 4772 4771
f 4530 4531 4773 4772
f 4531 4532 4774 4773
f 4532 4533 4775 4774
f 4533 4534 4776 4775
f 4768 4769 5011 5010
f 4769 4770 5012 5011
f 4770 4771 5013 5012
f 4771 4772 5014 5013
f 4772 4773 5015 5014
f 4773 4774 5016 5015
f 4774 4775 5017 5016
f 4775 4776 5018 5017
f 5010 5011 5253 5252
f 5011 5012 5254 5253
f 5012 5013 5255 5254
f 5013 5014 5256 5255
f 5014 5015 5257 5256
f 5015 5016 5258 5257
f 5016 5017 5259 5258
f 5017 5018 5260 5259
f 5252 5253 5495 5494
f 5253 5254 5496 5495
f 5254 5255 5497 5496
f 5255 5256 5498 5497
f 5256 5257 5499 5498
f 5257 5258 5500 5499
f 5258 5259 5501 5500
f 5259 5260 5502 5501
f 5494 5495 5737 5736
f 5495 5496 5738 5737
f 5496 5497 5739 5738
f 5497 5498 5740 5739
f 5498 5499 5741 5740
f 5499 5500 5742 5741
f 5500 5501 5743 5742
f 5501 5502 5744 5743
f 5736 5737 5979 5978
f 5737 5738 5980 5979
f 5738 5739 5981 5980
f 5739 5740 5982 5981
f 5740 5741 5983 5982
f 5741 5742 5984 5983
f 5742 5743 5985 5984
f 5743 5744 5986 5985
f 5978 5979 6221 6220
f 5979 5980 6222 6221
f 5980 5981 6223 6222
f 5981 5982 6224 6223
f 5982 5983 6225 6224
f 5983 5984 6226 6225
f 5984 5985 6227 6226
f 5985 5986 6228 6227
f 6220 6221 6463 6462
f 6221 6222 6464 6463
f 6222 6223 6465 6464
f 6223 6224 6466 6465
f 6224 6225 6467 6466
f 6225 6226 6468 6467
f 6226 6227 6469 6468
f 6227 6228 6470 6469
f 6462 6463 6705 6704
f 6463 6464 6706 6705
f 6464 6465 6707 6706
f 6465 6466 6708 6707
f 6466 6467 6709 6708
f 6467 6468 6710 6709
f 6468 6469 6711 6710
f 6469 6470 6712 6711
f 6704 6705 6947 6946
f 6705 6706 6948 6947
f 6706 6707 6949 6948
f 6707 6708 6950 6949
f 6708 6709 6951 6950
f 6709 6710 6952 6951
f 6710 6711 6953 6952
f 6711 6712 6954 6953
f 6946 6947 7189 7188
f 6947 6948 7190 7189
f 6948 6949 7191 7190
f 6949 6950 7192 7191
f 6950 6951 7193 7192
f 6951 6952 7194 7193
f 6952 6953 7195 7194
f 6953 6954 7196 7195
f 7188 7189 7431 7430
f 7189 7190 7432 7431
f 7190 7191 7433 7432
f 7191 7192 7434 7433
f 7192 7193 7435 7434
f 7193 7194 7436 7435
f 7194 7195 7437 7436
f 7195 7196 7438 7437
f 7430 7431 7673 7672
f 7431 7432 7674 7673
f 7432 7433 7675 7674
f 7433 7434 7676 7675
f 7434 7435 7677 7676
f 7435 7436 7678 7677
f 7436 7437 7679 7678
f 7437 7438 7680 7679
f 7672 7673 7915 7914
f 7673 7674 7916 7915
f 7674 7675 7917 7916
f 7675 7676 7918 7917
f 7676 7677 7919 7918
f 7677 7678 7920 7919
f 7678 7679 7921 7920
f 7679 7680 7922 7921
f 7914 7915 8157 8156
f 7915 7916 8158 8157
f 7916 7917 8159 8158
f 7917 7918 8160 8159
f 7918 7919 8161 8160
f 7919 7920 8162 8161
f 7920 7921 8163 8162
f 7921 7922 8164 8163
f 8156 8157 8399 8398
f 8157 8158 8400 8399
f 8158 8159 8401 8400
f 8159 8160 8402 8401
f 8160 8161 8403 8402
f 8161 8162 8404 8403
f 8162 8163 8405 8404
f 8163 8164 8406 8405
f 8398 8399 8641 8640
f 8399 8400 8642 8641
f 8400 8401 8643 8642
f 8401 8402 8644 8643
f 8402 8403 8645 8644
f 8403 8404 8646 8645
f 8404 8405 8647 8646
f 8405 8406 8648 8647
f 8640 8641 8883 8882
f 8641 8642 8884 8883
f 8642 8643 8885 8884
f 8643 8644 8886 8885
f 8644 8645 8887 8886
f 8645 8646 8888 8887
f 8646 8647 8889 8888
f 8647 8648 8890 8889
f 8882 8883 9125 9124
f 8883 8884 9126 9125
f 8884 8885 9127 9126
f 8885 8886 9128 9127
f 8886 8887 9129 9128
f 8887 8888 9130 9129
f 8888 8889 9131 9130
f 8889 8890 9132 9131
f 9124 9125 9367 9366
f 9125 9126 9368 9367
f 9126 9127 9369 9368
f 9127 9128 9370 9369
f 9128 9129 9371 9370
f 9129 9130 9372 9371
f 9130 9131 9373 9372
f 9131 9132 9374 9373
f 9366 9367 9609 9608
f 9367 9368 9610 9609
f 9368 9369 9611 9610
f 9369 9370 9612 9611
f 9370 9371 9613 9612
f 9371 9372 9614 9613
f 9372 9373 9615 9614
f 9373 9374 9616 9615
f 9608 9609 9851 9850
f 9609 9610 9852 9851
f 9610 9611 9853 9852
f 9611 9612 9854 9853
f 9612 9613 9855 9854
f 9613 9614 9856 9855
f 9614 9615 9857 9856
f 9615 9616 9858 9857
f 9850 9851 2349 2348
f 9851 9852 2350 2349
f 9852 9853 2351 2350
f 9853 9854 2352 2351
f 9854 9855 2353 2352
f 9855 9856 2354 2353
f 9856 9857 2355 2354
f 9857 9858 2356 2355
f 2356 2357 2599 2598
f 2357 2358 2600 2599
f 2358 2359 2601 2600
f 2359 2360 2602 2601
f 2360 2361 2603 2602
f 2361 2362 2604 2603
f 2362 2363 2605 2604
f 2363 2364 2606 2605
f 2598 2599 2841 2840
f 2599 2600 2842 2841
f 2600 2601 2843 2842
f 2601 2602 2844 2843
f 2602 2603 2845 2844
f 2603 2604 2846 2845
f 2604 2605 2847 2846
f 2605 2606 2848 2847
f 2840 2841 3083 3082
f 2841 2842 3084 3083
f 2842 2843 3085 3084
f 2843 2844 3086 3085
f 2844 2845 3087 3086
f 2845 2846 3088 3087
f 2846 2847 3089 3088
f 2847 2848 3090 3089
f 3082 3083 3325 3324
f 3083 3084 3326 3325
f 3084 3085 3327 3326
f 3085 3086 3328 3327
f 3086 3087 3329 3328
f 3087 3088 3330 3329
f 3088 3089 3331 3330
f 3089 3090 3332 3331
f 3324 3325 3567 3566
f 3325 3326 3568 3567
f 3326 3327 3569 3568
f 3327 3328 3570 3569
f 3328 3329 3571 3570
f 3329 3330 3572 3571
f 3330 3331 3573 3572
f 3331 3332 3574 3573
f 3566 3567 3809 3808
f 3567 3568 3810 3809
f 3568 3569 3811 3810
f 3569 3570 3812 3811
f 3570 3571 3813 3812
f 3571 3572 3814 3813
f 3572 3573 3815 3814
f 3573 3574 3816 3815
f 3808 3809 4051 4050
f 3809 3810 4052 4051
f 3810 3811 4053 4052
f 3811 3812 4054 4053
f 3812 3813 4055 4054
f 3813 3814 4056 4055
f 3814 3815 4057 4056
f 3815 3816 4058 4057
f 4050 4051 4293 4292
f 4051 4052 4294 4293
f 4052 4053 4295 4294
f 4053 4054 4296 4295
f 4054 4055 4297 4296
f 4055 4056 4298 4297
f 4056 4057 4299 4298
f 4057 4058 4300 4299
f 4292 4293 4535 4534
f 4293 4294 4536 4535
f 4294 4295 4537 4536
f 4295 4296 4538 4537
f 4296 4297 4539 4538
f 4297 4298 4540 4539
f 4298 4299 4541 4540
f 4299 4300 4542 4541
f 4534 4535 4777 4776
f 4535 4536 4778 4777
f 4536 4537 4779 4778
f 4537 4538 4780 4779
f 4538 4539 4781 4780
f 4539 4540 4782 4781
f 4540 4541 4783 4782
f 4541 4542 4784 4783
f 4776 4777 5019 5018
f 4777 4778 5020 5019
f 4778 4779 5021 5020
f 4779 4780 5022 5021
f 4780 4781 5023 5022
f 4781 4782 5024 5023
f 4782 4783 5025 5024
f 4783 4784 5026 5025
f 5018 5019 5261 5260
f 5019 5020 5262 5261
f 5020 5021 5263 5262
f 5021 5022 5264 5263
f 5022 5023 5265 5264
f 5023 5024 5266 5265
f 5024 5025 5267 5266
f 5025 5026 5268 5267
f 5260 5261 5503 5502
f 5261 5262 5504 5503
f 5262 5263 5505 5504
f 5263 5264 5506 5505
f 5264 5265 5507 5506
f 5265 5266 5508 5507
f 5266 5267 5509 5508
f 5267 5268 5510 5509
f 5502 5503 5745 5744
f 5503 5504 5746 5745
f 5504 5505 5747 5746
f 5505 5506 5748 5747
f 5506 5507 5749 5748
f 5507 5508 5750 5749
f 5508 5509 5751 5750
f 5509 5510 5752 5751
f 5744 5745 5987 5986
f 5745 5746 5988 5987
f 5746 5747 5989 5988
f 5747 5748 5990 5989
f 5748 5749 5991 5990
f 5749 5750 5992 5991
f 5750 5751 5993 5992
f 5751 5752 5994 5993
f 5986 5987 6229 6228
f 5987 5988 6230 6229
f 5988 5989 6231 6230
f 5989 5990 6232 6231
f 5990 5991 6233 6232
f 5991 5992 6234 6233
f 5992 5993 6235 6234
f 5993 5994 6236 6235
f 6228 6229 6471 6470
f 6229 6230 6472 6471
f 6230 6231 6473 6472
f 6231 6232 6474 6473
f 6232 6233 6475 6474
f 6233 6234 6476 6475
f 6234 6235 6477 6476
f 6235 6236 6478 6477
f 6470 6471 6713 6712
f 6471 6472 6714 6713
f 6472 6473 6715 6714
f 6473 6474 6716 6715
f 6474 6475 6717 6716
f 6475 6476 6718 6717
f 6476 6477 6719 6718
f 6477 6478 6720 6719
f 6712 6713 6955 6954
f 6713 6714 6956 6955
f 6714 6715 6957 6956
f 6715 6716 6958 6957
f 6716 6717 6959 6958
f 6717 6718 6960 6959
f 6718 6719 6961 6960
f 6719 6720 6962 6961
f 6954 6955 7197 7196
f 6955 6956 7198 7197
f 6956 6957 7199 7198
f 6957 6958 7200 7199
f 6958 6959 7201 7200
f 6959 6960 7202 7201
f 6960 6961 7203 7202
f 6961 6962 7204 7203
f 7196 7197 7439 7438
f 7197 7198 7440 7439
f 7198 7199 7441 7440
f 7199 7200 7442 7441
f 7200 7201 7443 7442
f 7201 7202 7444 7443
f 7202 7203 7445 7444
f 7203 7204 7446 7445
f 7438 7439 7681 7680
f 7439 7440 7682 7681
f 7440 7441 7683 7682
f 7441 7442 7684 7683
f 7442 7443 7685 7684
f 7443 7444 7686 7685
f 7444 7445 7687 7686
f 7445 7446 7688 7687
f 7680 7681 7923 7922
f 7681 7682 7924 7923
f 7682 7683 7925 7924
f 7683 7684 7926 7925
f 7684 7685 7927 7926
f 7685 7686 7928 7927
f 7686 7687 7929 7928
f 7687 7688 7930 7929
f 7922 7923 8165 8164
f 7923 7924 8166 8165
f 7924 7925 8167 8166
f 7925 7926 8168 8167
f 7926 7927 8169 8168
f 7927 7928 8170 8169
f 7928 7929 8171 8170
f 7929 7930 8172 8171
f 8164 8165 8407 8406
f 8165 8166 8408 8407
f 8166 8167 8409 8408
f 8167 8168 8410 8409
f 8168 8169 8411 8410
f 8169 8170 8412 8411
f 8170 8171 8413 8412
f 8171 8172 8414 8413
f 8406 8407 8649 8648
f 8407 8408 8650 8649
f 8408 8409 8651 8650
f 8409 8410 8652 8651
f 8410 8411 8653 8652
f 8411 8412 8654 8653
f 8412 8413 8655 8654
f 8413 8414 8656 8655
f 8648 8649 8891 8890
f 8649 8650 8892 8891
f 8650 8651 8893 8892
f 8651 8652 8894 8893
f 8652 8653 8895 8894
f 8653 8654 8896 8895
f 8654 8655 8897 8896
f 8655 8656 8898 8897
f 8890 8891 9133 9132
f 8891 8892 9134 9133
f 8892 8893 9135 9134
f 8893 8894 9136 9135
f 8894 8895 9137 9136
f 8895 8896 9138 9137
f 8896 8897 9139 9138
f 8897 8898 9140 9139
f 9132 9133 9375 9374
f 9133 9134 9376 9375
f 9134 9135 9377 9376
f 9135 9136 9378 9377
f 9136 9137 9379 9378
f 9137 9138 9380 9379
f 9138 9139 9381 9380
f 9139 9140 9382 9381
f 9374 9375 9617 9616
f 9375 9376 9618 9617
f 9376 9377 9619 9618
f 9377 9378 9620 9619
f 9378 9379 9621 9620
f 9379 9380 9622 9621
f 9380 9381 9623 9622
f 9381 9382 9624 9623
f 9616 9617 9859 9858
f 9617 9618 9860 9859
f 9618 9619 9861 9860
f 9619 9620 9862 9861
f 9620 9621 9863 9862
f 9621 9622 9864 9863
f 9622 9623 9865 9864
f 9623 9624 9866 9865
f 9858 9859 2357 2356
f 9859 9860 2358 2357
f 9860 9861 2359 2358
f 9861 9862 2360 2359
f 9862 9863 2361 2360
f 9863 9864 2362 2361
f 9864 9865 2363 2362
f 9865 9866 2364 2363
f 2364 2365 2607 2606
f 2365 2366 2608 2607
f 2366 2367 2609 2608
f 2367 2368 2610 2609
f 2368 2369 2611 2610
f 2369 2370 2612 2611
f 2370 2371 2613 2612
f 2371 2372 2614 2613
f 2606 2607 2849 2848
f 2607 2608 2850 2849
f 2608 2609 2851 2850
f 2609 2610 2852 2851
f 2610 2611 2853 2852
f 2611 2612 2854 2853
f 2612 2613 2855 2854
f 2613 2614 2856 2855
f 2848 2849 3091 3090
f 2849 2850 3092 3091
f 2850 2851 3093 3092
f 2851 2852 3094 3093
f 2852 2853 3095 3094
f 2853 2854 3096 3095
f 2854 2855 3097 3096
f 2855 2856 3098 3097
f 3090 3091 3333 3332
f 3091 3092 3334 3333
f 3092 3093 3335 3334
f 3093 3094 3336 3335
f 3094 3095 3337 3336
f 3095 3096 3338 3337
f 3096 3097 3339 3338
f 3097 3098 3340 3339
f 3332 3333 3575 3574
f 3333 3334 3576 3575
f 3334 3335 3577 3576
f 3335 3336 3578 3577
f 3336 3337 3579 3578
f 3337 3338 3580 3579
f 3338 3339 3581 3580
f 3339 3340 3582 3581
f 3574 3575 3817 3816
f 3575 3576 3818 3817
f 3576 3577 3819 3818
f 3577 3578 3820 3819
f 3578 3579 3821 3820
f 3579 3580 3822 3821
f 3580 3581 3823 3822
f 3581 3582 3824 3823
f 3816 3817 4059 4058
f 3817 3818 4060 4059
f 3818 3819 4061 4060
f 3819 3820 4062 4061
f 3820 3821 4063 4062
f 3821 3822 4064 4063
f 3822 3823 4065 4064
f 3823 3824 4066 4065
f 4058 4059 4301 4300
f 4059 4060 4302 4301
f 4060 4061 4303 4302
f 4061 4062 4304 4303
f 4062 4063 4305 4304
f 4063 4064 4306 4305
f 4064 4065 4307 4306
f 4065 4066 4308 4307
f 4300 4301 4543 4542
f 4301 4302 4544 4543
f 4302 4303 4545 4544
f 4303 4304 4546 4545
f 4304 4305 4547 4546
f 4305 4306 4548 4547
f 4306 4307 4549 4548
f 4307 4308 4550 4549
f 4542 4543 4785 4784
f 4543 4544 4786 4785
f 4544 4545 4787 4786
f 4545 4546 4788 4787
f 4546 4547 4789 4788
f 4547 4548 4790 4789
f 4548 4549 4791 4790
f 4549 4550 4792 4791
f 4784 4785 5027 5026
f 4785 4786 5028 5027
f 4786 4787 5029 5028
f 4787 4788 5030 5029
f 4788 4789 5031 5030
f 4789 4790 5032 5031
f 4790 4791 5033 5032
f 4791 4792 5034 5033
f 5026 5027 5269 5268
f 5027 5028 5270 5269
f 5028 5029 5271 5270
f 5029 5030 5272 5271
f 5030 5031 5273 5272
f 5031 5032 5274 5273
f 5032 5033 5275 5274
f 5033 5034 5276 5275
f 5268 5269 5511 5510
f 5269 5270 5512 5511
f 5270 5271 5513 5512
f 5271 5272 5514 5513
f 5272 5273 5515 5514
f 5273 5274 5516 5515
f 5274 5275 5517 5516
f 5275 5276 5518 5517
f 5510 5511 5753 5752
f 5511 5512 5754 5753
f 5512 5513 5755 5754
f 5513 5514 5756 5755
f 5514 5515 5757 5756
f 5515 5516 5758 5757
f 5516 5517 5759 5758
f 5517 5518 5760 5759
f 5752 5753 5995 5994
f 5753 5754 5996 5995
f 5754 5755 5997 5996
f 5755 5756 5998 5997
f 5756 5757 5999 5998
f 5757 5758 6000 5999
f 5758 5759 6001 6000
f 5759 5760 6002 6001
f 5994 5995 6237 6236
f 5995 5996 6238 6237
f 5996 5997 6239 6238
f 5997 5998 6240 6239
f 5998 5999 6241 6240
f 5999 6000 6242 6241
f 6000 6001 6243 6242
f 6001 6002 6244 6243
f 6236 6237 6479 6478
f 6237 6238 6480 6479
f 6238 6239 6481 6480
f 6239 6240 6482 6481
f 6240 6241 6483 6482
f 6241 6242 6484 6483
f 6242 6243 6485 6484
f 6243 6244 6486 6485
f 6478 6479 6721 6720
f 6479 6480 6722 6721
f 6480 6481 6723 6722
f 6481 6482 6724 6723
f 6482 6483 6725 6724
f 6483 6484 6726 6725
f 6484 6485 6727 6726
f 6485 6486 6728 6727
f 6720 6721 6963 6962
f 6721 6722 6964 6963
f 6722 6723 6965 6964
f 6723 6724 6966 6965
f 6724 6725 6967 6966
f 6725 6726 6968 6967
f 6726 6727 6969 6968
f 6727 6728 6970 6969
f 6962 6963 7205 7204
f 6963 6964 7206 7205
f 6964 6965 7207 7206
f 6965 6966 7208 7207
f 6966 6967 7209 7208
f 6967 6968 7210 7209
f 6968 6969 7211 7210
f 6969 6970 7212 7211
f 7204 7205 7447 7446
f 7205 7206 7448 7447
f 7206 7207 7449 7448
f 7207 7208 7450 7449
f 7208 7209 7451 7450
f 7209 7210 7452 7451
f 7210 7211 7453 7452
f 7211 7212 7454 7453
f 7446 7447 7689 7688
f 7447 7448 7690 7689
f 7448 7449 7691 7690
f 7449 7450 7692 7691
f 7450 7451 7693 7692
f 7451 7452 7694 7693
f 7452 7453 7695 7694
f 7453 7454 7696 7695
f 7688 7689 7931 7930
f 7689 7690 7932 7931
f 7690 7691 7933 7932
f 7691 7692 7934 7933
f 7692 7693 7935 7934
f 7693 7694 7936 7935
f 7694 7695 7937 7936
f 7695 7696 7938 7937
f 7930 7931 8173 8172
f 7931 7932 8174 8173
f 7932 7933 8175 8174
f 7933 7934 8176 8175
f 7934 7935 8177 8176
f 7935 7936 8178 8177
f 7936 7937 8179 8178
f 7937 7938 8180 8179
f 8172 8173 8415 8414
f 8173 8174 8416 8415
f 8174 8175 8417 8416
f 8175 8176 8418 8417
f 8176 8177 8419 8418
f 8177 8178 8420 8419
f 8178 8179 8421 8420
f 8179 8180 8422 8421
f 8414 8415 8657 8656
f 8415 8416 8658 8657
f 8416 8417 8659 8658
f 8417 8418 8660 8659
f 8418 8419 8661 8660
f 8419 8420 8662 8661
f 8420 8421 8663 8662
f 8421 8422 8664 8663
f 8656 8657 8899 8898
f 8657 8658 8900 8899
f 8658 8659 8901 8900
f 8659 8660 8902 8901
f 8660 8661 8903 8902
f 8661 8662 8904 8903
f 8662 8663 8905 8904
f 8663 8664 8906 8905
f 8898 8899 9141 9140
f 8899 8900 9142 9141
f 8900 8901 9143 9142
f 8901 8902 9144 9143
f 8902 8903 9145 9144
f 8903 8904 9146 9145
f 8904 8905 9147 9146
f 8905 8906 9148 9147
f 9140 9141 9383 9382
f 9141 9142 9384 9383
f 9142 9143 9385 9384
f 9143 9144 9386 9385
f 9144 9145 9387 9386
f 9145 9146 9388 9387
f 9146 9147 9389 9388
f 9147 9148 9390 9389
f 9382 9383 9625 9624
f 9383 9384 9626 9625
f 9384 9385 9627 9626
f 9385 9386 9628 9627
f 9386 9387 9629 9628
f 9387 9388 9630 9629
f 9388 9389 9631 9630
f 9389 9390 9632 9631
f 9624 9625 9867 9866
f 9625 9626 9868 9867
f 9626 9627 9869 9868
f 9627 9628 9870 9869
f 9628 9629 9871 9870
f 9629 9630 9872 9871
f 9630 9631 9873 9872
f 9631 9632 9874 9873
f 9866 9867 2365 2364
f 9867 9868 2366 2365
f 9868 9869 2367 2366
f 9869 9870 2368 2367
f 9870 9871 2369 2368
f 9871 9872 2370 2369
f 9872 9873 2371 2370
f 9873 9874 2372 2371
# 7744 faces

g base hx
s 1
f 9875 9876 9890 9889
f 9876 9877 9891 9890
f 9889 9890 9904 9903
f 9890 9891 9905 9904
f 9903 9904 9918 9917
f 9904 9905 9919 9918
f 9917 9918 9932 9931
f 9918 9919 9933 9932
f 9931 9932 9946 9945
f 9932 9933 9947 9946
f 9945 9946 9960 9959
f 9946 9947 9961 9960
f 9959 9960 9974 9973
f 9960 9961 9975 9974
f 9973 9974 9876 9875
f 9974 9975 9877 9876
f 9877 9878 9892 9891
f 9878 9879 9893 9892
f 9891 9892 9906 9905
f 9892 9893 9907 9906
f 9905 9906 9920 9919
f 9906 9907 9921 9920
f 9919 9920 9934 9933
f 9920 9921 9935 9934
f 9933 9934 9948 9947
f 9934 9935 9949 9948
f 9947 9948 9962 9961
f 9948 9949 9963 9962
f 9961 9962 9976 9975
f 9962 9963 9977 9976
f 9975 9976 9878 9877
f 9976 9977 9879 9878
f 9879 9880 9894 9893
f 9880 9881 9895 9894
f 9893 9894 9908 9907
f 9894 9895 9909 9908
f 9907 9908 9922 9921
f 9908 9909 9923 9922
f 9921 9922 9936 9935
f 9922 9923 9937 9936
f 9935 9936 9950 9949
f 9936 9937 9951 9950
f 9949 9950 9964 9963
f 9950 9951 9965 9964
f 9963 9964 9978 9977
f 9964 9965 9979 9978
f 9977 9978 9880 9879
f 9978 9979 9881 9880
f 9881 9882 9896 9895
f 9882 9883 9897 9896
f 9895 9896 9910 9909
f 9896 9897 9911 9910
f 9909 9910 9924 9923
f 9910 9911 9925 9924
f 9923 9924 9938 9937
f 9924 9925 9939 9938
f 9937 9938 9952 9951
f 9938 9939 9953 9952
f 9951 9952 9966 9965
f 9952 9953 9967 9966
f 9965 9966 9980 9979
f 9966 9967 9981 9980
f 9979 9980 9882 9881
f 9980 9981 9883 9882
f 9883 9884 9898 9897
f 9897 9898 9912 9911
f 9911 9912 9926 9925
f 9925 9926 9940 9939
f 9939 9940 9954 9953
f 9953 9954 9968 9967
f 9967 9968 9982 9981
f 9981 9982 9884 9883
f 9884 9885 9899 9898
f 9885 9886 9900 9899
f 9898 9899 9913 9912
f 9899 9900 9914 9913
f 9912 9913 9927 9926
f 9913 9914 9928 9927
f 9926 9927 9941 9940
f 9927 9928 9942 9941
f 9940 9941 9955 9954
f 9941 9942 9956 9955
f 9954 9955 9969 9968
f 9955 9956 9970 9969
f 9968 9969 9983 9982
f 9969 9970 9984 9983
f 9982 9983 9885 9884
f 9983 9984 9886 9885
f 9886 9887 9901 9900
f 9887 9888 9902 9901
f 9900 9901 9915 9914
f 9901 9902 9916 9915
f 9914 9915 9929 9928
f 9915 9916 9930 9929
f 9928 9929 9943 9942
f 9929 9930 9944 9943
f 9942 9943 9957 9956
f 9943 9944 9958 9957
f 9956 9957 9971 9970
f 9957 9958 9972 9971
f 9970 9971 9985 9984
f 9971 9972 9986 9985
f 9984 9985 9887 9886
f 9985 9986 9888 9887
# 104 faces

g base sq
s 1
f 9987 9988 9992 9991
f 9988 9989 9993 9992
f 9989 9990 9994 9993
f 9990 9987 9991 9994
f 9991 9992 9996 9995
f 9992 9993 9997 9996
f 9993 9994 9998 9997
f 9994 9991 9995 9998
f 9995 9996 10000 9999
f 9996 9997 10001 10000
f 9997 9998 10002 10001
f 9998 9995 9999 10002
f 9999 10000 10004 10003
f 10000 10001 10005 10004
f 10001 10002 10006 10005
f 10002 9999 10003 10006
f 9990 9989 9988 9987
# 17 faces

